id,age,gender,region,income_level,education_level,daily_role,device_hours_per_day,phone_unlocks,notifications_per_day,social_media_mins,study_mins,physical_activity_days,sleep_hours,sleep_quality,anxiety_score,depression_score,stress_level,happiness_score,focus_score,high_risk_flag,device_type,productivity_score,digital_dependence_score,gender_encoded,region_encoded,income_level_encoded,education_level_encoded,daily_role_encoded,device_type_encoded
1,40,Female,Asia,High,High School,Part-time/Shift,3.54,45,561,98,34,7.0,9.12379996856656,3.353627229065094,9.926651431001652,5.0,6.593288791385255,8.0,23.0,0,Android,70.0,25.7,0,1,0,1,2,0
2,27,Male,Africa,Lower-Mid,Master,Full-time Employee,5.65,100,393,174,102,2.0,8.83751689466956,2.90814688427508,4.0,4.0,4.126925580981799,8.1,35.0,0,Laptop,64.0,30.1,1,0,2,2,1,1
3,31,Male,North America,Lower-Mid,Bachelor,Full-time Employee,8.87,181,231,401,140,1.0,6.486743490405938,2.8892134520710853,4.0,8.0,1.4291394113837326,7.6,15.0,0,Android,65.29930112427833,40.6,1,4,2,0,1,0
4,41,Female,Middle East,Low,Master,Caregiver/Home,4.05,94,268,18,121,4.0,7.600503916041014,3.097488132489784,7.093357303296108,9.0,4.995511514530647,7.8,28.0,1,Tablet,80.0,36.68415185296776,0,3,1,2,0,2
5,26,Female,Europe,Lower-Mid,Bachelor,Full-time Employee,13.07,199,91,147,60,1.0,5.197962143808271,2.786098466055896,7.028125485306799,15.0,9.448757290004147,4.2,70.0,1,Android,65.29930112427833,48.4,0,2,2,0,1,0
6,37,Female,Middle East,Upper-Mid,Bachelor,Caregiver/Home,4.59,73,198,9,85,0.0,10.707978422705029,2.797043847701924,7.954749715454075,4.0,1.3170610240985463,10.0,64.0,0,Android,63.0,21.2,0,3,3,0,0,0
7,18,Female,Europe,Lower-Mid,High School,Unemployed_Looking,4.95,119,553,61,188,4.0,8.422325191079652,3.06511831938304,7.510411738119959,1.0,9.923969314465092,7.7,15.0,0,iPhone,81.0,32.8,0,2,2,1,4,3
8,33,Female,Europe,Upper-Mid,Master,Full-time Employee,6.55,82,184,48,155,3.0,6.295213014211736,2.9523063893081094,4.64684906066567,8.0,1.0,8.6,70.0,0,Tablet,73.0,25.7,0,2,3,2,1,2
9,43,Female,South America,Lower-Mid,PhD,Full-time Employee,8.05,155,309,16,116,4.0,9.698407146278884,3.065844303103937,7.6150050676287,18.0,2.8660012980489773,8.3,53.0,0,Android,60.0,39.9,0,5,2,3,1,0
10,41,Female,Asia,Low,High School,Full-time Employee,2.33,38,110,249,155,5.0,9.72271969916111,3.187426003154164,5.586164212581286,0.0,1.976406835980132,9.2,73.0,0,iPhone,70.0,10.8,0,1,1,1,1,3
11,47,Female,South America,Lower-Mid,High School,Caregiver/Home,7.89,129,212,31,37,4.0,6.864379263972305,3.074677273050004,6.79732346476202,12.0,8.889003899028802,4.1,59.0,0,iPhone,60.0,35.2,0,5,2,1,0,3
12,13,Female,Asia,Low,High School,Student,4.59,139,474,39,78,7.0,7.316848708334774,3.382698590755737,5.0,2.0,8.764770571840668,2.1,27.0,0,Tablet,60.0,31.8,0,1,1,1,3,2
13,26,Male,Africa,Lower-Mid,Master,Full-time Employee,8.55,110,424,82,0,4.0,5.917848475661263,3.106251546232834,4.0,9.0,6.831297661361751,8.8,27.0,0,Laptop,67.0,38.4,1,0,2,2,1,1
14,21,Female,Europe,Low,Bachelor,Student,3.99,72,211,178,102,4.0,6.04910572914114,3.078083020008001,6.234905492105462,0.0,2.846489119490281,9.9,51.0,0,Laptop,46.0,19.1,0,2,1,0,3,1
15,24,Female,Africa,Lower-Mid,Master,Full-time Employee,8.91,92,185,161,201,1.0,5.779037569790717,2.7609676834105605,7.206864455166425,9.0,1.223006718921302,8.7,55.0,0,Android,48.0,32.0,0,0,2,2,1,0
16,24,Female,Africa,Low,Bachelor,Full-time Employee,9.74,180,820,240,88,7.0,5.203141620196599,3.2825923234276613,8.207674576076311,17.0,6.606128074094776,6.418568102444702,0.0,0,Android,59.0,66.9,0,0,1,0,1,0
17,24,Female,Africa,Upper-Mid,Bachelor,Student,5.0,114,155,19,102,3.0,9.617037249632707,2.9756235817286774,5.589573037167772,6.0,1.0,9.6,56.0,0,Tablet,55.0,23.7,0,0,3,0,3,2
18,25,Male,North America,Lower-Mid,Master,Full-time Employee,5.29,119,226,125,96,2.0,6.267765346495462,2.926987306205264,5.0,3.0,2.179853991849066,8.8,43.0,1,Laptop,68.0,26.3,1,4,2,2,1,1
19,19,Male,Africa,Lower-Mid,Bachelor,Full-time Employee,6.89,184,263,41,119,5.0,8.227617483642558,3.1636763139982604,4.0,10.0,6.79094856349961,5.7,42.0,1,iPhone,56.0,36.3,1,0,2,0,1,3
20,15,Male,Europe,Low,High School,Student,12.66,203,703,176,128,6.0,5.198885847394835,3.2201713260423235,4.0,18.0,9.707075661436672,2.7,0.0,1,Tablet,51.0,62.7,1,2,1,1,3,2
21,21,Female,Africa,Lower-Mid,Bachelor,Part-time/Shift,6.89,204,499,92,111,5.0,6.050582728907111,3.137827157703509,7.485924461895646,3.0,8.798728750504356,9.4,30.0,1,Laptop,80.0,43.5,0,0,2,0,2,1
22,27,Male,Europe,Upper-Mid,High School,Student,7.3,141,525,72,64,2.0,8.252850132119574,2.92817857589818,4.0,10.0,1.0,8.3,35.0,0,iPhone,63.0,40.9,1,2,3,1,3,3
23,25,Female,Asia,Upper-Mid,Bachelor,Full-time Employee,4.63,112,51,173,168,2.0,6.847907287205611,2.849226419862877,4.634958034392913,3.0,1.072755323546035,8.5,62.0,0,Android,66.0,19.7,0,1,3,0,1,0
24,22,Female,Africa,Low,Bachelor,Part-time/Shift,6.24,128,357,401,80,4.0,7.984506760457626,3.1367008093003856,7.922329916913364,6.0,3.012997353530816,7.6,19.0,0,Tablet,51.0,32.9,0,0,1,0,2,2
25,32,Female,North America,Upper-Mid,Bachelor,Full-time Employee,3.29,93,121,401,293,5.0,8.030437941413052,3.029451317676477,7.28560272214774,0.0,1.0,9.2,39.0,0,Tablet,60.0,17.6,0,4,3,0,1,2
26,23,Female,Middle East,High,Master,Part-time/Shift,5.1,98,820,242,79,3.0,6.072299316420355,3.0448108488497363,6.892297369875632,2.0,10.0,0.4,0.0,0,Android,66.0,48.7,0,3,0,2,2,0
27,46,Female,Europe,Upper-Mid,Bachelor,Unemployed_Looking,6.28,145,558,50,16,4.0,7.018892076150481,3.049665741916635,7.296148653684533,6.0,1.0,8.3,18.0,1,Laptop,53.0,41.6,0,2,3,0,4,1
28,44,Female,North America,Lower-Mid,Bachelor,Caregiver/Home,6.5,107,304,20,301,0.0,6.371517255895567,2.78251543466444,5.816794351840231,8.0,7.295017386220814,8.9,41.59859976662777,0,iPhone,69.0,31.9,0,4,2,0,0,3
29,50,Male,Asia,Low,Bachelor,Caregiver/Home,7.88,183,594,12,147,1.0,7.742759712422853,2.830463109262249,4.0,12.0,4.309485959858957,3.0,13.0,1,iPhone,59.0,49.8,1,1,1,0,0,3
30,35,Female,Africa,Low,Master,Caregiver/Home,3.01,47,356,119,0,5.0,9.42605210567908,3.149111382480191,7.038508918747437,0.0,3.943071110818901,8.2,38.0,0,Laptop,62.0,19.1,0,0,1,2,0,1
31,24,Male,South America,Lower-Mid,Bachelor,Part-time/Shift,6.95,133,103,94,133,5.0,8.177302002661788,3.159522385735977,4.0,13.0,1.0,8.0,67.0,1,Tablet,59.0,28.5,1,5,2,0,2,2
32,18,Male,Europe,Low,High School,Full-time Employee,3.39,93,309,112,137,5.0,8.34004256115771,3.17226237638904,4.0,4.0,6.864401948035924,6.5,62.0,0,Laptop,65.29930112427833,20.6,1,2,1,1,1,1
33,26,Female,Asia,Upper-Mid,High School,Full-time Employee,4.19,108,141,86,0,4.0,8.66072306968108,3.0354834770085306,6.456506633284729,8.0,1.0,9.7,78.0,0,Laptop,65.0,20.8,0,1,3,1,1,1
34,45,Male,North America,Low,Master,Part-time/Shift,0.98,19,85,3,118,1.0,9.23280775573996,2.86401104407393,4.0,1.0,1.0,2.0,86.0,0,Laptop,54.0,6.2,1,4,1,2,2,1
35,18,Female,Middle East,Low,Bachelor,Student,6.46,141,123,132,0,2.0,6.765647643430832,2.837932199965437,4.971281297495545,13.0,5.102045915155113,8.6,66.0,0,iPhone,73.0,27.5,0,3,1,0,3,3
36,22,Female,Asia,Low,Bachelor,Full-time Employee,3.75,113,456,78,74,4.0,6.684185868226799,3.0516584896715866,5.483170799808846,4.0,2.8578730374141554,9.9,27.0,1,iPhone,53.0,28.2,0,1,1,0,1,3
37,32,Male,Asia,Low,PhD,Unemployed_Looking,5.96,101,772,115,47,4.0,8.529181992788837,3.0937235145515065,4.0,4.0,5.028737740713357,9.0,9.0,0,Android,67.0,41.0,1,1,1,3,4,0
38,20,Male,North America,Lower-Mid,High School,Full-time Employee,2.19,61,480,71,103,4.0,6.245334614235386,3.101675897318687,5.0,0.0,1.900088400702232,8.7,42.0,0,iPhone,45.0,20.7,1,4,2,1,1,3
39,41,Male,Asia,High,Master,Full-time Employee,4.54,58,172,34,187,5.0,7.54871444850384,3.154849104347721,4.0,2.0,5.891886308629696,8.2,61.0,0,Android,52.0,19.9,1,1,0,2,1,0
40,13,Male,Africa,Low,High School,Student,6.3,152,361,148,233,7.0,8.010635135382634,3.2719093272303805,4.0,0.0,4.6540966232282015,9.6,33.0,0,iPhone,67.0,33.9,1,0,1,1,3,3
41,35,Female,Europe,High,High School,Unemployed_Looking,9.89,171,231,61,13,2.0,7.075744741669438,2.936991120062812,5.257727940157244,14.0,2.0748078035810704,7.3,62.0,0,Android,72.0,42.5,0,2,0,1,4,0
42,20,Female,South America,Low,Bachelor,Part-time/Shift,6.4,137,207,173,0,3.0,6.148762413767652,2.938572062785197,7.230149247910212,3.0,4.990322843547051,7.9,50.0,0,Laptop,67.0,29.6,0,5,1,0,2,1
43,40,Male,Africa,Lower-Mid,Master,Part-time/Shift,4.86,83,114,199,166,2.0,7.276884560350949,2.979726184831822,4.0,3.0,10.0,0.2,73.0,0,Tablet,64.0,20.8,1,0,2,2,2,2
44,22,Female,North America,Upper-Mid,Bachelor,Part-time/Shift,8.32,176,223,120,0,1.0,5.951503393041112,2.808037542672635,3.486714604227396,10.0,3.1882666047084225,9.1,63.0,0,Laptop,62.0,38.1,0,4,3,0,2,1
45,49,Male,Europe,Low,Bachelor,Caregiver/Home,3.9,77,150,99,0,0.0,8.502375170745147,2.655405159240562,4.0,3.0,10.0,0.3,75.0,0,Tablet,50.0,20.2,1,2,1,0,0,2
46,23,Female,Europe,Upper-Mid,Bachelor,Full-time Employee,3.7,88,158,81,104,6.0,7.519196324039396,3.151960132130581,7.560516561848887,3.0,4.655137623052005,9.4,93.0,0,Laptop,58.0,18.3,0,2,3,0,1,1
47,27,Male,North America,Upper-Mid,Bachelor,Student,11.03,208,159,68,0,3.0,6.262353452202505,2.974222556585114,4.0,16.0,3.012163325391885,8.7,65.0,0,Tablet,65.29930112427833,46.1,1,4,3,0,3,2
48,42,Female,Middle East,High,Master,Caregiver/Home,4.71,108,268,401,0,4.0,9.186657967712929,3.0589162819041955,4.0,0.0,9.927073686698543,8.4,0.0,0,iPhone,76.0,36.68415185296776,0,3,0,2,0,3
49,21,Female,Europe,Upper-Mid,Bachelor,Student,5.66,122,157,256,9,3.0,8.403072007283997,3.0705232089886896,6.515635856368208,3.0,1.0,8.5,79.0,0,Tablet,68.0,25.3,0,2,3,0,3,2
50,38,Male,Asia,High,Bachelor,Part-time/Shift,5.53,75,268,101,92,3.0,6.296379802610418,2.9201154078604232,5.0,14.0,1.0,9.4,60.0,0,Tablet,47.0,36.68415185296776,1,1,0,0,2,2
51,37,Female,South America,Lower-Mid,Bachelor,Unemployed_Looking,11.55,222,230,401,26,7.0,5.659952795310304,3.293552059093364,6.13833866489991,16.0,6.634129934771305,6.7,1.0,0,Android,68.0,51.1,0,5,2,0,4,0
52,23,Female,North America,Lower-Mid,Master,Unemployed_Looking,14.96,143,434,262,231,0.0,4.090026955517184,2.679415373596757,5.236915729484031,16.0,10.0,2.0,24.0,1,Laptop,65.29930112427833,56.6,0,4,2,2,4,1
53,21,Female,Europe,Low,Bachelor,Student,7.94,141,802,62,145,5.0,7.830058075672094,3.107176919273981,5.377839530398459,13.0,1.7594011796312383,9.9,0.0,0,Android,58.0,49.1,0,2,1,0,3,0
54,14,Male,Middle East,Lower-Mid,High School,Student,9.06,152,165,256,63,4.0,7.821374632216433,3.13612361984136,4.0,14.0,4.855642390719986,0.4,41.59859976662777,0,Tablet,71.0,36.68415185296776,1,3,2,1,3,2
55,15,Female,Middle East,Lower-Mid,High School,Student,9.94,177,104,180,0,4.0,6.412085343041421,2.995108207180093,9.261982459863992,12.0,1.0,9.4,64.0,0,Tablet,75.0,38.0,0,3,2,1,3,2
56,27,Female,South America,Upper-Mid,Master,Part-time/Shift,14.38,200,476,148,46,4.0,4.659008732445433,3.0812771395412843,5.106783113676804,22.0,5.00626277296813,0.9,16.0,0,iPhone,74.0,61.1,0,5,3,2,2,3
57,17,Male,Europe,Lower-Mid,High School,Student,6.76,146,182,166,0,3.0,7.211652562048101,2.991685742691854,4.0,4.0,1.1578017912501353,9.2,55.0,0,iPhone,57.0,36.68415185296776,1,2,2,1,3,3
58,34,Male,Europe,Upper-Mid,Bachelor,Unemployed_Looking,2.45,39,545,46,182,4.0,8.388344087213595,3.0507164470199823,4.0,0.0,2.8726931953366406,2.5,41.59859976662777,0,Laptop,62.0,21.9,1,2,3,0,4,1
59,16,Male,Africa,Low,High School,Student,4.55,104,517,50,130,6.0,9.17636942900579,3.237666136690996,4.0,4.0,3.889765789424618,9.9,36.0,0,Laptop,68.0,29.9,1,0,1,1,3,1
60,18,Male,Europe,Lower-Mid,Bachelor,Part-time/Shift,2.56,80,119,191,44,3.0,7.758271429405124,2.91403935564397,4.0,0.0,1.0,8.2,71.0,0,Laptop,75.0,13.0,1,2,2,0,2,1
61,30,Male,Asia,Upper-Mid,Bachelor,Full-time Employee,5.59,153,268,41,45,4.0,7.574544007013483,3.134741143728071,4.0,0.0,10.0,0.9,68.0,0,iPhone,60.0,36.68415185296776,1,1,3,0,1,3
62,17,Male,North America,Lower-Mid,High School,Student,3.96,59,337,50,229,2.0,7.426577844742267,2.9883980059005526,4.0,8.0,1.0,8.4,60.0,0,iPhone,63.0,20.3,1,4,2,1,3,3
63,19,Male,North America,Low,Bachelor,Part-time/Shift,2.78,92,264,258,62,5.0,8.156714643029364,3.134164896822617,4.0,0.0,1.0,8.6,42.0,0,Android,54.0,18.9,1,4,1,0,2,0
64,46,Female,Asia,Low,Master,Full-time Employee,8.23,199,404,39,135,5.0,7.558764921353024,3.252964968465329,7.809976367959128,9.0,1.0,6.4,40.0,0,Laptop,53.0,46.9,0,1,1,2,1,1
65,24,Female,Asia,Upper-Mid,Bachelor,Student,13.65,311,176,332,124,0.0,6.224373911253337,2.712435047373364,9.874961405483091,19.0,9.352622258760256,6.7,55.0,1,Laptop,73.0,60.9,0,1,3,0,3,1
66,32,Female,Europe,Upper-Mid,Master,Part-time/Shift,6.28,103,379,120,212,3.0,8.296487850322352,2.9920619744339487,5.198322817855788,3.0,1.0,8.9,41.0,0,iPhone,79.0,31.6,0,2,3,2,2,3
67,33,Female,Europe,High,Bachelor,Full-time Employee,10.65,175,432,91,77,3.0,7.542666904972116,3.04363482792986,9.611414794296806,16.0,5.09086894337754,9.6,22.0,0,Tablet,64.0,49.9,0,2,0,0,1,2
68,32,Male,Asia,Upper-Mid,High School,Full-time Employee,7.93,187,423,186,72,3.0,8.039315097022087,2.949090151729989,4.0,6.0,1.0,9.9,36.0,0,Laptop,75.0,43.8,1,1,3,1,1,1
69,18,Female,Europe,Lower-Mid,Bachelor,Student,5.47,103,455,252,0,1.0,8.220904872095732,2.7431936346036463,4.0,7.0,7.171132473602274,7.6,13.0,0,Android,65.29930112427833,30.5,0,2,2,0,3,0
70,50,Female,South America,Lower-Mid,Bachelor,Full-time Employee,5.05,38,272,71,76,2.0,9.206381356762895,2.811569877863434,9.036648146802015,7.0,1.0,8.4,57.0,0,Android,59.0,22.6,0,5,2,0,1,0
71,29,Female,Asia,Upper-Mid,Bachelor,Full-time Employee,2.33,106,591,75,175,6.0,7.8524834514972275,3.314735633726542,4.689862359514329,2.0,7.70883257376728,8.5,6.0,0,Laptop,65.29930112427833,27.8,0,1,3,0,1,1
72,46,Male,Asia,Upper-Mid,Bachelor,Part-time/Shift,12.74,247,273,203,170,4.0,6.134634699579325,3.025473785805954,4.0,20.0,5.913954193880873,5.8,29.0,1,iPhone,80.0,57.6,1,1,3,0,2,3
73,33,Male,Middle East,High,High School,Part-time/Shift,4.98,109,206,75,218,0.0,8.34625340437879,2.723099605779935,4.0,4.0,5.280804037766603,6.9,76.0,0,iPhone,65.0,25.0,1,3,0,1,2,3
74,31,Male,Europe,Low,PhD,Full-time Employee,4.22,107,195,114,13,5.0,8.261186141328707,3.076171458018598,5.0,4.0,1.845822079612192,6.418568102444702,66.0,0,Laptop,81.0,22.2,1,2,1,3,1,1
75,22,Female,Europe,Upper-Mid,Bachelor,Full-time Employee,7.88,179,131,168,52,4.0,5.537073461622228,3.0993419823043524,5.608669873516028,8.0,1.1117721468829684,8.5,46.0,0,Android,41.0,35.7,0,2,3,0,1,0
76,24,Female,Europe,Low,Bachelor,Student,5.64,111,254,262,139,4.0,9.182695183458767,3.012847025376664,7.541329933426649,6.0,9.89038940526933,5.1,63.0,0,Tablet,65.29930112427833,26.9,0,2,1,0,3,2
77,50,Male,North America,Lower-Mid,Bachelor,Full-time Employee,8.36,206,186,0,81,4.0,8.78048615767152,3.0273618669548266,4.0,16.0,2.8960856965198603,9.7,64.0,0,Tablet,66.0,42.3,1,4,2,0,1,2
78,33,Female,Africa,Upper-Mid,High School,Full-time Employee,4.69,103,214,54,134,2.0,8.310800230018867,2.9071317521151845,6.400807571679895,5.0,1.0,8.0,67.0,1,Laptop,62.0,24.1,0,0,3,1,1,1
79,23,Male,Asia,Low,Bachelor,Student,6.7,169,151,82,184,1.0,8.695587728806226,2.7590687911853395,4.0,6.0,3.205599913264232,8.3,55.0,0,Laptop,66.0,31.8,1,1,1,0,3,1
80,32,Female,North America,Lower-Mid,Bachelor,Unemployed_Looking,4.35,102,462,401,293,5.0,9.853524551695624,3.12288054845894,6.66422297007742,8.0,5.877770942624586,9.6,0.0,0,Tablet,45.0,29.9,0,4,2,0,4,2
81,19,Female,Middle East,Low,Bachelor,Student,5.41,126,560,246,84,2.0,8.461321765218736,2.96226621061954,6.6392064461762015,8.0,5.086308941931842,6.2,12.0,0,iPhone,63.0,35.3,0,3,1,0,3,3
82,47,Male,Africa,Upper-Mid,Bachelor,Caregiver/Home,8.8,217,217,20,91,7.0,7.721896804822373,3.3129916690040107,5.0,12.0,2.7577976364352943,7.4,75.0,0,Laptop,69.0,44.7,1,0,3,0,0,1
83,22,Female,Europe,Low,Bachelor,Unemployed_Looking,3.38,49,73,73,62,3.0,7.181162487969966,2.9785674893625527,6.391041021213569,5.0,5.0648614981525375,0.0,83.0,0,Tablet,80.0,11.3,0,2,1,0,4,2
84,15,Female,Europe,Lower-Mid,High School,Student,3.61,65,529,182,102,4.0,8.32690553231554,3.062668253811086,4.227988649809982,2.0,2.881164806290006,8.7,21.0,0,Tablet,60.0,24.8,0,2,2,1,3,2
85,46,Female,South America,Upper-Mid,PhD,Part-time/Shift,12.0,278,328,44,90,1.0,5.417203925021811,2.79281433274879,5.947376637848264,16.0,8.203209880645634,5.4,56.0,1,Laptop,65.29930112427833,60.6,0,5,3,3,2,1
86,41,Female,Europe,Lower-Mid,PhD,Part-time/Shift,5.49,143,55,19,39,4.0,7.878292906908651,3.151732634325639,5.415904139534087,6.0,9.8896626619995,1.6,71.0,0,Android,60.0,26.2,0,2,2,3,2,0
87,22,Male,Africa,Low,Bachelor,Part-time/Shift,6.0,158,288,207,228,0.0,7.055441933565628,2.6917785874241567,4.0,8.0,1.0,8.1,62.0,0,Laptop,74.0,32.4,1,0,1,0,2,1
88,23,Female,North America,Lower-Mid,Bachelor,Student,7.63,173,320,49,115,2.0,8.342518708385104,2.902702039242573,7.402065824489482,11.0,8.042292277866062,8.6,65.0,0,iPhone,68.0,38.6,0,4,2,0,3,3
89,28,Female,Europe,High,Bachelor,Part-time/Shift,5.73,175,436,53,139,0.0,7.229125938017113,2.738137722268001,4.0,6.0,5.303382741095426,8.2,35.0,0,Laptop,60.0,38.0,0,2,0,0,2,1
90,20,Male,North America,Lower-Mid,Bachelor,Part-time/Shift,4.65,84,286,401,74,1.0,6.721487737734232,2.862709212904276,4.0,0.0,9.205372372049142,4.7,29.0,1,Tablet,70.0,22.9,1,4,2,0,2,2
91,16,Female,Middle East,Lower-Mid,High School,Student,3.31,112,800,106,246,2.0,7.12216297464861,2.9473144280840584,6.650812191178848,7.0,9.14253732113361,9.5,0.0,0,Tablet,66.0,34.9,0,3,2,1,3,2
92,23,Female,South America,Lower-Mid,Master,Student,10.06,203,138,298,70,0.0,8.367232161380274,2.7307855037265067,6.536336120490415,14.0,1.0,9.2,57.0,1,iPhone,75.0,42.1,0,5,2,2,3,3
93,22,Female,Europe,Low,High School,Full-time Employee,5.49,139,210,160,119,5.0,7.186155547352643,3.1463429865903034,6.898508519830664,7.0,1.0,9.0,72.0,0,Laptop,58.0,36.68415185296776,0,2,1,1,1,1
94,19,Male,Europe,Low,Bachelor,Student,4.06,78,141,107,52,2.0,7.560683011668252,2.908582468840074,4.0,7.0,1.1118065437865272,9.4,53.0,0,Tablet,62.0,17.3,1,2,1,0,3,2
95,33,Male,Asia,Lower-Mid,Master,Full-time Employee,13.45,270,292,123,0,3.0,7.272792919810766,2.858433291962604,4.0,14.0,10.0,0.3,48.0,1,Laptop,61.0,61.1,1,1,2,2,1,1
96,24,Male,Europe,Low,Master,Student,6.8,211,100,40,111,3.0,7.989388170986725,2.892590894617246,4.0,11.0,9.987031673538771,0.0,74.0,0,Android,50.0,34.9,1,2,1,2,3,0
97,29,Male,South America,Low,High School,Part-time/Shift,10.09,246,302,373,149,5.0,7.740627847211608,3.101556477398552,4.0,18.0,1.8791958232109447,7.7,42.0,0,Tablet,68.0,50.8,1,5,1,1,2,2
98,41,Male,Asia,Low,Bachelor,Part-time/Shift,5.34,70,230,157,146,3.0,7.067563030251573,2.943960440922292,5.0,4.0,6.110832174645446,8.8,35.0,0,Tablet,68.0,23.8,1,1,1,0,2,2
99,19,Male,South America,Lower-Mid,Bachelor,Full-time Employee,14.01,190,557,302,86,4.0,6.152392525414546,2.9919608972396863,5.0,14.0,9.924495706237792,2.1,0.0,1,Tablet,65.0,60.9,1,5,2,0,1,2
100,16,Female,Africa,Low,High School,Student,5.12,101,270,86,239,7.0,6.887137759981238,3.329058077696849,7.448560090848648,5.0,1.0,10.0,74.0,0,Android,63.0,24.8,0,0,1,1,3,0
101,35,Female,Asia,Low,Bachelor,Full-time Employee,7.26,131,89,89,178,1.0,7.999165553471046,2.812377008598492,8.486007801491446,9.0,10.0,3.3,56.0,0,Laptop,51.0,29.9,0,1,1,0,1,1
102,16,Female,South America,Low,High School,Student,4.67,131,51,168,2,4.0,9.128402132800373,3.041190290968551,6.16869260249611,8.0,1.0,9.9,89.0,0,Android,61.0,20.7,0,5,1,1,3,0
103,41,Female,Europe,Upper-Mid,Master,Full-time Employee,6.14,92,392,252,0,4.0,7.8753043943710335,2.989117254612524,5.930321775060616,6.0,1.011152377556776,9.9,31.0,0,Tablet,62.0,31.9,0,2,3,2,1,2
104,39,Female,Asia,High,Bachelor,Full-time Employee,5.13,126,518,0,169,4.0,7.114112244632262,3.049697775125653,5.51759800101643,4.0,3.8968917155618006,7.1,29.0,0,Tablet,57.0,35.5,0,1,0,0,1,2
105,17,Male,Asia,Lower-Mid,High School,Student,3.95,80,820,151,0,2.0,6.024606165518449,2.7608214933444457,4.0,7.0,3.084811424362808,7.8,0.0,0,Tablet,65.29930112427833,41.6,1,1,2,1,3,2
106,20,Female,Europe,Low,High School,Part-time/Shift,2.74,41,96,62,43,4.0,6.085233666864286,3.043777202797601,4.682834698476096,3.0,3.112981756298617,9.9,81.0,0,Android,65.29930112427833,9.8,0,2,1,1,2,0
107,43,Female,Europe,Upper-Mid,Bachelor,Part-time/Shift,9.43,209,337,82,19,2.0,6.349469160424807,2.8953149145847643,7.577692620074597,15.0,3.289318533689829,6.1,38.0,0,Android,84.0,47.8,0,2,3,0,2,0
108,15,Female,Africa,Low,High School,Student,8.2,139,740,353,183,5.0,4.638497138526186,3.143905411150726,6.863508631874309,14.0,9.861659777085704,3.9,0.0,0,Laptop,67.0,47.1,0,0,1,1,3,1
109,24,Male,South America,Upper-Mid,Bachelor,Student,2.46,61,305,122,186,6.0,7.655989832196568,3.133489217357445,4.0,0.0,1.0,9.6,52.0,0,Laptop,68.0,16.6,1,5,3,0,3,1
110,19,Male,Europe,Low,Bachelor,Unemployed_Looking,8.04,225,820,47,28,5.0,8.068570347697738,3.1430504987692247,4.0,6.0,3.646178950650486,9.8,0.0,0,iPhone,64.0,59.2,1,2,1,0,4,3
111,17,Female,Asia,Low,High School,Part-time/Shift,2.88,56,158,131,159,4.0,7.372741514745921,2.999853454844666,7.745852143228117,1.0,4.867762526965846,8.4,57.0,0,Tablet,46.0,13.4,0,1,1,1,2,2
112,30,Female,Asia,Low,Master,Full-time Employee,3.68,82,424,56,186,0.0,9.835491392625457,2.6917629523362434,8.402754166616711,0.0,4.319221444878334,8.6,53.0,0,Laptop,65.0,24.9,0,1,1,2,1,1
113,24,Male,Africa,Upper-Mid,Bachelor,Unemployed_Looking,14.82,310,176,197,47,3.0,6.255625968488154,3.007936944032268,4.0,19.0,10.0,4.5,42.0,1,Tablet,66.0,63.8,1,0,3,0,4,2
114,23,Female,North America,Low,Bachelor,Part-time/Shift,4.85,101,137,401,0,2.0,7.136411869424479,2.992861417312364,7.149809542810225,2.0,5.104596836796247,8.0,13.0,1,Android,89.0,20.6,0,4,1,0,2,0
115,24,Female,Middle East,Upper-Mid,Bachelor,Student,13.09,279,283,176,170,2.0,5.918662522390052,2.8947236690845104,7.22722654073395,18.0,8.939790255152857,0.9,42.0,1,iPhone,63.0,59.9,0,3,3,0,3,3
116,24,Male,South America,Low,Bachelor,Student,9.17,211,301,169,117,3.0,6.979785898258985,2.931185601809123,4.0,9.0,3.0681614698418387,7.1,41.0,0,Tablet,68.0,45.2,1,5,1,0,3,2
117,26,Female,Asia,Low,Bachelor,Full-time Employee,4.91,98,166,77,246,1.0,8.092797697786585,2.8217046099231182,7.467066757026435,6.0,7.293797546865624,9.2,35.0,0,Tablet,65.0,22.3,0,1,1,0,1,2
118,21,Male,Africa,Low,High School,Full-time Employee,13.82,304,397,35,146,7.0,5.1156701646353175,3.3385304070031245,4.0,21.0,4.739379971156309,5.7,37.0,1,Laptop,53.0,66.6,1,0,1,1,1,1
119,21,Male,Europe,Lower-Mid,Bachelor,Full-time Employee,15.321028152585416,261,257,83,146,4.0,6.078184950150549,3.0829748966315296,4.0,20.0,9.867701901034144,0.3,45.0,1,iPhone,76.0,65.2,1,2,2,0,1,3
120,24,Female,North America,Upper-Mid,Bachelor,Full-time Employee,5.62,72,429,153,26,6.0,8.403295116219535,3.348849949154596,4.637870645473068,1.0,4.648127873335729,7.4,33.0,0,iPhone,73.0,28.0,0,4,3,0,1,3
121,21,Male,South America,Upper-Mid,Bachelor,Full-time Employee,3.31,67,396,52,0,5.0,8.322897152645941,3.0960427834799176,4.0,0.0,2.6098550252099746,9.8,50.0,0,Android,73.0,21.0,1,5,3,0,1,0
122,44,Female,Africa,High,Bachelor,Unemployed_Looking,5.88,152,284,18,173,5.0,8.008174848084781,3.144421235930616,8.559913415966184,11.0,3.800768437159861,5.9,55.0,1,Android,65.29930112427833,34.1,0,0,0,0,4,0
123,25,Male,Europe,Lower-Mid,Bachelor,Full-time Employee,10.01,120,249,21,240,3.0,6.862037700969218,3.049486272412045,5.0,11.0,3.109368442830128,7.3,61.0,0,Tablet,79.0,37.8,1,2,2,0,1,2
124,29,Female,Middle East,Low,Bachelor,Part-time/Shift,6.92,206,511,272,102,1.0,7.963667470586506,2.886579049398545,9.690948788268454,8.0,2.201363787627758,5.7,9.0,0,Laptop,51.0,45.7,0,3,1,0,2,1
125,34,Female,Europe,High,Bachelor,Full-time Employee,8.33,141,66,72,64,2.0,7.092821816272663,2.7946518348181573,8.497781741501608,9.0,10.0,0.5,81.0,0,iPhone,71.0,32.0,0,2,0,0,1,3
126,30,Female,Middle East,Lower-Mid,Master,Full-time Employee,3.22,91,146,83,0,6.0,9.204289654363496,3.21152642452941,6.643072968365971,7.0,1.6972133390949593,6.418568102444702,76.0,0,Laptop,87.0,16.9,0,3,2,2,1,1
127,26,Male,North America,Lower-Mid,Bachelor,Full-time Employee,11.65,262,509,272,77,5.0,6.173800362980459,3.206035700227086,4.0,15.0,4.836013166830217,7.3,0.0,0,iPhone,55.0,61.2,1,4,2,0,1,3
128,34,Male,Africa,Low,PhD,Full-time Employee,8.96,184,148,382,0,3.0,6.735328147003408,3.1165725242610915,4.0,14.0,1.0,7.4,60.0,0,Android,59.0,39.6,1,0,1,3,1,0
129,24,Female,Africa,Lower-Mid,Bachelor,Part-time/Shift,3.53,81,146,157,44,3.0,7.692149588700397,3.007230168928676,8.163609228489797,3.0,1.0,9.1,58.0,0,Tablet,66.0,16.8,0,0,2,0,2,2
130,15,Male,Africa,Low,High School,Student,4.25,104,253,238,52,3.0,8.193240656130236,2.9536472100563103,4.0,3.0,9.87893391675694,0.5,45.0,0,iPhone,60.0,22.6,1,0,1,1,3,3
131,26,Female,Asia,Low,Bachelor,Full-time Employee,6.44,175,264,72,72,5.0,8.047326277212555,3.0813495043127817,8.518680133568711,9.0,9.879749620488184,2.6,49.0,0,Tablet,49.0,35.4,0,1,1,0,1,2
132,41,Female,Asia,Upper-Mid,Bachelor,Full-time Employee,4.85,80,398,401,32,2.0,9.277545594755209,3.003092899020919,7.132212979405153,2.0,1.0,9.7,0.0,0,Android,66.0,27.9,0,1,3,0,1,0
133,28,Female,Asia,Lower-Mid,Master,Full-time Employee,14.73,297,268,59,203,6.0,4.683555282936956,3.2481313848546973,7.585276535284847,18.0,6.826484239905042,2.2,55.0,0,Tablet,54.0,36.68415185296776,0,1,2,2,1,2
134,27,Female,Asia,Upper-Mid,Bachelor,Unemployed_Looking,4.43,58,255,107,88,7.0,6.693069841634725,3.2491756027838963,5.0892608796758925,0.0,4.529630570327695,9.5,50.0,0,Android,70.0,19.9,0,1,3,0,4,0
135,17,Female,Asia,Lower-Mid,High School,Student,4.85,119,172,194,0,1.0,7.0699317820579175,2.8021132692309294,7.388174547392754,9.0,10.0,6.418568102444702,61.0,0,Laptop,56.0,23.5,0,1,2,1,3,1
136,31,Female,Africa,Low,Master,Part-time/Shift,11.11,192,26,89,28,3.0,6.439752122298731,2.9875497005825697,5.605978465036351,18.0,1.082384825096074,8.2,87.0,0,Tablet,80.0,41.4,0,0,1,2,2,2
137,30,Female,Asia,Lower-Mid,Master,Part-time/Shift,4.38,67,113,401,102,1.0,8.372308778299537,2.8394614202420243,6.008581670482579,10.0,10.0,0.0,20.0,0,iPhone,57.0,17.6,0,1,2,2,2,3
138,33,Female,Africa,Low,Bachelor,Full-time Employee,10.36,160,645,136,84,3.0,7.282210569847586,2.927059441863845,5.511567749079161,22.0,2.968055558334365,5.8,0.0,0,Tablet,62.0,53.3,0,0,1,0,1,2
139,31,Female,Asia,Lower-Mid,Bachelor,Full-time Employee,15.321028152585416,300,236,270,79,6.0,5.031530337413973,3.1809847846251347,6.424509584179181,21.0,7.52638237479363,2.3,54.0,1,Laptop,73.0,66.2,0,1,2,0,1,1
140,28,Female,Europe,Lower-Mid,Bachelor,Full-time Employee,7.52,167,76,178,141,4.0,6.586395507988235,2.9692782902192447,6.965038231891272,14.0,1.9585234659669013,9.9,54.0,0,Laptop,53.0,32.6,0,2,2,0,1,1
141,22,Male,Asia,Low,Bachelor,Part-time/Shift,9.51,201,265,53,79,1.0,5.516535592498425,2.864259202027857,4.0,8.0,10.0,0.0,50.0,1,iPhone,67.0,44.0,1,1,1,0,2,3
142,42,Female,South America,Upper-Mid,High School,Full-time Employee,8.91,171,316,114,155,4.0,6.819031245032937,3.034844094999377,6.249366705732546,10.0,9.885432994779228,7.6,37.0,0,iPhone,78.0,42.9,0,5,3,1,1,3
143,29,Female,Middle East,Upper-Mid,Master,Full-time Employee,14.34,285,134,61,64,2.0,6.038298714377618,2.915471813603541,9.336604632993978,22.0,7.204907987571402,3.5,81.0,0,iPhone,49.0,60.4,0,3,3,2,1,3
144,30,Female,Middle East,Low,High School,Full-time Employee,7.0,127,132,395,196,3.0,8.222190920984175,3.043153300169951,6.739743427512543,6.0,1.0,8.7,41.0,0,Android,67.0,29.1,0,3,1,1,1,0
145,38,Male,South America,High,Bachelor,Unemployed_Looking,12.8,125,341,25,49,5.0,4.116070872872281,3.1428031690533484,4.0,21.0,4.718718179865708,3.7,51.0,0,iPhone,68.0,36.68415185296776,1,5,0,0,4,3
146,22,Female,South America,Low,Bachelor,Student,11.68,250,115,94,0,1.0,5.156692567792503,2.8066225637501647,7.282865334054295,16.0,10.0,1.7,63.0,1,Tablet,73.0,49.4,0,5,1,0,3,2
147,39,Male,North America,Upper-Mid,Master,Part-time/Shift,14.65,178,222,100,125,3.0,7.894928293073895,2.981736448585332,4.0,19.0,9.9469624391345,3.8,43.0,1,Android,53.0,55.1,1,4,3,2,2,0
148,40,Male,Middle East,Low,Bachelor,Caregiver/Home,11.29,221,343,183,207,2.0,7.902005699166284,2.895315411336888,4.0,9.0,5.335233342055508,7.2,30.0,0,iPhone,52.0,54.0,1,3,1,0,0,3
149,23,Male,Europe,Upper-Mid,Master,Part-time/Shift,11.53,153,769,401,260,1.0,6.007066807661309,2.8745793374415154,5.0,16.0,8.308127358517797,4.9,0.0,1,iPhone,70.0,57.6,1,2,3,2,2,3
150,35,Female,Africa,Upper-Mid,High School,Part-time/Shift,10.96,217,282,205,80,4.0,5.245644796579784,3.0674669382148325,5.09067330485162,15.0,5.945855629574144,3.6,18.0,0,Android,68.0,50.4,0,0,3,1,2,0
151,22,Male,Africa,Low,High School,Student,10.59,133,433,91,0,5.0,7.080023900992519,3.1045896109557054,4.0,14.0,1.0,8.4,30.0,0,Android,68.0,45.1,1,0,1,1,3,0
152,27,Male,Asia,Upper-Mid,Bachelor,Part-time/Shift,6.15,138,530,104,0,7.0,7.8647208326371905,3.343971401972655,4.0,6.0,1.0,10.0,37.0,0,iPhone,68.0,37.9,1,1,3,0,2,3
153,34,Male,North America,Lower-Mid,Bachelor,Full-time Employee,8.4,148,133,303,61,3.0,7.05970570761238,3.033564592559052,4.0,6.0,4.130655179013881,8.8,41.0,0,Android,58.0,34.9,1,4,2,0,1,0
154,18,Female,Europe,Lower-Mid,Bachelor,Student,10.22,235,820,103,103,4.0,4.802916028805942,2.9850084869968696,4.918269202198751,15.0,4.891518982863868,3.2,0.0,0,iPhone,67.0,62.8,0,2,2,0,3,3
155,34,Female,Asia,Upper-Mid,Bachelor,Unemployed_Looking,8.41,152,245,57,0,2.0,8.230926055657347,2.968794925382782,5.936793263120707,10.0,1.0,9.7,48.0,0,iPhone,68.0,37.8,0,1,3,0,4,3
156,16,Female,Middle East,Low,High School,Student,6.03,102,252,235,191,7.0,8.872553483519894,3.309814537788592,8.818173076109698,1.0,1.0,8.7,39.0,0,iPhone,58.0,26.7,0,3,1,1,3,3
157,34,Female,North America,Low,High School,Full-time Employee,15.3,239,241,108,29,7.0,6.466894980708871,3.305742446635497,8.792501254663076,16.0,9.766440598375915,8.4,41.59859976662777,1,Laptop,84.0,61.0,0,4,1,1,1,1
158,14,Female,Asia,Lower-Mid,High School,Student,4.93,153,323,178,107,1.0,9.35543312518333,2.862602319127444,5.8917010384942525,6.0,1.0,8.1,42.0,0,Android,70.0,29.7,0,1,2,1,3,0
159,29,Male,North America,Low,High School,Unemployed_Looking,3.51,82,138,383,48,4.0,7.300890714789654,3.023576198787679,4.0,4.0,5.030411187390833,7.1,60.0,0,Tablet,53.0,17.5,1,4,1,1,4,2
160,28,Male,Africa,Low,Bachelor,Part-time/Shift,7.14,167,196,126,63,3.0,5.909740713085058,3.019748600450681,4.0,6.0,1.9905267183700948,8.9,65.0,0,Laptop,72.0,34.2,1,0,1,0,2,1
161,17,Female,Asia,Lower-Mid,High School,Student,3.48,67,107,56,86,3.0,9.2509854449639,2.953201601254242,8.75539535249369,4.0,4.121930389350547,9.1,61.0,0,Laptop,55.0,14.2,0,1,2,1,3,1
162,17,Female,Europe,Lower-Mid,High School,Student,10.23,242,159,222,0,3.0,6.512540231302199,2.8982928407556177,7.306544809867796,16.0,10.0,6.5,51.0,1,Tablet,73.0,45.8,0,2,2,1,3,2
163,21,Female,Europe,Lower-Mid,Bachelor,Student,7.34,142,125,89,156,0.0,6.961073438947731,2.6824986299955134,8.187051873270667,9.0,10.0,2.9,98.0,0,Laptop,77.0,29.9,0,2,2,0,3,1
164,22,Female,Europe,Upper-Mid,Bachelor,Part-time/Shift,11.81,304,145,114,158,1.0,4.947945506173692,2.8406221791927795,5.856133316021826,16.0,10.0,1.4,59.0,1,Android,65.29930112427833,55.4,0,2,3,0,2,0
165,23,Female,Europe,Upper-Mid,Bachelor,Student,15.15,309,284,321,103,7.0,5.523390838751985,3.2443055321284344,7.8470463774061106,12.0,4.527806063288597,3.9,40.0,1,Android,75.0,66.9,0,2,3,0,3,0
166,23,Male,Asia,Low,Bachelor,Student,6.13,151,387,95,174,4.0,7.865600945132392,3.132428824497376,4.0,9.0,1.0,9.4,49.0,0,Tablet,69.0,34.9,1,1,1,0,3,2
167,15,Female,Africa,Low,High School,Student,6.76,164,331,124,90,6.0,6.3305997525454485,3.271158478203392,8.064911338488553,4.0,1.7527813466396194,8.9,47.0,0,Android,73.0,35.2,0,0,1,1,3,0
168,24,Male,Asia,Upper-Mid,Bachelor,Part-time/Shift,11.02,231,313,122,39,3.0,7.423249002384611,3.038712333042783,4.0,13.0,8.07887985080922,4.9,44.0,1,Laptop,84.0,51.0,1,1,3,0,2,1
169,22,Male,Europe,High,Bachelor,Student,12.48,224,417,170,90,3.0,4.766006483546857,2.9782793037250053,4.0,16.0,7.001216740897677,6.0,12.0,0,Laptop,63.0,57.0,1,2,0,0,3,1
170,35,Female,Africa,Upper-Mid,Bachelor,Part-time/Shift,11.85,222,204,37,67,3.0,6.011101692046727,2.984933455605882,7.248962951130107,15.0,4.204180628409801,6.3,67.0,0,Tablet,57.0,51.3,0,0,3,0,2,2
171,27,Male,Europe,Upper-Mid,PhD,Full-time Employee,3.32,133,820,100,116,5.0,7.077577115405792,3.072124069222437,4.0,5.0,9.72065923325991,6.0,0.0,1,iPhone,56.0,36.68415185296776,1,2,3,3,1,3
172,30,Male,Africa,Upper-Mid,Bachelor,Part-time/Shift,4.65,103,210,14,0,5.0,6.69473895058118,3.1815988374425253,4.0,7.0,1.0,9.7,68.0,0,Android,57.0,23.8,1,0,3,0,2,0
173,33,Male,North America,Upper-Mid,Bachelor,Unemployed_Looking,4.64,113,127,126,27,0.0,7.07549632269612,2.7513781167027145,5.0,7.0,1.0,8.5,72.0,0,iPhone,64.0,22.6,1,4,3,0,4,3
174,29,Female,Asia,Low,Bachelor,Full-time Employee,3.68,68,181,181,154,6.0,7.318518213668383,3.240059586796022,5.849809710677893,7.0,4.869812029126416,8.7,67.0,0,Laptop,68.0,17.4,0,1,1,0,1,1
175,16,Female,Europe,Low,High School,Part-time/Shift,7.06,142,90,385,88,5.0,7.128620922143811,3.216225252507295,5.153544479609523,10.0,2.6971956161905064,9.9,57.0,0,Laptop,68.0,28.2,0,2,1,1,2,1
176,32,Female,North America,Lower-Mid,High School,Unemployed_Looking,7.71,65,116,401,91,4.0,8.900078241033052,4.021626869140517,4.362136050546171,10.0,5.861260123184966,7.1,48.0,0,Laptop,73.0,25.1,0,4,2,1,4,1
177,24,Female,Africa,High,Bachelor,Full-time Employee,14.11,304,513,119,201,5.0,4.967213167375155,3.125502584440785,16.070219277189665,18.0,7.943609228820064,1.3,41.0,1,Tablet,65.0,70.3,0,0,0,0,1,2
178,40,Male,Europe,High,PhD,Unemployed_Looking,7.22,125,114,84,255,6.0,6.216191653139592,2.228027851608517,2.0,6.0,1.0,9.9,66.0,0,Laptop,80.0,29.6,1,2,0,3,4,1
179,19,Male,Asia,Lower-Mid,Bachelor,Full-time Employee,6.39,141,358,284,88,6.0,7.170252058453191,3.164922535258474,2.0,8.0,4.589224213874888,8.7,27.0,0,Android,62.0,33.7,1,1,2,0,1,0
180,41,Female,Europe,High,Bachelor,Part-time/Shift,8.77,94,307,40,5,5.0,8.709585914150242,2.122429720870809,9.0060699227251,11.0,1.0,7.8,53.0,0,iPhone,89.0,35.3,0,2,0,0,2,3
181,21,Male,Europe,Lower-Mid,Bachelor,Student,4.8,121,162,131,0,2.0,9.7038497105626,4.916803221667725,4.0,1.0,1.0,9.8,50.0,0,iPhone,71.0,23.2,1,2,2,0,3,3
182,33,Female,North America,Lower-Mid,Bachelor,Part-time/Shift,6.5,124,192,15,278,7.0,7.040865395249769,2.275307885559526,5.0,12.0,3.738606073721012,9.0,70.0,1,Android,56.0,29.8,0,4,2,0,2,0
183,28,Female,South America,High,High School,Full-time Employee,7.85,147,301,157,294,0.0,6.129958162529038,2.797835914437316,9.775462034093106,11.0,9.341996801537755,8.8,41.59859976662777,0,iPhone,54.0,37.4,0,5,0,1,1,3
184,20,Male,South America,Lower-Mid,Bachelor,Student,9.03,215,476,161,7,2.0,6.214215487910173,1.8166095030535268,7.0,22.0,1.0951332266290017,7.2,22.0,0,Android,70.0,49.2,1,5,2,0,3,0
185,15,Male,Europe,Low,High School,Part-time/Shift,1.87,66,225,269,76,1.0,8.537630998503028,3.868409649559285,5.0,7.0,10.0,6.2,36.0,0,iPhone,63.0,12.9,1,2,1,1,2,3
186,28,Female,South America,Low,Bachelor,Part-time/Shift,6.03,118,593,145,83,3.0,7.859058873063373,2.005099648481935,4.937252817731681,2.0,7.0748472190087055,8.2,13.0,1,iPhone,72.0,37.5,0,5,1,0,2,3
187,38,Female,Europe,Low,Bachelor,Part-time/Shift,4.52,80,607,90,90,4.0,7.216386164564722,4.023483588960064,0.9521929261318332,3.0,1.9660658279897647,8.7,14.0,0,iPhone,70.0,32.0,0,2,1,0,2,3
188,20,Male,South America,Low,High School,Student,15.321028152585416,308,460,107,159,1.0,5.77495437963743,1.0,16.070219277189665,17.0,8.236066319967067,8.5,8.0,1,Tablet,64.0,72.1,1,5,1,1,3,2
189,38,Male,Africa,High,High School,Full-time Employee,5.59,93,259,135,149,2.0,7.379251272757045,2.7881416002822537,2.0,8.0,9.987385469360714,2.3,47.0,0,Laptop,57.0,27.2,1,0,0,1,1,1
190,15,Male,Europe,Lower-Mid,High School,Student,4.62,140,820,148,232,2.0,6.750925044656765,1.8523969805236848,2.0,2.0,7.070383079345659,4.7,0.0,0,Laptop,50.0,50.9,1,2,2,1,3,1
191,17,Male,Middle East,Lower-Mid,High School,Student,7.18,159,548,401,66,1.0,6.338070453031548,2.864629920297768,4.0,7.0,9.363926903424572,6.7,0.0,0,Laptop,61.0,41.9,1,3,2,1,3,1
192,30,Male,Middle East,Low,Master,Full-time Employee,8.16,138,820,154,71,3.0,6.924357060167975,2.969236088427201,4.0,8.0,10.0,2.4,0.0,0,Android,74.0,59.8,1,3,1,2,1,0
193,16,Male,North America,Low,High School,Student,8.02,121,216,83,196,4.0,7.644014100986776,2.110074062357485,6.0,14.0,4.904964872687579,6.3,72.0,0,iPhone,67.0,31.9,1,4,1,1,3,3
194,46,Female,Middle East,Low,Bachelor,Unemployed_Looking,4.85,116,182,13,120,3.0,7.957042851101498,3.9410468212099072,5.8892861659140125,5.0,1.1267329842150715,1.8,61.0,0,Laptop,53.0,26.2,0,3,1,0,4,1
195,27,Female,North America,Lower-Mid,Bachelor,Unemployed_Looking,5.17,95,485,149,88,1.0,7.609198435178178,2.8476263955529464,5.855893567562365,2.0,1.1598958860136597,2.5,9.0,0,Android,67.0,30.8,0,4,2,0,4,0
196,24,Female,Asia,Upper-Mid,Bachelor,Student,5.31,74,73,385,34,1.0,7.923142579313484,1.7763961574433973,4.653806823902567,14.0,1.0,8.8,52.0,0,Laptop,65.29930112427833,18.5,0,1,3,0,3,1
197,39,Male,Europe,High,Master,Caregiver/Home,4.73,92,347,61,40,4.0,9.410587703270249,2.003646268027401,7.0,8.0,6.941787314630066,8.6,48.0,0,iPhone,56.0,27.4,1,2,0,2,0,3
198,26,Female,Europe,Upper-Mid,Master,Part-time/Shift,11.04,234,325,250,188,5.0,7.300526302946451,3.126453301076117,16.070219277189665,14.0,4.788943583823562,4.4,37.0,0,Laptop,67.0,52.3,0,2,3,2,2,1
199,30,Female,South America,Lower-Mid,Bachelor,Full-time Employee,4.04,78,504,154,82,5.0,8.77146394880482,3.098561336368652,6.651519738985906,8.0,6.83231480991926,1.0,25.0,0,Laptop,65.29930112427833,27.5,0,5,2,0,1,1
200,31,Female,Africa,Low,Bachelor,Part-time/Shift,3.59,91,222,177,328,5.0,8.813515289892756,3.0546685544827903,3.3945854733214995,4.0,9.80923826957339,4.6,41.59859976662777,0,Laptop,54.0,20.8,0,0,1,0,2,1
201,17,Female,Asia,Low,High School,Student,5.36,148,124,63,183,7.0,5.868555260390817,2.2824632140923176,5.30221217200277,11.0,1.4992806240062402,9.4,70.0,0,Tablet,69.0,36.68415185296776,0,1,1,1,3,2
202,28,Male,Europe,Upper-Mid,Bachelor,Full-time Employee,10.52,241,138,235,32,2.0,5.863611624605928,1.897477501965941,7.0,12.0,2.1583105890244894,9.3,54.0,0,Tablet,71.0,47.0,1,2,3,0,1,2
203,22,Female,Africa,Lower-Mid,High School,Full-time Employee,4.82,133,111,154,166,0.0,6.557886825688028,3.7958043745256633,7.473146253542047,12.0,1.250549931411157,9.5,75.0,0,Laptop,76.0,23.0,0,0,2,1,1,1
204,35,Male,Africa,Low,Bachelor,Caregiver/Home,10.88,204,164,76,38,6.0,7.578714602515447,2.258534589388062,9.0,10.0,3.730990135965859,7.0,56.0,0,Tablet,65.29930112427833,45.9,1,0,1,0,0,2
205,29,Female,South America,Upper-Mid,Bachelor,Full-time Employee,5.07,95,134,165,116,1.0,7.941461535050935,2.87326824750926,6.735196580544832,6.0,6.3602360825351845,6.9,54.0,0,Tablet,51.0,22.3,0,5,3,0,1,2
206,20,Female,Asia,Low,Bachelor,Student,4.91,123,326,57,60,3.0,8.444298408667402,2.00805824966081,5.116905624042754,7.0,8.01479764456307,2.9,37.0,0,Android,56.0,28.1,0,1,1,0,3,0
207,30,Male,Middle East,Upper-Mid,Bachelor,Full-time Employee,8.49,170,514,132,234,5.0,7.057940168053154,1.1484402998821497,4.0,8.0,3.730535133689453,9.1,41.59859976662777,0,Laptop,70.0,45.9,1,3,3,0,1,1
208,49,Male,Europe,Lower-Mid,Master,Part-time/Shift,7.47,64,820,28,71,3.0,7.651309898808945,1.91059312941754,4.0,13.0,5.027120475288755,5.0,0.0,0,Tablet,70.0,53.8,1,2,2,2,2,2
209,22,Male,Africa,Low,Bachelor,Unemployed_Looking,6.76,196,113,187,229,3.0,6.669612235595713,1.9795339846378983,2.0,13.0,3.970721811698872,8.8,68.0,0,Tablet,70.0,36.68415185296776,1,0,1,0,4,2
210,33,Male,South America,Low,Master,Full-time Employee,8.5,215,458,158,106,3.0,7.68088891522971,3.0018800636076755,4.0,13.0,6.084840220555671,5.3,16.0,0,Laptop,89.0,47.7,1,5,1,2,1,1
211,18,Female,Asia,Low,Bachelor,Student,5.58,163,301,162,202,4.0,7.411106249866445,2.1247969158064146,10.468452250291298,8.0,6.918927542414314,7.8,35.0,0,Tablet,71.0,31.9,0,1,1,0,3,2
212,36,Female,South America,Low,PhD,Caregiver/Home,7.79,127,820,187,42,7.0,9.300560706877537,3.325893376214758,8.645015071038744,8.0,6.748009127962276,5.7,0.0,0,Tablet,76.0,49.1,0,5,1,3,0,2
213,22,Male,Asia,Low,Bachelor,Full-time Employee,4.72,79,468,49,58,4.0,7.661759586121357,4.113944190068164,6.0,3.0,4.02380580987033,9.7,36.0,0,Tablet,75.0,27.2,1,1,1,0,1,2
214,33,Male,Africa,High,Master,Full-time Employee,4.55,11,117,28,221,5.0,7.692987876536175,3.080209767366389,4.0,8.0,2.81200734372862,9.9,66.0,0,Android,72.0,13.2,1,0,0,2,1,0
215,37,Female,Europe,Upper-Mid,Bachelor,Full-time Employee,6.03,142,237,167,0,7.0,7.492871265182833,3.2752580678207623,6.693534472685768,3.0,9.668476793266958,6.3,65.0,0,Tablet,62.0,31.6,0,2,3,0,1,2
216,14,Male,North America,Low,High School,Student,6.49,127,544,226,98,5.0,7.65222602109492,3.1532771976177143,4.0,8.0,3.792794871354104,6.0,0.0,0,Tablet,73.0,36.8,1,4,1,1,3,2
217,31,Male,Africa,Upper-Mid,High School,Full-time Employee,2.68,44,217,80,202,3.0,8.944836890754859,4.030088009278263,6.0,5.0,7.039996051158368,8.1,67.0,0,Laptop,57.0,14.4,1,0,3,1,1,1
218,46,Male,Europe,Upper-Mid,Bachelor,Caregiver/Home,7.77,150,259,33,79,1.0,7.297938277348439,2.8050096552556725,2.0,12.0,2.221390480895151,9.5,60.0,0,Tablet,63.0,37.7,1,2,3,0,0,2
219,22,Female,North America,Lower-Mid,Bachelor,Part-time/Shift,7.1,185,327,116,218,6.0,6.468121452125902,3.207572007573952,6.867677371583532,8.0,1.0,10.0,31.0,1,Android,60.0,38.7,0,4,2,0,2,0
220,21,Male,North America,Lower-Mid,High School,Student,3.66,78,160,326,2,4.0,10.04647868028408,4.086282033638041,2.0,2.0,1.0,9.9,42.0,0,Laptop,66.0,17.0,1,4,2,1,3,1
221,19,Female,Middle East,Lower-Mid,High School,Student,4.83,90,334,73,0,3.0,6.225707401005673,2.9157468333838783,5.758555968938026,4.0,7.101171356920445,9.4,48.0,0,Android,88.0,24.3,0,3,2,1,3,0
222,16,Male,Middle East,Low,High School,Student,3.88,120,218,386,216,4.0,5.485115535963542,4.132295245829065,5.0,4.0,2.004521570318972,10.0,50.0,0,Laptop,46.0,22.6,1,3,1,1,3,1
223,38,Male,South America,Upper-Mid,High School,Full-time Employee,9.8,183,297,142,147,5.0,7.549901783514444,2.087852857279267,3.0,14.0,1.0,9.6,19.0,0,Tablet,72.0,45.3,1,5,3,1,1,2
224,46,Female,Asia,Low,Master,Full-time Employee,12.27,275,820,12,75,3.0,7.185307035782743,1.0,16.070219277189665,22.5,8.08137997413193,4.5,0.0,1,Tablet,49.0,72.54999999999998,0,1,1,2,1,2
225,28,Female,Middle East,High,Bachelor,Part-time/Shift,6.98,128,346,57,100,5.0,6.443519712301987,2.13231301236078,7.7986960177659315,12.0,1.0,7.6,62.0,0,iPhone,60.0,34.6,0,3,0,0,2,3
226,41,Male,South America,Lower-Mid,Bachelor,Full-time Employee,7.37,112,214,210,168,6.0,7.079217375055401,2.2966172406501872,5.0,9.0,5.853818647511441,4.8,53.0,0,Android,76.0,31.5,1,5,2,0,1,0
227,37,Male,Europe,Low,High School,Full-time Employee,9.51,158,217,122,52,3.0,6.722966770881093,2.001363031257815,6.0,15.0,1.1816323664810278,9.8,51.0,0,Android,66.0,40.5,1,2,1,1,1,0
228,45,Male,Asia,Upper-Mid,Bachelor,Part-time/Shift,4.48,39,466,105,180,5.0,7.390932646135059,3.1693641890848325,6.0,3.0,9.805543415822063,7.2,29.0,0,Laptop,54.0,25.9,1,1,3,0,2,1
229,22,Female,North America,Low,Bachelor,Part-time/Shift,5.64,178,82,70,117,7.0,6.889787908743505,3.293648237243523,4.135883991394918,6.0,5.581572234611816,8.4,78.0,0,iPhone,58.0,28.5,0,4,1,0,2,3
230,30,Female,South America,Low,Master,Full-time Employee,9.84,213,122,336,0,1.0,7.756025000386788,1.0,6.614378636504021,12.0,2.2992981488364057,7.5,41.59859976662777,0,iPhone,72.0,42.8,0,5,1,2,1,3
231,19,Male,Europe,Low,High School,Part-time/Shift,5.24,100,526,103,97,5.0,6.2326238641302165,3.054564193454995,5.0,8.0,1.0,9.6,35.0,0,Tablet,58.0,32.0,1,2,1,1,2,2
232,25,Female,Europe,Upper-Mid,Master,Full-time Employee,7.11,157,820,63,277,1.0,7.561100407713013,1.699301774652409,3.420890369275764,10.0,4.234149531102935,9.7,0.0,0,Tablet,67.0,58.7,0,2,3,2,1,2
233,34,Male,South America,Upper-Mid,Master,Full-time Employee,3.25,85,215,58,0,6.0,9.46735071527788,3.221507922453452,3.0,8.0,1.0,7.7,56.0,0,iPhone,65.0,19.2,1,5,3,2,1,3
234,24,Male,Africa,Lower-Mid,Master,Student,13.62,301,187,83,211,4.0,5.129584077675505,1.1175524780549042,14.0,18.0,6.9552227374761255,2.0,72.0,0,Android,58.0,60.7,1,0,2,2,3,0
235,27,Male,Europe,Low,Bachelor,Full-time Employee,5.39,107,128,295,0,1.0,7.930447592980635,3.8294777727890215,3.0,8.0,5.29442013965722,8.9,66.0,0,Laptop,86.0,22.7,1,2,1,0,1,1
236,31,Female,North America,Lower-Mid,Bachelor,Part-time/Shift,6.61,124,388,29,81,1.0,5.884999907416903,3.843451063900219,2.9592932093594584,2.0,1.3083709084462791,9.8,35.0,0,Android,71.0,34.4,0,4,2,0,2,0
237,34,Male,Asia,Upper-Mid,Master,Full-time Employee,14.34,303,316,51,0,2.0,6.5973429183889705,1.0,16.070219277189665,20.0,9.171735780262502,2.6,56.0,1,Tablet,45.0,67.2,1,1,3,2,1,2
238,44,Male,Africa,Low,Bachelor,Unemployed_Looking,7.11,115,331,102,36,2.0,7.3585403664847,2.9085940737164293,1.0,6.0,1.122103146605212,8.9,62.0,0,Laptop,67.0,34.8,1,0,1,0,4,1
239,16,Male,Asia,Low,High School,Student,6.53,216,47,142,241,3.0,6.288816461270095,1.9659076197257537,6.0,13.0,10.0,0.0,71.0,0,Laptop,58.0,32.4,1,1,1,1,3,1
240,23,Male,Middle East,Lower-Mid,Bachelor,Full-time Employee,9.85,230,311,89,127,3.0,8.99712344375545,1.931114134458632,3.0,12.0,10.0,0.0,51.0,0,Android,74.0,48.4,1,3,2,0,1,0
241,22,Female,Asia,Upper-Mid,High School,Student,1.79,48,124,66,247,4.0,7.683498700532428,4.153035646486497,10.214912929300793,0.0,1.8935728010669648,8.7,67.0,0,Android,57.0,9.4,0,1,3,1,3,0
242,20,Male,Asia,Lower-Mid,Bachelor,Part-time/Shift,6.49,150,152,401,31,5.0,7.930277910110763,2.1581370508923348,5.0,6.0,8.809801513523475,6.0,34.0,0,iPhone,64.0,29.6,1,1,2,0,2,3
243,28,Male,North America,Upper-Mid,High School,Part-time/Shift,14.57,288,316,144,206,3.0,5.662681087185182,2.924860288945168,16.070219277189665,18.0,2.897601977747155,3.0,49.0,0,Tablet,70.0,65.1,1,4,3,1,2,2
244,30,Male,Asia,Low,Master,Full-time Employee,5.09,117,456,155,63,1.0,7.256756179340625,3.753712704157557,5.0,4.0,3.2357258706688925,9.4,15.0,0,Laptop,74.0,31.8,1,1,1,2,1,1
245,23,Female,Africa,Low,Master,Student,3.57,74,274,109,37,1.0,7.709356436918653,3.874924273894064,12.097724902656088,2.0,9.305380138193147,9.2,64.0,0,Android,53.0,19.9,0,0,1,2,3,0
246,44,Male,South America,Lower-Mid,Bachelor,Full-time Employee,1.52,27,183,170,0,2.0,9.232888992706757,4.84028364632396,3.0,3.0,1.0,9.1,54.0,0,Android,62.0,10.4,1,5,2,0,1,0
247,25,Male,Europe,Lower-Mid,Bachelor,Full-time Employee,4.45,100,176,219,55,3.0,6.651819360654118,3.0647320826162456,2.0,6.0,1.1589326341836488,9.0,49.0,0,Tablet,60.0,21.6,1,2,2,0,1,2
248,33,Male,South America,Upper-Mid,PhD,Full-time Employee,6.94,86,149,42,0,4.0,6.042853575073258,2.914101878483357,3.0,10.0,3.909728649094887,8.2,74.0,0,Android,58.0,26.4,1,5,3,3,1,0
249,45,Female,Europe,Lower-Mid,Bachelor,Full-time Employee,9.53,183,445,159,99,2.0,7.380497609295975,2.963285491033876,5.631773561909622,7.0,10.0,1.2,9.0,1,Laptop,83.0,48.8,0,2,2,0,1,1
250,13,Female,Africa,Low,High School,Student,6.56,153,199,68,8,3.0,7.282014186233804,2.996385115299233,2.79995165802582,9.0,1.0,9.9,74.0,0,Tablet,69.0,36.68415185296776,0,0,1,1,3,2
251,24,Male,Africa,High,Bachelor,Student,2.59,98,286,208,11,5.0,8.363287463448385,4.137739383087495,7.0,0.0,4.011682344750125,9.4,48.0,1,Laptop,52.0,20.0,1,0,0,0,3,1
252,16,Female,Europe,Lower-Mid,High School,Student,12.22,250,232,140,163,3.0,7.691944828664089,1.0,16.070219277189665,17.0,8.048860739634565,1.9,38.0,1,iPhone,74.0,53.0,0,2,2,1,3,3
253,30,Male,Europe,Lower-Mid,Bachelor,Full-time Employee,6.42,83,398,131,127,5.0,8.144648457605745,3.2263461543643523,4.0,7.0,5.74071880977801,9.3,31.0,0,Tablet,86.0,30.2,1,2,2,0,1,2
254,13,Male,Africa,Lower-Mid,High School,Student,4.91,128,613,401,140,5.0,6.943350154290872,4.167162604854712,2.0,4.0,5.892088084355555,8.2,2.0,0,iPhone,75.0,34.7,1,0,2,1,3,3
255,43,Female,North America,Upper-Mid,Master,Unemployed_Looking,9.9,120,428,141,0,2.0,6.896037526719087,2.846995550699604,10.274073636804438,10.0,5.293050546951641,4.6,30.0,1,Android,50.0,44.6,0,4,3,2,4,0
256,20,Male,North America,Lower-Mid,High School,Full-time Employee,14.36,307,341,183,0,2.0,6.065493350976936,1.0,16.070219277189665,21.0,3.117988461656035,1.3,54.0,0,iPhone,60.0,66.5,1,4,2,1,1,3
257,17,Male,Europe,Low,High School,Student,3.51,107,90,112,167,3.0,7.826428576243644,1.9809052353985,5.0,2.0,10.0,1.8,47.0,0,Laptop,78.0,16.6,1,2,1,1,3,1
258,13,Male,North America,Lower-Mid,High School,Student,8.06,134,68,336,0,3.0,6.566490050705641,1.971986818064264,1.0,13.0,4.135577744763467,9.3,59.0,0,Android,58.0,29.3,1,4,2,1,3,0
259,28,Male,Africa,Upper-Mid,Master,Full-time Employee,7.81,157,139,54,196,5.0,6.995013039101288,3.055816260065876,5.0,9.0,1.0,9.4,80.0,0,iPhone,69.0,33.5,1,0,3,2,1,3
260,25,Male,Europe,Low,Bachelor,Full-time Employee,4.57,103,378,18,159,2.0,9.027502549980538,3.88938605487026,3.0,4.0,7.153837040272051,1.0,58.0,0,Tablet,73.0,27.0,1,2,1,0,1,2
261,16,Male,Europe,Low,High School,Student,5.2,152,29,172,130,6.0,7.556211501133073,3.182997573877699,0.0,2.0,1.0,9.7,63.0,0,Android,56.0,23.4,1,2,1,1,3,0
262,24,Male,Europe,Lower-Mid,Master,Part-time/Shift,13.38,279,269,71,184,0.0,5.191063841627979,1.0,16.0,16.0,9.3503157108911,6.7,41.0,1,Android,64.0,60.2,1,2,2,2,2,0
263,20,Female,Asia,Lower-Mid,Bachelor,Student,5.69,131,216,74,0,5.0,8.544712616808186,2.168105842517071,8.6002096698399,8.0,9.860941820397343,1.9,69.0,0,iPhone,41.0,28.6,0,1,2,0,3,3
264,16,Male,Middle East,Lower-Mid,High School,Student,4.2,110,404,61,141,4.0,8.95813695821271,5.0,6.0,0.0,10.0,3.1,40.0,0,Tablet,55.0,27.0,1,3,2,1,3,2
265,43,Female,Europe,Lower-Mid,Master,Part-time/Shift,5.02,75,145,181,200,3.0,7.97590941383915,3.017484826559599,4.9455200444647085,1.0,3.063995104185077,9.8,56.0,0,Laptop,62.0,21.7,0,2,2,2,2,1
266,34,Female,Europe,Low,Master,Unemployed_Looking,14.76,289,320,228,0,4.0,7.212679772357706,1.0158529808463823,16.070219277189665,22.5,9.900374004892896,1.0,30.0,1,Tablet,53.0,66.9,0,2,1,2,4,2
267,29,Male,North America,Upper-Mid,Bachelor,Unemployed_Looking,9.47,139,460,34,258,7.0,7.418946635968447,3.310024705569627,1.0,12.0,3.655658440321092,5.9,22.0,0,iPhone,81.0,43.9,1,4,3,0,4,3
268,20,Female,South America,Upper-Mid,Bachelor,Full-time Employee,3.88,99,472,139,128,0.0,7.465981853953018,4.735541800025461,12.97368136589747,4.0,4.425624880151612,7.7,18.0,0,iPhone,51.0,27.6,0,5,3,0,1,3
269,33,Male,Europe,Upper-Mid,Master,Full-time Employee,3.88,107,395,82,68,4.0,9.041452062871013,2.985318570606348,5.0,2.0,6.961135446729301,7.7,42.0,0,Tablet,61.0,27.2,1,2,3,2,1,2
270,17,Male,Europe,Lower-Mid,High School,Student,11.14,207,437,160,166,2.0,7.999131593986847,1.0,9.0,19.0,7.076897389311099,0.0,31.0,0,iPhone,66.0,52.4,1,2,2,1,3,3
271,31,Male,North America,High,Bachelor,Full-time Employee,11.33,295,148,290,48,5.0,7.762595047366129,1.2246432788305366,8.0,9.0,1.0,5.6,39.0,0,Laptop,79.0,53.8,1,4,0,0,1,1
272,20,Male,Europe,Upper-Mid,Bachelor,Student,3.74,116,301,113,0,6.0,7.499952831149457,5.0,7.0,0.0,3.793566588071119,9.8,55.0,0,Tablet,51.0,24.3,1,2,3,0,3,2
273,50,Male,South America,Lower-Mid,Bachelor,Full-time Employee,8.16,175,118,82,13,1.0,8.38579339647291,3.732561953561348,3.0,10.0,2.139663791903618,8.9,75.0,0,Android,77.0,37.2,1,5,2,0,1,0
274,41,Male,Asia,Lower-Mid,High School,Full-time Employee,5.78,84,407,223,131,4.0,8.832843307020891,4.053438451893324,4.0,11.0,5.763312400424851,8.6,16.0,1,Android,65.0,30.7,1,1,2,1,1,0
275,14,Male,South America,Lower-Mid,High School,Student,14.8,316,268,33,32,3.0,7.099881488588595,1.0,16.0,22.5,5.157926128356675,6.418568102444702,55.0,0,Tablet,55.0,66.3,1,5,2,1,3,2
276,30,Female,North America,Upper-Mid,High School,Full-time Employee,5.88,134,187,115,9,2.0,7.199954450265255,1.0,4.270693422972757,5.0,4.184705578875915,4.5,51.0,0,iPhone,70.0,36.68415185296776,0,4,3,1,1,3
277,40,Female,Europe,Low,High School,Caregiver/Home,5.14,93,83,16,125,6.0,6.910439772592074,4.237937555117665,3.0347118199023377,6.0,1.0,10.0,68.0,0,Laptop,67.0,21.5,0,2,1,1,0,1
278,37,Male,North America,Upper-Mid,Bachelor,Caregiver/Home,0.76,21,461,283,37,4.0,8.48999887723483,4.043379515664156,8.0,0.0,4.844621284325979,7.7,12.0,0,iPhone,59.0,14.6,1,4,3,0,0,3
279,19,Male,Asia,Lower-Mid,High School,Full-time Employee,6.55,140,268,187,0,3.0,9.094869842608864,2.9554821614483435,2.0,1.0,1.0,5.7,47.0,0,iPhone,66.0,31.7,1,1,2,1,1,3
280,16,Male,Europe,Low,High School,Student,4.32,88,257,206,65,2.0,7.376019272712616,3.8815440160635992,4.0,4.0,10.0,0.3,28.0,0,Laptop,61.0,21.5,1,2,1,1,3,1
281,43,Male,North America,Low,High School,Full-time Employee,4.02,62,820,122,0,0.0,8.925197908703062,4.732800168667977,1.0,2.0,10.0,5.7,0.0,0,Laptop,66.0,37.2,1,4,1,1,1,1
282,16,Female,Europe,Low,High School,Student,4.65,76,113,243,163,7.0,6.794407381003866,4.25296719806109,5.961165468506277,6.0,4.725170740971019,9.7,42.0,0,Android,72.0,17.3,0,2,1,1,3,0
283,44,Female,North America,High,Bachelor,Caregiver/Home,10.27,217,152,26,0,3.0,8.307969576682346,1.0,9.073546664206464,9.0,1.0,9.7,72.0,0,Laptop,81.0,45.9,0,4,0,0,0,1
284,24,Male,Middle East,Low,Bachelor,Part-time/Shift,6.33,129,213,214,71,3.0,7.010509777760006,4.028975322075867,4.0,4.0,5.0055927830588125,4.5,59.0,0,Android,53.0,29.7,1,3,1,0,2,0
285,29,Female,Europe,Low,Bachelor,Full-time Employee,10.19,204,568,32,121,3.0,7.426065731545327,1.0,12.975424713528712,10.0,5.007040320666336,3.6,8.0,0,Tablet,86.0,53.7,0,2,1,0,1,2
286,23,Male,South America,Lower-Mid,Bachelor,Student,4.21,93,313,164,76,7.0,8.461759462998268,4.299931104336625,4.0,0.0,9.45001031539452,0.0,44.0,0,Tablet,45.0,24.2,1,5,2,0,3,2
287,20,Male,Middle East,Lower-Mid,Bachelor,Student,1.97,73,145,51,26,2.0,7.993993787578058,2.9064198287027514,5.0,6.0,10.0,9.0,49.0,0,iPhone,63.0,12.2,1,3,2,0,3,3
288,33,Male,Asia,Lower-Mid,Master,Full-time Employee,12.66,251,486,360,143,4.0,6.353313827041951,1.0680260423206536,4.0,17.0,9.9517152187958,6.418568102444702,9.0,1,Android,71.0,62.2,1,1,2,2,1,0
289,20,Male,Europe,Upper-Mid,High School,Student,5.62,144,150,214,115,4.0,6.942310290019565,3.993234118482972,7.0,2.0,1.915240231629496,8.6,58.0,0,Tablet,68.0,26.8,1,2,3,1,3,2
290,21,Male,Europe,Low,Bachelor,Student,5.57,144,349,179,77,5.0,6.988012105094141,2.0480176537070585,0.0,8.0,3.9265326006832657,8.2,33.0,0,iPhone,59.0,32.1,1,2,1,0,3,3
291,18,Female,North America,Low,Bachelor,Student,4.75,134,131,38,205,6.0,8.308902030181786,3.1822596792968096,2.6765444851595266,6.0,1.0,9.1,61.0,0,Tablet,63.0,23.4,0,4,1,0,3,2
292,29,Male,Africa,Lower-Mid,Master,Full-time Employee,5.6,176,412,200,194,5.0,7.704907795872871,2.1515952385554984,3.0,11.0,1.0,8.8,30.0,0,Android,60.0,37.2,1,0,2,2,1,0
293,19,Female,Asia,Low,Bachelor,Full-time Employee,7.82,247,454,68,164,4.0,6.108755313741521,3.015527524964177,9.068368581718282,4.0,9.862765981835311,0.4,33.0,0,Android,65.29930112427833,48.7,0,1,1,0,1,0
294,35,Female,North America,Lower-Mid,Bachelor,Full-time Employee,9.28,245,404,17,208,4.0,6.121498734943564,2.034178950652932,8.551774699866188,13.0,3.9084630438344186,8.8,42.0,0,Android,73.0,51.8,0,4,2,0,1,0
295,14,Female,Europe,Low,High School,Student,4.72,161,373,95,177,2.0,6.681535868409432,2.998520601831855,6.066268985304372,6.0,1.1491899604947426,9.8,35.0,1,Android,69.0,31.3,0,2,1,1,3,0
296,36,Female,South America,Low,High School,Full-time Employee,4.17,48,820,111,137,4.0,5.941863408468891,2.959653824097666,5.652350169542082,2.0,4.965167724121051,0.0,0.0,0,Tablet,58.0,34.3,0,5,1,1,1,2
297,23,Female,Europe,Upper-Mid,Bachelor,Student,3.88,89,215,124,0,7.0,8.270443562650962,3.2538272493326423,3.6203007429442575,0.0,1.0,9.7,57.0,1,iPhone,74.0,19.8,0,2,3,0,3,3
298,18,Female,Europe,Low,Bachelor,Full-time Employee,11.48,147,361,63,103,4.0,3.8742382921262744,3.1467552217665893,12.396402850886082,16.0,9.860578183403751,4.3,57.0,0,Android,68.0,36.68415185296776,0,2,1,0,1,0
299,46,Female,Europe,Low,Master,Unemployed_Looking,10.26,175,470,31,0,1.0,7.543951773883193,1.8100411539478567,10.05463799623998,12.0,5.385185772584811,5.9,37.0,0,iPhone,73.0,50.9,0,2,1,2,4,3
300,19,Male,Asia,Lower-Mid,High School,Student,11.77,252,109,36,132,0.0,5.758517969055287,1.0,13.0,19.0,2.549749290075272,6.4,88.0,0,Laptop,71.0,49.3,1,1,2,1,3,1
301,22,Male,Africa,Lower-Mid,High School,Full-time Employee,9.97,221,108,209,102,4.0,5.458161019770204,1.1103634641884488,7.0,13.0,7.942229575966705,6.5,56.0,1,Laptop,65.29930112427833,43.1,1,0,2,1,1,1
302,14,Male,North America,Lower-Mid,High School,Student,8.33,190,235,237,225,7.0,6.7192640470016975,1.2943404709522228,6.0,11.0,2.550685638467441,6.8,57.0,0,Laptop,59.0,39.0,1,4,2,1,3,1
303,33,Male,Asia,Low,PhD,Full-time Employee,7.3,131,490,142,229,5.0,6.139275851977319,3.114394242182451,4.0,2.0,3.942290114570516,5.9,13.0,0,Android,72.0,39.4,1,1,1,3,1,0
304,32,Male,Africa,Upper-Mid,Bachelor,Full-time Employee,5.34,143,439,206,104,3.0,7.0573614247936405,3.9816588210930095,5.0,7.0,1.0,9.1,14.0,0,Tablet,71.0,34.4,1,0,3,0,1,2
305,32,Female,Asia,Lower-Mid,Master,Part-time/Shift,6.76,125,203,150,90,3.0,6.902786525681504,3.939134934271996,9.16316664915574,4.0,4.010497634368767,8.8,63.0,0,Android,65.29930112427833,36.68415185296776,0,1,2,2,2,0
306,39,Female,Europe,Upper-Mid,Bachelor,Full-time Employee,4.96,100,345,373,151,6.0,7.958315882223122,4.160819752387005,2.173948504059274,6.0,1.0,8.6,29.0,0,Tablet,66.0,28.2,0,2,3,0,1,2
307,26,Male,Africa,High,High School,Full-time Employee,7.7,170,236,130,0,6.0,6.547524426286357,2.206014459149672,3.0,11.0,1.0,8.1,50.0,1,Laptop,78.0,36.4,1,0,0,1,1,1
308,27,Male,Asia,Upper-Mid,High School,Student,15.321028152585416,293,225,220,173,7.0,4.403939103698832,1.2410291011243668,4.0,22.5,9.588826129195368,2.6,54.0,1,Laptop,59.0,67.2,1,1,3,1,3,1
309,18,Male,North America,Lower-Mid,High School,Student,9.81,237,166,154,225,6.0,6.243760626622593,2.2122289711212333,5.0,10.0,4.648607159624204,9.8,71.0,0,Android,70.0,44.8,1,4,2,1,3,0
310,17,Female,Europe,Lower-Mid,High School,Student,6.34,156,182,386,14,2.0,7.114793625345644,1.9098760595180928,4.635015363818249,7.0,1.144804715606057,9.9,28.0,0,Laptop,63.0,30.2,0,2,2,1,3,1
311,50,Male,South America,Low,Bachelor,Caregiver/Home,12.94,276,208,369,71,6.0,5.045013919760537,2.254347328333989,15.0,17.0,9.71991509937192,0.0,38.0,1,Android,63.0,59.7,1,5,1,0,0,0
312,44,Female,Europe,Low,Bachelor,Full-time Employee,15.19,249,295,107,0,7.0,4.974263908373841,1.3479751984040087,16.070219277189665,22.0,9.561521529947353,2.5,45.0,0,Tablet,76.0,64.0,0,2,1,0,1,2
313,22,Female,North America,Lower-Mid,Bachelor,Student,5.52,104,320,227,82,3.0,7.060510311567605,3.951753549659522,4.874784039016554,6.0,1.0,10.0,16.0,0,iPhone,73.0,27.6,0,4,2,0,3,3
314,17,Female,Europe,Lower-Mid,High School,Student,11.93,240,178,69,212,4.0,4.216284613701341,1.0768957487348465,16.070219277189665,14.0,9.912298724783843,5.6,72.0,1,Laptop,73.0,50.2,0,2,2,1,3,1
315,23,Female,South America,Low,Master,Full-time Employee,6.56,125,182,97,88,1.0,6.980966432937818,3.836897259857936,4.425323256171201,6.0,1.0,8.8,48.0,1,iPhone,78.0,28.2,0,5,1,2,1,3
316,27,Male,North America,Low,Bachelor,Full-time Employee,7.31,176,320,35,99,5.0,8.623898580218082,3.14820059772545,0.0,8.0,1.0,2.4,55.0,0,Laptop,65.0,38.6,1,4,1,0,1,1
317,28,Female,Middle East,Upper-Mid,High School,Full-time Employee,5.77,130,302,219,130,3.0,8.142307875084382,2.948067404193612,5.120011584996313,5.0,2.103255639608041,7.2,31.0,1,Android,72.0,30.5,0,3,3,1,1,0
318,22,Male,Africa,Lower-Mid,Bachelor,Student,4.53,78,284,119,102,3.0,7.574979512254281,3.920636984117929,2.0,2.0,2.084144539029526,8.0,44.0,0,Android,62.0,22.4,1,0,2,0,3,0
319,18,Male,Europe,Lower-Mid,Bachelor,Full-time Employee,13.07,295,491,100,102,1.0,4.233224069406306,1.8373711820009464,16.070219277189665,8.0,9.296027672355237,7.0,18.0,1,iPhone,68.0,65.8,1,2,2,0,1,3
320,30,Female,Asia,Upper-Mid,Bachelor,Part-time/Shift,8.36,211,564,135,24,0.0,7.704017382172017,2.6470433158412074,7.131702945641355,8.0,6.467845752359865,7.5,28.0,0,Tablet,64.0,50.6,0,1,3,0,2,2
321,20,Female,Asia,Low,High School,Part-time/Shift,5.02,82,214,121,0,2.0,8.40053132850241,3.878763759515961,5.761578851573395,4.0,5.054241088094492,2.3,55.0,0,Laptop,66.0,21.8,0,1,1,1,2,1
322,49,Female,North America,Low,PhD,Full-time Employee,3.47,61,173,121,87,3.0,8.823804083040624,4.8443588239587045,5.919745256309108,7.0,1.0,9.6,71.0,0,Android,71.0,17.9,0,4,1,3,1,0
323,32,Female,Africa,Low,Master,Part-time/Shift,12.34,293,274,297,60,5.0,4.899569365239102,1.0649895407667378,13.03296372235377,22.0,6.965317688111098,2.7,27.0,1,Tablet,57.0,60.0,0,0,1,2,2,2
324,14,Female,Middle East,Lower-Mid,High School,Student,6.76,172,257,69,91,0.0,6.311139933890592,1.0,11.465101848334232,21.0,1.336232754685045,4.6,57.0,0,Laptop,86.0,36.68415185296776,0,3,2,1,3,1
325,35,Female,Middle East,Low,Bachelor,Part-time/Shift,8.65,124,443,285,24,0.0,7.0488266233578845,1.7872226543323244,8.605941829528982,11.0,1.0,7.4,13.0,0,iPhone,55.0,36.68415185296776,0,3,1,0,2,3
326,17,Male,Asia,Lower-Mid,High School,Student,6.26,126,293,305,68,7.0,6.6986767009634,3.3259843503483806,2.0,9.0,9.59499060037728,0.3,45.0,0,Android,53.0,30.6,1,1,2,1,3,0
327,22,Female,Africa,Upper-Mid,Bachelor,Full-time Employee,3.34,97,395,138,13,2.0,8.192645134511878,3.864458996952264,6.534919593335843,0.0,1.0,9.6,46.0,0,iPhone,77.0,23.6,0,0,3,0,1,3
328,23,Female,Asia,Upper-Mid,Bachelor,Full-time Employee,10.39,308,608,49,63,2.0,5.950802842764285,2.928624220900864,13.351113908251463,14.0,4.934423309079667,7.6,6.0,0,iPhone,73.0,63.9,0,1,3,0,1,3
329,21,Female,Middle East,Lower-Mid,Bachelor,Full-time Employee,11.68,245,289,134,124,5.0,5.397508177680142,1.1761908101036709,14.309011353068524,18.0,6.930968635278168,4.0,41.0,0,Tablet,65.29930112427833,53.3,0,3,2,0,1,2
330,28,Female,North America,Upper-Mid,High School,Part-time/Shift,9.4,174,435,234,53,2.0,8.235756512003299,1.8841224887256405,8.255867877882523,12.0,1.0,9.7,6.0,0,Tablet,71.0,46.2,0,4,3,1,2,2
331,43,Male,Africa,High,Master,Full-time Employee,4.37,78,438,216,206,6.0,9.215412113186677,3.1424753983207245,5.0,9.0,2.7440259751731224,8.6,41.59859976662777,0,Tablet,65.0,27.8,1,0,0,2,1,2
332,46,Male,Asia,Lower-Mid,Master,Full-time Employee,8.27,158,791,257,102,3.0,6.747271514716647,1.0,5.0,9.0,8.019200976717629,8.4,0.0,0,Tablet,56.0,53.3,1,1,2,2,1,2
333,45,Male,South America,Low,Master,Full-time Employee,5.76,70,424,25,178,5.0,9.639060413890329,4.126915041676044,3.0,4.0,1.0,7.1,53.0,0,Android,66.0,30.2,1,5,1,2,1,0
334,32,Male,Asia,Upper-Mid,High School,Full-time Employee,5.89,97,317,69,0,2.0,8.529776197557478,1.830533011602865,2.0,6.0,10.0,4.1,52.0,0,Android,58.0,29.1,1,1,3,1,1,0
335,37,Male,North America,Low,High School,Full-time Employee,4.42,45,820,58,214,5.0,10.289883395691737,3.1501620015811493,7.0,3.0,1.0,5.0,0.0,0,Android,75.0,36.6,1,4,1,1,1,0
336,40,Male,Europe,Low,Bachelor,Unemployed_Looking,9.33,206,291,115,64,7.0,7.227876558035312,1.305569541843285,8.0,18.0,4.698081820563801,8.2,42.0,1,Tablet,64.0,46.4,1,2,1,0,4,2
337,23,Female,Europe,Lower-Mid,Bachelor,Full-time Employee,9.83,188,820,110,171,2.0,6.625026046815019,1.914407866139085,8.138404221059515,14.0,10.0,0.0,0.0,0,iPhone,57.0,62.1,0,2,2,0,1,3
338,15,Male,Middle East,Lower-Mid,High School,Student,4.66,152,140,104,0,0.0,6.597161065141125,3.746332598809232,4.0,1.0,10.0,1.0,75.0,0,Android,65.29930112427833,24.7,1,3,2,1,3,0
339,46,Female,Africa,Lower-Mid,Master,Unemployed_Looking,15.321028152585416,267,91,200,261,5.0,6.4087494254400825,1.1683018136904002,16.070219277189665,22.5,9.749485071079912,0.0,71.0,0,Tablet,69.0,62.0,0,0,2,2,4,2
340,30,Male,Asia,Upper-Mid,High School,Full-time Employee,6.64,174,299,107,51,4.0,6.89941420626637,2.042958616944241,6.0,11.0,3.026458659938233,8.8,56.0,0,Android,59.0,36.7,1,1,3,1,1,0
341,18,Male,South America,Lower-Mid,Bachelor,Full-time Employee,8.4,256,217,331,7,2.0,6.140042703389179,2.9022449865129243,4.0,6.0,6.260928460276052,6.9,60.0,0,Android,57.0,44.8,1,5,2,0,1,0
342,19,Male,South America,Lower-Mid,Bachelor,Full-time Employee,6.75,142,156,140,93,3.0,7.034429011285028,2.952153360528858,4.0,9.0,1.0,9.3,73.0,1,Laptop,67.0,29.4,1,5,2,0,1,1
343,34,Male,South America,Upper-Mid,Master,Part-time/Shift,9.59,245,356,68,107,6.0,8.682233285055792,2.182469344750312,7.0,14.0,4.757135913090455,8.2,37.0,0,Android,67.0,51.4,1,5,3,2,2,0
344,29,Male,Asia,Lower-Mid,Bachelor,Full-time Employee,2.77,70,262,162,60,7.0,8.86517311039166,4.358491430666271,2.0,4.0,1.0,9.5,40.0,0,Tablet,60.0,17.7,1,1,2,0,1,2
345,31,Female,Middle East,High,Bachelor,Full-time Employee,12.69,236,215,49,92,5.0,4.323864443837707,1.029621226858326,16.070219277189665,22.5,9.72697875864906,0.0,56.0,1,Android,60.0,54.3,0,3,0,0,1,0
346,32,Male,Europe,Upper-Mid,Master,Part-time/Shift,3.68,96,270,324,188,3.0,8.359695556900402,2.015878374198848,9.0,0.0,10.0,3.7,17.0,0,Laptop,67.0,22.3,1,2,3,2,2,1
347,32,Female,North America,Upper-Mid,Bachelor,Full-time Employee,4.75,128,259,150,124,0.0,6.537516281981628,3.701359400178577,5.587610031568621,9.0,2.302109258464472,8.9,50.0,1,iPhone,51.0,27.8,0,4,3,0,1,3
348,21,Female,Middle East,Lower-Mid,Bachelor,Student,6.81,142,185,50,102,2.0,7.52967110491212,1.0,8.618758937423022,13.0,2.997751389755388,6.1,82.0,0,Android,51.0,30.9,0,3,2,0,3,0
349,31,Female,Asia,Lower-Mid,Bachelor,Full-time Employee,2.46,80,820,341,45,3.0,9.764733725077798,3.985119248944405,9.64734382107783,0.0,9.121842973878383,9.7,0.0,0,Tablet,58.0,40.8,0,1,2,0,1,2
350,24,Female,North America,Lower-Mid,Bachelor,Full-time Employee,7.11,117,61,126,87,1.0,7.759014060920741,3.737790606930069,5.211420611645739,9.0,2.194638820891793,9.7,79.0,0,Tablet,63.0,26.3,0,4,2,0,1,2
351,16,Female,Europe,Low,High School,Student,9.26,150,267,168,102,7.0,5.9044036156532,1.250777795530857,5.919462107908078,8.0,1.0,8.9,50.0,0,Android,68.0,38.6,0,2,1,1,3,0
352,26,Female,Europe,Low,Bachelor,Part-time/Shift,10.57,158,268,42,222,4.0,6.3116822397217,3.009468036012243,7.865969712135297,12.0,5.001306354276944,4.9,38.0,0,Android,80.0,36.68415185296776,0,2,1,0,2,0
353,29,Male,Middle East,Upper-Mid,Bachelor,Unemployed_Looking,5.95,99,173,33,96,3.0,9.267962445339336,1.96097046183188,2.0,12.0,1.0,8.8,60.0,1,iPhone,65.29930112427833,25.0,1,3,3,0,4,3
354,15,Female,Europe,Lower-Mid,High School,Student,8.91,160,268,225,10,4.0,8.313667200290324,3.0117181339298584,6.516881387096513,10.0,9.979797367957197,2.2,59.0,0,iPhone,63.0,36.68415185296776,0,2,2,1,3,3
355,33,Male,South America,Lower-Mid,Bachelor,Unemployed_Looking,4.58,65,286,160,69,7.0,7.788871828039831,4.371634883410131,6.0,6.0,1.0,8.8,44.0,0,iPhone,65.0,22.4,1,5,2,0,4,3
356,36,Female,Africa,Lower-Mid,High School,Unemployed_Looking,8.37,136,370,180,83,2.0,6.8094276841939605,2.982006556969274,5.037916988735764,12.0,1.292420370577418,8.0,38.0,0,Laptop,55.0,40.1,0,0,2,1,4,1
357,13,Male,Asia,Low,High School,Student,10.59,167,227,37,198,3.0,7.732273269628852,1.0,8.0,19.0,6.040729534821398,5.5,57.0,0,Tablet,65.0,42.0,1,1,1,1,3,2
358,24,Male,Asia,Upper-Mid,Bachelor,Student,5.39,77,263,311,112,2.0,8.939654780896927,3.9193718663826633,5.0,6.0,2.167946893283661,8.1,44.0,0,Android,62.0,24.0,1,1,3,0,3,0
359,39,Female,Africa,Upper-Mid,Master,Full-time Employee,8.42,141,337,45,136,6.0,8.845350352756325,2.254627477485288,7.243585867234923,9.0,1.0,8.4,51.0,0,Android,68.0,39.7,0,0,3,2,1,0
360,22,Male,South America,Upper-Mid,Bachelor,Full-time Employee,6.7,131,221,181,65,2.0,7.44783368974417,1.919304991263932,3.0,9.0,3.069299137612008,8.4,59.0,0,Android,65.29930112427833,30.6,1,5,3,0,1,0
361,30,Male,Middle East,Low,High School,Full-time Employee,10.53,225,169,78,45,4.0,7.202669434972236,2.019019343683308,11.0,9.0,9.968950322920897,0.0,78.0,1,Laptop,70.0,46.6,1,3,1,1,1,1
362,31,Female,Middle East,Low,Bachelor,Full-time Employee,6.05,182,512,20,153,1.0,7.12009528208954,1.8000663094396911,5.328777552324307,6.0,3.2677062962782784,9.6,35.0,0,Tablet,65.29930112427833,40.9,0,3,1,0,1,2
363,18,Male,Europe,Low,Bachelor,Part-time/Shift,4.96,158,426,132,226,4.0,6.699525289429674,2.014511285599008,4.0,8.0,1.0,8.5,22.0,0,iPhone,64.0,33.4,1,2,1,0,2,3
364,23,Female,South America,Lower-Mid,Master,Part-time/Shift,15.26,280,123,215,184,3.0,5.530824461867026,1.0,16.070219277189665,22.5,9.92220536284312,4.0,60.0,0,Laptop,65.29930112427833,60.8,0,5,2,2,2,1
365,16,Male,North America,Low,High School,Part-time/Shift,5.33,72,820,54,64,3.0,5.709836338763876,1.911542123307776,5.0,8.0,2.93568565335895,5.7,0.0,0,Laptop,72.0,46.3,1,4,1,1,2,1
366,46,Male,North America,Lower-Mid,High School,Caregiver/Home,13.26,222,108,191,68,7.0,6.887574740865782,1.2858395080464398,16.070219277189665,16.0,9.7069187651964,0.9,59.0,0,Tablet,61.0,53.1,1,4,2,1,0,2
367,24,Female,Middle East,Low,Bachelor,Full-time Employee,13.09,300,70,71,217,2.0,3.8742382921262744,1.817015645579123,16.070219277189665,18.0,10.0,2.1,78.0,1,Tablet,67.0,56.1,0,3,1,0,1,2
368,25,Male,South America,Upper-Mid,Bachelor,Full-time Employee,6.46,114,435,75,0,3.0,5.386563337570603,1.962033647029728,5.0,7.0,2.010166816691087,10.0,39.0,0,Android,65.0,34.1,1,5,3,0,1,0
369,41,Female,North America,Lower-Mid,Master,Caregiver/Home,4.11,83,140,23,309,6.0,6.629942500449841,4.149265221076421,7.0,1.0,1.833768146658846,9.7,62.0,1,Tablet,65.29930112427833,19.8,0,4,2,2,0,2
370,14,Male,Africa,Lower-Mid,High School,Student,14.06,296,83,147,26,4.0,4.895772775491872,1.062265836427463,16.070219277189665,14.0,5.84099459729723,9.6,65.0,0,iPhone,57.0,57.7,1,0,2,1,3,3
371,33,Female,Asia,Lower-Mid,Bachelor,Unemployed_Looking,0.88,41,141,92,148,3.0,10.707978422705029,4.93806939669399,8.0,0.0,1.0,1.5,56.0,1,Android,65.0,7.9,0,1,2,0,4,0
372,41,Female,North America,High,High School,Part-time/Shift,9.89,188,162,304,270,2.0,6.770866322501425,1.9066847485381035,10.352397525938812,13.0,6.08229101218931,1.9,56.0,0,Android,70.0,42.8,0,4,0,1,2,0
373,42,Male,Europe,Low,High School,Full-time Employee,6.53,174,820,19,25,3.0,7.971372479228711,3.0261194111593737,6.0,11.0,7.166724978838437,6.1,0.0,0,Laptop,80.0,57.2,1,2,1,1,1,1
374,19,Male,Asia,Lower-Mid,Bachelor,Part-time/Shift,8.21,120,137,99,81,4.0,8.856042172658638,2.1313973651431284,6.0,11.0,1.090237322262736,8.2,60.0,0,Laptop,75.0,30.3,1,1,2,0,2,1
375,29,Female,Europe,Upper-Mid,Bachelor,Part-time/Shift,4.37,49,346,113,146,3.0,8.650943357773906,2.84564014529011,9.7738305166969,8.0,4.097404558377328,7.9,35.0,0,Laptop,87.0,21.1,0,2,3,0,2,1
376,45,Female,North America,Low,Bachelor,Unemployed_Looking,6.68,55,214,36,25,0.0,5.858713408271663,1.6906767392571709,4.5630122840924585,9.0,3.419488852664526,8.2,67.0,0,Android,57.0,26.0,0,4,1,0,4,0
377,15,Male,South America,Low,High School,Part-time/Shift,4.9,90,365,145,250,4.0,8.397244823067703,5.0,3.0,4.0,1.8843382419879244,6.9,49.0,0,iPhone,65.29930112427833,25.4,1,5,1,1,2,3
378,39,Male,Asia,Lower-Mid,Master,Caregiver/Home,4.91,80,254,28,172,2.0,9.870990893214008,1.9151721220634503,6.0,6.0,4.299578637426508,9.0,57.0,0,Laptop,67.0,24.1,1,1,2,2,0,1
379,19,Male,Asia,Lower-Mid,Bachelor,Student,14.29,290,261,215,213,7.0,4.792940922310174,1.2090612239204408,16.070219277189665,21.0,9.632643768177804,2.9,56.0,0,Laptop,87.0,62.0,1,1,2,0,3,1
380,14,Female,Europe,Lower-Mid,High School,Student,8.82,232,820,76,34,4.0,6.416542817266518,3.002820397997882,6.89291476999198,12.0,6.999015463372122,6.9,0.0,0,Laptop,57.0,59.2,0,2,2,1,3,1
381,27,Male,Africa,Lower-Mid,Bachelor,Part-time/Shift,11.77,188,528,99,34,2.0,7.059583230400456,1.0,14.0,12.0,4.135350363372488,5.3,32.0,0,Tablet,57.0,55.8,1,0,2,0,2,2
382,22,Male,Middle East,Upper-Mid,Bachelor,Part-time/Shift,3.51,93,622,120,26,2.0,9.267749205724446,2.89640014322071,6.0,0.0,1.0,9.8,0.0,0,Android,59.0,29.9,1,3,3,0,2,0
383,16,Female,Asia,Low,High School,Student,4.22,112,243,108,199,5.0,8.23325905895008,4.150690582255655,6.397853686330593,1.0,1.0,9.1,45.0,0,Tablet,44.0,23.5,0,1,1,1,3,2
384,28,Male,South America,Low,Bachelor,Full-time Employee,1.38,42,223,200,134,6.0,8.173910625866256,3.2338780918758148,8.0,5.0,4.760918820337186,8.4,53.0,0,Android,60.0,11.0,1,5,1,0,1,0
385,18,Female,North America,Low,Bachelor,Part-time/Shift,7.43,174,820,206,108,0.0,9.289127153918438,2.749316165606653,9.0,9.0,5.472928111617817,4.0,0.0,0,iPhone,57.0,53.6,0,4,1,0,2,3
386,32,Female,Asia,Upper-Mid,Master,Unemployed_Looking,5.2,63,134,71,45,3.0,9.30744572443398,2.981723140572709,5.351646197210671,6.0,1.0,9.7,74.0,0,Tablet,67.0,19.7,0,1,3,2,4,2
387,25,Male,Europe,Lower-Mid,Master,Part-time/Shift,10.21,78,207,79,99,6.0,5.715662238685976,2.214481294197728,8.0,13.0,5.649871603044274,6.6,50.0,0,Laptop,68.0,34.0,1,2,2,2,2,1
388,23,Male,North America,Low,Bachelor,Full-time Employee,11.36,241,268,401,158,1.0,5.093629930468256,2.8455092420338364,8.0,15.0,9.203637781972896,4.0,32.0,1,Tablet,84.0,36.68415185296776,1,4,1,0,1,2
389,15,Male,Asia,Lower-Mid,High School,Student,11.65,316,162,121,133,3.0,7.551978169389115,1.0,7.0,17.0,1.0,7.5,64.0,1,Tablet,75.0,55.5,1,1,2,1,3,2
390,45,Female,Europe,Lower-Mid,Master,Caregiver/Home,10.25,177,119,401,31,2.0,7.739207603721618,1.0,8.808429919273305,15.0,2.0936723411906986,9.2,17.0,0,iPhone,59.0,42.3,0,2,2,2,0,3
391,23,Male,Africa,Low,Bachelor,Part-time/Shift,3.75,114,311,319,0,5.0,6.3812614510516665,2.0215855593906347,1.0,8.0,1.0,9.5,24.0,0,Laptop,56.0,24.6,1,0,1,0,2,1
392,17,Female,Europe,Lower-Mid,High School,Student,6.43,124,201,401,50,5.0,7.628935802666421,3.0778515710894263,10.591670844443708,0.0,5.920367146630094,8.4,38.0,0,Laptop,70.0,28.0,0,2,2,1,3,1
393,21,Female,Asia,Low,Bachelor,Student,4.17,78,415,69,68,4.0,7.435326192467428,2.0405869785053854,7.9627452726857,5.0,4.887177036550262,7.9,59.0,0,iPhone,52.0,25.1,0,1,1,0,3,3
394,29,Male,Asia,Low,Bachelor,Full-time Employee,6.97,126,156,25,0,4.0,8.387209642065867,3.085555662892385,5.0,6.0,9.94182206203945,1.1,76.0,0,Laptop,83.0,29.0,1,1,1,0,1,1
395,31,Female,North America,Upper-Mid,Bachelor,Full-time Employee,4.87,111,137,10,181,5.0,8.333323061532662,3.98204631739467,11.579916629367824,3.0,1.0,6.418568102444702,70.0,0,iPhone,77.0,22.6,0,4,3,0,1,3
396,26,Male,Asia,Lower-Mid,High School,Full-time Employee,10.13,237,167,391,188,6.0,6.7387295768469215,2.210288089334317,5.0,15.0,9.670688675932476,1.7,31.0,1,iPhone,60.0,46.6,1,1,2,1,1,3
397,21,Female,South America,Low,Bachelor,Student,9.18,231,313,137,154,3.0,6.977297030753006,2.0116601267119214,9.11181743703813,20.0,4.153343457649853,6.7,31.0,0,Laptop,48.0,47.5,0,5,1,0,3,1
398,29,Female,North America,Low,Bachelor,Unemployed_Looking,12.73,304,720,98,275,1.0,5.337151490410006,1.0,16.070219277189665,19.0,10.0,0.6,9.0,1,Android,79.0,72.3,0,4,1,0,4,0
399,30,Female,South America,Low,PhD,Full-time Employee,6.05,149,414,64,190,7.0,7.086884446108861,3.2567124662032945,4.15373602901207,13.0,2.632158088915572,9.9,19.0,0,Tablet,64.0,36.0,0,5,1,3,1,2
400,33,Female,Middle East,High,High School,Full-time Employee,4.32,47,285,15,53,4.0,7.913180701661627,3.0368832539901414,10.532012458491357,6.0,9.95045605872627,6.6,45.0,0,iPhone,77.0,19.8,0,3,0,1,1,3
401,35,Female,Europe,Lower-Mid,Bachelor,Full-time Employee,6.54,205,71,17,93,6.0,5.472641882824198,5.0,3.841858431525315,6.0,4.713400557728989,3.1,84.0,0,Android,49.0,34.1,0,2,2,0,1,0
402,23,Female,South America,Lower-Mid,Master,Unemployed_Looking,3.76,101,820,52,102,3.0,9.32646437591154,3.952406642064832,5.333070467721148,7.0,2.933526491283396,9.6,0.0,0,Tablet,59.0,38.8,0,5,2,2,4,2
403,15,Female,Europe,Lower-Mid,High School,Student,3.05,97,262,401,290,3.0,8.724160379511368,3.9204490472047127,3.106982422002349,1.0,1.106944904494231,8.7,0.0,0,Laptop,65.0,19.2,0,2,2,1,3,1
404,39,Male,Africa,Lower-Mid,Bachelor,Caregiver/Home,6.95,123,252,124,210,5.0,8.26652402330028,3.087347053811105,5.0,9.0,1.8837346377139,9.8,40.0,0,Android,65.0,32.6,1,0,2,0,0,0
405,27,Female,South America,High,PhD,Full-time Employee,8.38,145,294,277,25,1.0,7.637319629293073,2.8339899336490366,6.896858101360757,15.0,1.1962597343158785,6.4,49.0,1,iPhone,60.0,37.9,0,5,0,3,1,3
406,35,Male,Europe,Upper-Mid,Bachelor,Full-time Employee,15.32,316,321,155,11,5.0,4.825643258801317,3.138390430598288,16.070219277189665,22.5,9.88085276066356,0.7,36.0,1,Android,71.0,70.6,1,2,3,0,1,0
407,45,Female,Africa,Low,Bachelor,Full-time Employee,6.53,143,820,159,0,0.0,5.579356280677004,1.0,3.956462611816659,10.0,9.386810689636247,9.8,0.0,1,Tablet,54.0,58.3,0,0,1,0,1,2
408,29,Male,South America,Upper-Mid,High School,Full-time Employee,1.72,49,156,27,258,3.0,8.901814360601009,2.9827410942261765,6.0,0.0,6.934830528716265,8.6,48.0,0,iPhone,64.0,10.6,1,5,3,1,1,3
409,24,Male,Europe,Lower-Mid,Master,Student,6.29,148,189,123,191,3.0,5.1869714519451176,2.0072573047985145,3.0,14.0,9.968965187179446,3.3,57.0,1,iPhone,66.0,30.1,1,2,2,2,3,3
410,44,Male,Middle East,Upper-Mid,PhD,Full-time Employee,5.34,101,180,162,141,2.0,8.352534549744174,3.9360664310521263,4.0,5.0,1.0,9.0,49.0,1,Android,70.0,25.4,1,3,3,3,1,0
411,15,Female,South America,Lower-Mid,High School,Part-time/Shift,9.43,275,449,133,32,3.0,6.156287095486079,1.8849545437478288,5.9067591537399045,10.0,2.062032795156518,5.0,22.0,0,Laptop,72.0,54.1,0,5,2,1,2,1
412,49,Male,North America,Low,PhD,Unemployed_Looking,3.24,64,67,131,158,3.0,8.981008285552079,3.929324892220417,5.0,0.0,1.0,9.0,70.0,0,Tablet,54.0,15.3,1,4,1,3,4,2
413,37,Female,Asia,High,Bachelor,Full-time Employee,7.17,151,296,159,43,4.0,6.958059970555449,2.0403562204633907,6.2045594287010495,12.0,9.862088570922332,2.0,40.0,0,iPhone,50.0,36.9,0,1,0,0,1,3
414,22,Male,North America,Upper-Mid,Bachelor,Student,5.86,153,820,177,96,3.0,8.525212006358094,1.970906498466768,3.0,9.0,5.99604799649592,6.3,0.0,0,Android,78.0,48.7,1,4,3,0,3,0
415,16,Female,Africa,Low,High School,Student,4.05,67,186,144,85,0.0,8.06838605747311,2.6988819152599586,5.999633397990779,4.0,4.32125971234197,2.8,50.0,0,Laptop,68.0,17.1,0,0,1,1,3,1
416,19,Male,Europe,Lower-Mid,Bachelor,Student,10.67,146,358,80,80,1.0,7.032081613447147,1.0,7.0,10.0,2.1826281739928355,8.7,34.0,0,Tablet,58.0,44.5,1,2,2,0,3,2
417,39,Male,Europe,Lower-Mid,PhD,Full-time Employee,5.73,96,603,36,225,6.0,8.593037605181534,4.310691723945939,0.0,3.0,1.0,9.2,14.0,0,iPhone,81.0,36.0,1,2,2,3,1,3
418,20,Male,Asia,Lower-Mid,Bachelor,Full-time Employee,8.01,116,111,136,0,7.0,6.810011958469966,3.300887046907254,3.0,13.0,1.702429130741173,6.9,64.0,0,iPhone,65.29930112427833,29.2,1,1,2,0,1,3
419,27,Female,Asia,Upper-Mid,Bachelor,Student,11.0,170,589,177,165,7.0,6.720539695266459,1.2957960007380778,9.720425317336607,15.0,9.688878761638026,4.8,4.0,1,Android,77.0,53.4,0,1,3,0,3,0
420,35,Female,North America,Lower-Mid,High School,Unemployed_Looking,12.25,172,175,362,11,3.0,7.468843350253363,3.014513187496352,16.070219277189665,14.0,6.935419064200605,9.1,66.0,0,Laptop,66.0,47.0,0,4,2,1,4,1
421,29,Male,Africa,Lower-Mid,Bachelor,Unemployed_Looking,5.07,77,77,39,77,3.0,8.714359806891109,3.878748386980962,5.0,1.0,9.048184403990248,6.418568102444702,86.0,0,Android,86.0,18.3,1,0,2,0,4,0
422,29,Male,Asia,Low,PhD,Full-time Employee,14.01,241,820,217,148,4.0,5.077809639248295,1.0533484653598133,16.070219277189665,18.0,9.85858758599896,5.5,0.0,1,Laptop,65.29930112427833,72.54999999999998,1,1,1,3,1,1
423,24,Female,North America,Low,Master,Student,5.24,62,184,351,160,6.0,8.265717081955192,4.260646096804785,9.115391273881094,0.0,9.696815548099998,2.7,37.0,0,Laptop,63.0,20.3,0,4,1,2,3,1
424,22,Female,Middle East,Lower-Mid,Bachelor,Student,9.41,247,229,81,179,5.0,7.005864011882543,2.099651962074596,7.675348536154335,16.0,1.0,10.0,59.0,0,Tablet,75.0,46.5,0,3,2,0,3,2
425,38,Female,Middle East,Upper-Mid,High School,Full-time Employee,9.66,126,275,34,37,3.0,6.534120794141296,1.0,10.0442142713608,18.0,3.003052763087724,8.1,46.0,0,Android,71.0,36.68415185296776,0,3,3,1,1,0
426,28,Female,Africa,Lower-Mid,Bachelor,Part-time/Shift,4.82,90,74,147,60,1.0,8.388575132327977,2.8029808070426294,1.6416114857690909,5.0,1.0,8.4,77.0,0,iPhone,79.0,18.8,0,0,2,0,2,3
427,37,Female,North America,Low,High School,Part-time/Shift,3.63,89,161,64,0,0.0,9.066516830485844,3.729352172290764,6.035913229153149,1.0,1.0,9.9,70.0,0,iPhone,55.0,19.6,0,4,1,1,2,3
428,17,Male,North America,Lower-Mid,High School,Student,7.5,175,134,154,99,4.0,7.404265734364652,2.00649240424212,3.0,10.0,1.0,8.5,74.0,0,Tablet,72.0,33.1,1,4,2,1,3,2
429,34,Male,Africa,Low,High School,Full-time Employee,5.78,100,820,81,0,1.0,6.191286138347616,2.917079151350166,1.0,8.0,10.0,2.6,0.0,0,Laptop,76.0,51.3,1,0,1,1,1,1
430,23,Female,Europe,Lower-Mid,Bachelor,Student,6.77,123,274,44,25,7.0,7.45909620034324,3.26764413007777,2.73885255328641,11.0,4.69473022434125,9.1,66.0,0,Tablet,47.0,31.7,0,2,2,0,3,2
431,44,Male,Middle East,Lower-Mid,Master,Full-time Employee,14.3,271,215,249,112,1.0,5.819559272332693,1.0,16.070219277189665,22.0,10.0,2.9,30.0,1,Tablet,53.0,62.4,1,3,2,2,1,2
432,29,Female,North America,Low,High School,Unemployed_Looking,3.15,39,782,131,165,3.0,8.868832398021889,3.967359308787604,9.313476428044666,0.0,3.976269667030312,8.8,3.0,0,Android,45.0,29.6,0,4,1,1,4,0
433,24,Male,Asia,Lower-Mid,Bachelor,Unemployed_Looking,9.18,157,104,130,326,0.0,6.914203487132455,1.7777794758360848,10.0,11.0,3.4725639019411094,8.9,76.0,0,Laptop,62.0,35.8,1,1,2,0,4,1
434,43,Female,South America,Low,Master,Full-time Employee,6.3,125,539,122,189,4.0,6.266576984782824,2.052795730787804,6.128363145935734,11.0,2.950285537255955,9.0,13.0,0,iPhone,72.0,38.7,0,5,1,2,1,3
435,17,Female,Africa,Low,High School,Student,4.45,83,157,91,231,2.0,5.827112628314625,3.9164354271465767,3.309807852377281,1.0,10.0,1.5,67.0,1,Android,80.0,18.4,0,0,1,1,3,0
436,29,Female,South America,High,Bachelor,Unemployed_Looking,8.6,207,820,122,187,1.0,5.28014509825485,1.7686955578309604,6.662099314185204,12.0,10.0,7.5,5.0,1,iPhone,66.0,57.4,0,5,0,0,4,3
437,18,Male,North America,Low,High School,Student,9.83,181,248,126,334,5.0,7.359208740359357,1.2061940842548269,7.0,14.0,1.843961620323012,7.3,37.0,0,Tablet,81.0,41.9,1,4,1,1,3,2
438,15,Female,North America,Low,High School,Student,9.36,203,198,150,66,6.0,6.139886289089313,1.2397798569273313,13.502091233897964,10.0,2.6610860330493544,7.5,43.0,0,Laptop,51.0,42.0,0,4,1,1,3,1
439,20,Female,Middle East,Low,Bachelor,Student,4.6,89,268,102,100,2.0,6.868538940239257,2.944540809588257,1.8845129355211656,0.0,10.0,1.9,64.0,0,iPhone,48.0,36.68415185296776,0,3,1,0,3,3
440,14,Male,Asia,Lower-Mid,High School,Student,6.62,117,379,241,223,3.0,7.962017840956819,3.990298406364893,3.0,3.0,1.0,8.7,27.0,0,iPhone,64.0,32.3,1,1,2,1,3,3
441,34,Female,Asia,Upper-Mid,High School,Unemployed_Looking,2.94,50,820,136,173,3.0,9.283469535341492,5.0,5.603823894872045,0.0,8.13775446354641,9.6,0.0,0,Tablet,69.0,32.1,0,1,3,1,4,2
442,31,Female,Middle East,Upper-Mid,High School,Full-time Employee,14.63,297,503,119,84,3.0,3.903528151904493,1.0,5.690281317326126,14.0,10.0,2.3,19.0,1,Laptop,65.0,71.2,0,3,3,1,1,1
443,33,Female,Europe,Upper-Mid,Bachelor,Full-time Employee,7.62,180,381,53,162,5.0,7.0590191466707,2.1072391411001727,2.0,10.0,3.914206916084803,2.2,44.0,0,Tablet,44.0,42.3,0,2,3,0,1,2
444,20,Male,North America,Upper-Mid,Bachelor,Student,12.78,250,820,69,38,3.0,5.26581298551899,1.039364404518936,13.0,17.0,8.134318214629104,3.0,0.0,1,iPhone,64.0,72.54999999999998,1,4,3,0,3,3
445,26,Female,Europe,Lower-Mid,Bachelor,Part-time/Shift,7.53,137,249,148,114,0.0,7.129406293324884,1.8103735413150583,10.147215188189374,11.0,5.323681212257984,5.8,45.0,0,Android,52.0,34.3,0,2,2,0,2,0
446,31,Male,Europe,High,High School,Full-time Employee,7.97,160,241,67,194,2.0,8.782354522920373,2.8348024511584224,6.0,13.0,1.0,7.2,67.0,0,Laptop,72.0,37.0,1,2,0,1,1,1
447,32,Male,Asia,Lower-Mid,Bachelor,Full-time Employee,9.1,175,161,228,0,3.0,7.404060717094872,1.0,3.0,15.0,5.033142451440511,8.3,40.0,0,Laptop,69.0,39.1,1,1,2,0,1,1
448,14,Female,North America,Lower-Mid,High School,Student,8.19,186,662,129,219,4.0,7.813450995344517,1.0303778283136311,8.991578119943789,14.0,2.86094575655306,3.9,6.0,0,Laptop,65.29930112427833,49.3,0,4,2,1,3,1
449,16,Female,Middle East,Low,High School,Student,7.76,148,171,191,0,2.0,7.668865463691825,3.8573041576761335,6.055673998258897,12.0,6.156988908506887,9.7,51.0,0,Tablet,60.0,32.7,0,3,1,1,3,2
450,32,Female,North America,Lower-Mid,Master,Full-time Employee,8.86,168,126,72,14,7.0,5.335903763995615,2.30582093389594,8.79139489641522,11.0,3.701795818295885,7.0,74.0,0,Tablet,54.0,37.4,0,4,2,2,1,2
451,22,Female,South America,Upper-Mid,Bachelor,Student,7.85,157,723,214,310,0.0,6.517339299830219,1.7894345905691305,6.133803744335982,9.0,9.343366903048253,2.7,0.0,0,Android,64.0,48.1,0,5,3,0,3,0
452,36,Female,North America,Lower-Mid,Bachelor,Part-time/Shift,4.36,130,526,0,232,3.0,8.203398272571102,4.994623498405344,6.282609301200005,3.0,1.049279107537773,8.2,17.0,0,Android,75.0,36.68415185296776,0,4,2,0,2,0
453,31,Male,Europe,Lower-Mid,Master,Full-time Employee,7.97,200,236,100,101,4.0,5.955109837522002,2.035949395841941,5.0,8.0,6.9232589929182735,8.2,67.0,1,Android,55.0,40.7,1,2,2,2,1,0
454,23,Male,Europe,Low,Bachelor,Full-time Employee,5.56,69,129,52,0,3.0,6.85677092909011,2.997783433737893,3.0,7.0,1.1014977061401696,8.3,70.0,0,Android,70.0,20.0,1,2,1,0,1,0
455,21,Female,Europe,Upper-Mid,High School,Full-time Employee,11.61,246,433,106,152,6.0,6.743406932717032,3.193695496852364,12.161821048229148,17.0,2.664318334415058,3.5,41.0,0,Laptop,60.0,57.2,0,2,3,1,1,1
456,27,Female,Middle East,Upper-Mid,Bachelor,Full-time Employee,7.07,141,127,59,19,5.0,8.295667691681212,2.152415376971181,10.810753135073238,5.0,2.648538083155684,7.1,79.0,0,Tablet,57.0,30.3,0,3,3,0,1,2
457,34,Male,Asia,Lower-Mid,PhD,Full-time Employee,6.26,99,320,112,267,4.0,7.780205642879543,3.1217483033606794,1.0,4.0,2.9684361509661734,9.7,36.0,0,Laptop,64.0,30.3,1,1,2,3,1,1
458,44,Male,North America,Lower-Mid,PhD,Full-time Employee,7.19,112,284,111,159,3.0,7.558623146638389,1.868182391776093,2.0,8.0,1.1163062540497932,9.1,35.0,1,Android,55.0,33.8,1,4,2,3,1,0
459,22,Male,South America,Lower-Mid,Bachelor,Part-time/Shift,14.95,232,103,78,193,3.0,4.956341929477083,3.0119029896681364,16.070219277189665,22.5,10.0,0.3,73.0,1,Android,59.0,55.6,1,5,2,0,2,0
460,29,Male,Africa,Upper-Mid,High School,Full-time Employee,4.16,92,133,119,124,6.0,8.629516000496409,3.134741559452886,5.0,0.0,2.66652248632068,7.8,87.0,0,Android,53.0,19.8,1,0,3,1,1,0
461,27,Male,Middle East,Upper-Mid,Bachelor,Student,14.18,167,316,81,227,7.0,3.8742382921262744,1.3529953346553905,16.070219277189665,8.0,4.520427099974225,1.4,45.0,0,Laptop,85.0,53.4,1,3,3,0,3,1
462,13,Male,Middle East,Lower-Mid,High School,Student,8.6,149,820,189,19,2.0,6.511037913865027,1.860304450650733,5.0,14.0,10.0,3.6,0.0,0,Laptop,65.0,58.8,1,3,2,1,3,1
463,20,Female,North America,Upper-Mid,Bachelor,Part-time/Shift,6.55,164,658,290,26,4.0,7.149577471642442,2.991041449457569,6.064886271439172,16.0,2.9420849584509168,7.2,0.0,0,iPhone,58.0,44.0,0,4,3,0,2,3
464,29,Female,North America,Low,Bachelor,Full-time Employee,4.24,93,820,157,207,2.0,7.192662487125548,2.926919192498814,5.364573666486308,8.0,5.133728948261498,1.0,0.0,0,Tablet,67.0,37.2,0,4,1,0,1,2
465,31,Male,Africa,Lower-Mid,PhD,Full-time Employee,11.66,131,584,88,37,1.0,6.353789849004822,1.0,11.0,17.0,10.0,5.2,14.0,1,Tablet,64.0,36.68415185296776,1,0,2,3,1,2
466,14,Male,Europe,Low,High School,Part-time/Shift,2.78,67,239,314,191,5.0,7.081526708534121,3.081850316786568,4.0,0.0,4.748509776552625,3.8,45.0,1,Android,63.0,15.4,1,2,1,1,2,0
467,15,Male,North America,Lower-Mid,High School,Student,8.9,238,194,214,196,2.0,6.533531684612271,1.8295057432859567,2.0,8.0,1.285795320164362,9.0,58.0,0,Tablet,71.0,43.2,1,4,2,1,3,2
468,29,Female,Middle East,Lower-Mid,Bachelor,Full-time Employee,5.76,91,97,156,117,4.0,7.67786272107377,2.0425509439633287,3.7171970308713753,1.0,1.0,7.4,41.59859976662777,0,Android,73.0,21.9,0,3,2,0,1,0
469,30,Male,North America,Upper-Mid,Bachelor,Full-time Employee,8.88,137,89,32,88,5.0,8.124968697373285,2.071605314426092,3.0,10.0,7.677408145937462,0.0,90.0,0,Tablet,60.0,33.6,1,4,3,0,1,2
470,33,Female,Africa,Upper-Mid,High School,Part-time/Shift,3.07,55,327,186,52,0.0,8.075893812097114,2.6793127953046785,5.593427631049864,7.0,1.3424818623866552,8.3,41.0,0,Android,59.0,19.1,0,0,3,1,2,0
471,20,Female,South America,Upper-Mid,Bachelor,Full-time Employee,4.45,116,362,247,80,0.0,6.792773006111729,4.738167483471932,5.471943416047388,6.0,1.4335777608601417,9.5,30.0,0,Tablet,62.0,27.2,0,5,3,0,1,2
472,24,Male,Middle East,Upper-Mid,Bachelor,Student,8.75,206,477,83,75,4.0,6.4107072529863975,4.003631436625138,3.0,8.0,6.901562239591745,7.2,45.0,0,iPhone,42.0,48.9,1,3,3,0,3,3
473,32,Female,South America,High,Master,Full-time Employee,5.59,115,372,129,0,3.0,8.425618304986305,2.993367339242462,11.288429781039078,5.0,5.919297217046082,5.0,39.0,0,iPhone,50.0,31.5,0,5,0,2,1,3
474,24,Male,Asia,Low,Master,Student,7.64,113,113,41,145,4.0,7.25599404139266,2.126432198132066,0.0,14.0,2.9176054796724493,9.0,74.0,0,Android,79.0,28.1,1,1,1,2,3,0
475,38,Male,North America,Upper-Mid,Master,Full-time Employee,8.8,175,103,115,108,3.0,6.65486321540189,3.964612603996106,5.0,10.0,2.968705710433817,9.7,49.0,0,Laptop,81.0,37.0,1,4,3,2,1,1
476,15,Male,Europe,Lower-Mid,High School,Student,7.02,177,285,108,0,5.0,7.285457087605446,3.13831721503393,4.0,4.0,4.863598936174169,9.8,56.0,0,Android,63.0,36.1,1,2,2,1,3,0
477,16,Female,Europe,Lower-Mid,High School,Student,7.36,174,461,84,52,2.0,8.559789567102557,2.993060567786151,11.940604221342774,9.0,10.0,9.0,36.0,0,Tablet,71.0,41.0,0,2,2,1,3,2
478,33,Male,Africa,Upper-Mid,Master,Full-time Employee,2.96,81,146,100,308,4.0,8.111081796978882,2.992544962469025,5.0,3.0,1.0,8.7,52.0,0,iPhone,68.0,16.2,1,0,3,2,1,3
479,32,Female,North America,Lower-Mid,Bachelor,Full-time Employee,7.5,178,155,208,136,3.0,6.800973000793173,3.031602134500172,6.361590308663874,10.0,3.980815175935902,9.7,54.0,1,Laptop,89.0,34.6,0,4,2,0,1,1
480,13,Female,Africa,Low,High School,Student,5.16,96,274,138,92,3.0,7.528176153024106,2.025583254636759,6.477542132145013,8.0,5.097810897553709,9.4,37.0,0,Android,76.0,23.9,0,0,1,1,3,0
481,31,Male,Africa,Upper-Mid,High School,Part-time/Shift,7.48,127,365,49,0,7.0,6.674994423328196,4.334294816086857,6.0,4.0,9.542520525565193,5.8,26.0,1,Tablet,64.0,36.4,1,0,3,1,2,2
482,39,Female,Africa,Lower-Mid,Master,Unemployed_Looking,7.32,93,528,50,176,3.0,4.942841092796614,2.0366277672777664,7.374589971672408,11.0,8.950706849478914,9.6,47.0,1,iPhone,55.0,38.2,0,0,2,2,4,3
483,29,Male,Middle East,Low,Bachelor,Full-time Employee,3.9,22,56,91,115,4.0,8.998622771718196,4.065953766635824,7.0,6.0,5.836471351672443,6.0,83.0,0,iPhone,49.0,11.3,1,3,1,0,1,3
484,36,Female,Asia,Upper-Mid,Bachelor,Caregiver/Home,8.47,193,444,45,19,3.0,6.89830346942418,1.942893899961172,9.67147476817717,9.0,1.0654425893818034,8.4,37.0,0,Tablet,67.0,46.7,0,1,3,0,0,2
485,31,Female,Europe,Lower-Mid,Bachelor,Full-time Employee,10.69,205,76,68,44,3.0,7.769182617051064,1.026769039302163,10.180268550314768,18.0,8.062012117906551,6.5,70.0,1,Tablet,57.0,43.5,0,2,2,0,1,2
486,28,Female,Africa,High,Master,Part-time/Shift,6.72,166,681,45,22,1.0,7.18097118424643,2.868913198133263,7.243952558927273,11.0,5.195581534172852,2.7,10.0,0,Tablet,51.0,46.1,0,0,0,2,2,2
487,41,Male,North America,High,Master,Full-time Employee,15.321028152585416,284,109,204,137,3.0,5.663004267313406,1.027306069815799,16.0,22.5,10.0,3.4,68.0,0,Android,59.0,63.5,1,4,0,2,1,0
488,25,Female,North America,Low,Bachelor,Full-time Employee,8.82,214,376,90,218,0.0,5.484515707638428,2.734611548066822,5.776616394295631,15.0,6.4789886654645965,8.0,27.0,0,iPhone,54.0,46.9,0,4,1,0,1,3
489,23,Male,Asia,Upper-Mid,Bachelor,Full-time Employee,10.5,156,419,167,150,4.0,7.716219499239145,3.0161152926572266,8.0,11.0,9.852841829662683,0.8,57.0,0,Android,82.0,46.1,1,1,3,0,1,0
490,26,Male,Asia,Upper-Mid,High School,Student,7.17,133,820,190,166,2.0,7.947461459242812,2.901723843849957,2.0,6.0,4.987652949753329,2.8,0.0,0,Tablet,74.0,54.6,1,1,3,1,3,2
491,47,Female,Middle East,Low,Bachelor,Full-time Employee,3.36,25,268,46,137,5.0,9.204926545097802,5.0,6.878317538884084,1.0,2.860659830144762,3.8,38.0,0,Android,65.0,36.68415185296776,0,3,1,0,1,0
492,15,Male,Middle East,Low,High School,Student,3.4,105,228,138,61,4.0,9.669390354285628,4.103142607830892,3.0,6.0,7.921934549104016,9.0,69.0,0,Tablet,80.0,19.4,1,3,1,1,3,2
493,16,Male,Europe,Low,High School,Student,5.66,112,87,100,190,1.0,6.496660021725108,4.7907872811938885,6.0,0.0,2.193503209657968,9.1,72.0,1,Android,66.0,22.3,1,2,1,1,3,0
494,16,Male,North America,Lower-Mid,High School,Student,3.29,85,170,109,4,5.0,9.772726813246791,4.14757830674102,3.0,3.0,1.0,9.1,57.0,1,Android,56.0,16.8,1,4,2,1,3,0
495,35,Male,Europe,Upper-Mid,High School,Unemployed_Looking,3.49,95,122,148,265,4.0,7.484039383409911,4.986486103113595,6.0,6.0,6.997904653789647,9.3,60.0,0,Laptop,80.0,17.9,1,2,3,1,4,1
496,29,Male,Africa,Low,Bachelor,Part-time/Shift,3.02,85,230,65,131,2.0,7.904675652583744,3.941403236294669,4.0,3.0,5.967130116883757,9.1,46.0,0,Tablet,65.29930112427833,18.4,1,0,1,0,2,2
497,40,Female,Europe,High,High School,Full-time Employee,7.18,135,107,20,22,4.0,6.249183904087532,4.01275958050164,6.4065645948179295,6.0,1.0,8.6,77.0,0,Android,55.0,30.8,0,2,0,1,1,0
498,24,Male,Europe,Upper-Mid,Master,Student,5.82,91,52,80,150,3.0,7.769541749882472,3.011303142719712,4.0,8.0,2.2226807988409023,8.9,76.0,0,Tablet,63.0,20.8,1,2,3,2,3,2
499,19,Male,Middle East,Low,Bachelor,Student,4.45,103,820,82,0,3.0,6.633811729462506,2.9145751458716265,4.0,5.0,10.0,3.1,0.0,0,Laptop,56.0,47.5,1,3,1,0,3,1
500,42,Male,South America,High,High School,Full-time Employee,6.76,226,338,15,145,2.0,4.894865451139673,2.943726526466077,16.070219277189665,14.0,10.0,0.2,62.0,0,iPhone,51.0,36.68415185296776,1,5,0,1,1,3
501,32,Male,Asia,Low,Master,Part-time/Shift,9.33,233,564,71,297,3.0,7.342373550303511,1.0,5.0,15.0,9.131111042635672,2.7,19.0,0,iPhone,74.0,54.6,1,1,1,2,2,3
502,29,Female,Europe,Lower-Mid,PhD,Part-time/Shift,9.34,166,224,224,121,5.0,6.09516466895998,2.092741777153804,10.541063003149969,16.0,1.0,6.1,54.0,0,iPhone,84.0,39.8,0,2,2,3,2,3
503,17,Male,Africa,Low,High School,Student,3.96,75,74,67,30,3.0,7.2431512597114,4.006608193795161,8.0,2.0,8.101014233152483,8.0,94.0,0,iPhone,51.0,15.3,1,0,1,1,3,3
504,39,Male,Europe,Low,Master,Part-time/Shift,11.16,221,160,45,72,3.0,6.748104295401698,1.942522290150868,7.0,15.0,10.0,0.0,65.0,1,iPhone,71.0,48.4,1,2,1,2,2,3
505,29,Female,Europe,Upper-Mid,Master,Unemployed_Looking,4.84,152,266,139,42,5.0,9.162506990975814,3.169287413806908,5.0,6.0,1.0,8.6,52.0,0,Android,58.0,29.7,0,2,3,2,4,0
506,21,Male,South America,Lower-Mid,Bachelor,Unemployed_Looking,7.7,141,601,248,243,5.0,6.163431253776457,2.118104088165615,4.0,11.0,1.7984928264377396,9.2,6.0,0,iPhone,60.0,36.68415185296776,1,5,2,0,4,3
507,22,Male,Asia,Low,High School,Unemployed_Looking,4.57,120,244,182,0,5.0,7.996503286762967,4.045757305653168,5.0,6.0,5.8380184978764325,9.4,44.0,0,iPhone,59.0,25.1,1,1,1,1,4,3
508,29,Female,Africa,Upper-Mid,Bachelor,Full-time Employee,7.44,178,256,49,100,3.0,6.718027116281513,1.922919562717088,4.078873309710252,6.0,5.990210575200612,9.5,47.0,0,Laptop,65.29930112427833,37.9,0,0,3,0,1,1
509,20,Male,Africa,Upper-Mid,Bachelor,Student,7.15,178,721,59,96,3.0,7.027195671348141,1.0,1.0,8.0,1.0,7.4,0.0,0,Laptop,65.0,47.9,1,0,3,0,3,1
510,33,Male,Europe,Low,Master,Full-time Employee,6.31,139,227,44,25,3.0,7.199501819145993,2.0404498259285635,0.0,7.0,1.9438002289772125,9.3,53.0,0,Android,57.0,31.5,1,2,1,2,1,0
511,32,Female,Africa,High,High School,Full-time Employee,6.4,153,111,257,259,4.0,7.345862505800746,4.096982199864354,8.258347035673896,2.0,3.867516722914307,7.6,58.0,0,iPhone,68.0,29.5,0,0,0,1,1,3
512,33,Female,Europe,Lower-Mid,Bachelor,Part-time/Shift,11.43,253,64,299,172,6.0,5.253314922364723,2.292887376147516,11.838378178705614,13.0,5.695155962604127,7.0,42.0,0,iPhone,64.0,48.9,0,2,2,0,2,3
513,23,Female,Europe,Low,Bachelor,Full-time Employee,7.11,143,530,172,0,4.0,6.765496850605008,2.1346067791393857,2.832965337841536,4.0,5.855270207701737,3.3,18.0,0,Laptop,63.0,40.3,0,2,1,0,1,1
514,50,Female,North America,Upper-Mid,Bachelor,Full-time Employee,3.76,41,346,12,176,6.0,8.479139618294099,4.184956765301863,7.02913243378482,2.0,1.0,9.3,38.0,1,Laptop,56.0,21.8,0,4,3,0,1,1
515,21,Female,Europe,Lower-Mid,High School,Student,6.77,174,545,288,102,6.0,7.047302342907171,4.202269962543467,6.177023766939364,17.0,3.70462684781768,7.9,0.0,0,Android,59.0,42.5,0,2,2,1,3,0
516,18,Male,Europe,Lower-Mid,Bachelor,Full-time Employee,9.0,265,820,74,215,6.0,6.10314488398155,1.1911303093148822,3.0,15.0,9.74992191353127,3.1,0.0,1,Android,73.0,63.2,1,2,2,0,1,0
517,28,Female,North America,Upper-Mid,Bachelor,Full-time Employee,5.25,90,290,401,52,6.0,7.744932522863518,3.178118775266355,4.781945082143397,9.0,1.0,8.3,18.0,0,Laptop,70.0,25.6,0,4,3,0,1,1
518,26,Female,Asia,Upper-Mid,Master,Full-time Employee,1.88,52,61,175,151,3.0,7.42696619512619,3.879965639274312,5.0,0.0,8.000176750634905,2.1,57.0,0,Tablet,55.0,8.8,0,1,3,2,1,2
519,14,Female,Asia,Lower-Mid,High School,Part-time/Shift,4.63,138,820,42,183,2.0,6.162070504872194,2.8914183452435345,1.3351086120111426,0.0,10.0,1.0,1.0,1,Laptop,66.0,40.7,0,1,2,1,2,1
520,32,Male,South America,Low,Master,Full-time Employee,6.12,166,70,139,41,7.0,7.322149664172075,3.227300669442612,4.0,10.0,1.0,9.7,50.0,0,Tablet,73.0,28.8,1,5,1,2,1,2
521,32,Male,Asia,Low,Bachelor,Part-time/Shift,4.62,65,332,64,183,6.0,8.142150695367087,3.2099857114546926,6.0,5.0,5.758068432513636,8.8,35.0,1,Tablet,48.0,24.0,1,1,1,0,2,2
522,19,Male,Africa,Low,Bachelor,Student,4.82,80,225,164,16,3.0,6.502109464672662,2.077828915219284,2.0,7.0,1.0495714306888833,9.4,47.0,0,Android,70.0,21.2,1,0,1,0,3,0
523,47,Female,Middle East,Lower-Mid,High School,Caregiver/Home,8.01,157,103,142,46,1.0,8.73444159963364,2.7868038327310827,5.953927875887072,10.0,1.0,9.0,63.0,0,Laptop,58.0,35.2,0,3,2,1,0,1
524,19,Female,Africa,Lower-Mid,Bachelor,Student,6.8,164,496,373,25,6.0,8.547089686854333,4.221433005812813,11.153101462791389,10.0,8.812705018011432,4.7,18.0,0,Tablet,71.0,39.9,0,0,2,0,3,2
525,43,Male,North America,Lower-Mid,Master,Part-time/Shift,6.31,117,165,397,73,5.0,8.090226669980131,3.177142081225115,0.0,8.0,1.0,9.8,26.0,0,Android,57.0,29.0,1,4,2,2,2,0
526,25,Female,Europe,Low,Bachelor,Full-time Employee,10.91,218,91,107,0,5.0,5.387961876535066,1.1458242265329464,16.070219277189665,22.5,6.931049522357824,8.9,57.0,0,Laptop,47.0,45.2,0,2,1,0,1,1
527,23,Female,Europe,Low,Master,Full-time Employee,14.35,248,78,70,84,3.0,6.532716462099644,2.986664584138249,16.070219277189665,18.0,6.040585646895314,7.1,69.0,0,Laptop,49.0,55.3,0,2,1,2,1,1
528,24,Female,South America,High,Bachelor,Student,10.19,179,358,84,0,2.0,6.020908946614695,2.8740356094599724,8.228970590063513,14.0,1.1881897316740535,7.6,46.0,0,iPhone,65.0,46.3,0,5,0,0,3,3
529,36,Male,Europe,Upper-Mid,Master,Full-time Employee,4.72,130,375,201,210,6.0,7.003168334090749,4.200100406778348,4.0,6.0,9.825224646487886,3.7,28.0,0,Laptop,68.0,30.7,1,2,3,2,1,1
530,18,Female,Europe,Lower-Mid,Bachelor,Student,2.28,32,273,148,71,5.0,8.924791040841399,5.0,9.30612162714091,3.0,1.0,9.5,55.0,1,Tablet,56.0,12.7,0,2,2,0,3,2
531,22,Male,Middle East,High,Bachelor,Unemployed_Looking,5.67,99,215,65,119,6.0,6.338058586147519,4.25399655597588,3.0,2.0,4.692267577660657,8.8,68.0,0,iPhone,71.0,24.8,1,3,0,0,4,3
532,22,Female,Middle East,Low,Bachelor,Part-time/Shift,7.92,219,229,48,244,4.0,6.899974221503411,1.964850435507188,8.71694854609678,14.0,6.9320495752572215,0.2,49.0,1,Laptop,48.0,41.4,0,3,1,0,2,1
533,50,Female,South America,Upper-Mid,PhD,Caregiver/Home,9.89,185,320,38,92,0.0,5.209441896877525,1.0,5.0,21.0,5.428785973770539,8.2,62.0,0,Android,65.29930112427833,47.6,0,5,3,3,0,0
534,20,Male,Europe,Upper-Mid,Bachelor,Full-time Employee,5.05,145,820,108,42,2.0,8.22085031185872,2.8219708119071143,5.0,6.0,3.2170061305316544,2.9,0.0,0,Laptop,53.0,43.5,1,2,3,0,1,1
535,18,Male,Africa,Low,High School,Part-time/Shift,14.66,309,778,63,174,3.0,4.011204372786371,1.0201707384449672,16.070219277189665,22.0,10.0,0.0,1.0,1,Android,65.29930112427833,72.54999999999998,1,0,1,1,2,0
536,32,Female,South America,Upper-Mid,High School,Full-time Employee,6.76,134,254,48,159,0.0,7.248710946433655,2.714695567640251,6.0,4.0,5.23612931838181,8.8,36.0,0,Laptop,65.0,32.5,0,5,3,1,1,1
537,24,Female,Europe,Upper-Mid,Master,Full-time Employee,6.92,175,288,99,17,2.0,5.610805761721558,1.0,7.857719034615654,13.0,4.1634870740178425,8.7,44.0,0,Android,56.0,36.7,0,2,3,2,1,0
538,32,Male,Europe,High,High School,Unemployed_Looking,15.321028152585416,294,345,48,93,4.0,5.738424702027116,1.0808899505918743,16.070219277189665,22.5,8.857301351229871,1.7,42.0,1,Laptop,61.0,69.7,1,2,0,1,4,1
539,33,Female,South America,Low,PhD,Full-time Employee,10.82,235,220,119,102,5.0,5.806702466210195,1.1782480386884395,9.204905079491787,12.0,1.7050588877159143,7.2,48.0,0,iPhone,75.0,49.7,0,5,1,3,1,3
540,19,Male,Middle East,Low,Bachelor,Student,13.18,275,820,80,51,6.0,5.4556890615128735,1.1897903731262325,16.070219277189665,15.0,9.616631201099423,0.0,0.0,1,iPhone,59.0,72.54999999999998,1,3,1,0,3,3
541,37,Female,Europe,High,Master,Full-time Employee,2.68,37,467,68,116,2.0,7.657728510279004,1.9281862585783232,9.36738838601014,0.0,10.0,9.8,18.0,0,iPhone,73.0,20.2,0,2,0,2,1,3
542,42,Female,South America,High,High School,Part-time/Shift,7.54,129,47,15,47,0.0,6.138082043205636,1.6181322192173926,5.583697065778173,12.0,9.465701063606812,4.6,77.0,0,Laptop,54.0,29.9,0,5,0,1,2,1
543,33,Male,Middle East,Upper-Mid,High School,Full-time Employee,7.16,144,52,89,113,6.0,7.171515894639461,2.145664491044079,4.0,15.0,5.72085248725702,6.6,84.0,0,Tablet,70.0,29.1,1,3,3,1,1,2
544,32,Male,South America,Lower-Mid,High School,Full-time Employee,6.53,139,354,401,0,2.0,8.533709115943008,2.956776177667813,3.0,8.0,1.0,9.3,0.0,0,Android,79.0,34.5,1,5,2,1,1,0
545,25,Male,North America,Upper-Mid,Bachelor,Student,7.67,126,268,132,32,3.0,6.7146925356526,1.9608569110312388,3.0,10.0,4.131911095455388,6.418568102444702,48.0,0,iPhone,41.0,34.4,1,4,3,0,3,3
546,35,Female,Middle East,High,Master,Unemployed_Looking,2.32,50,232,55,114,0.0,9.41367086475645,2.6392757776284177,8.074267818449316,0.0,1.2332616820055022,6.6,53.0,0,Tablet,57.0,14.8,0,3,0,2,4,2
547,32,Female,Europe,Upper-Mid,Bachelor,Full-time Employee,6.04,109,501,148,150,6.0,10.707978422705029,2.176750996509309,7.81925167215774,8.0,2.759355039686143,6.6,22.0,0,iPhone,71.0,34.8,0,2,3,0,1,3
548,19,Male,Asia,Lower-Mid,Bachelor,Unemployed_Looking,6.86,103,146,401,63,2.0,8.16224019552391,2.8459857075181225,2.0,3.0,2.142865175728659,8.3,24.0,0,Android,63.0,26.2,1,1,2,0,4,0
549,31,Female,Europe,High,High School,Unemployed_Looking,8.56,174,167,243,74,5.0,6.783650889889756,3.1235115753610048,8.766783433680795,8.0,9.869538380793696,2.2,52.0,0,Tablet,69.0,37.8,0,2,0,1,4,2
550,20,Male,Asia,Low,High School,Student,8.06,175,338,65,241,1.0,7.53692471687826,1.793733538357236,4.0,13.0,1.0,9.0,32.0,0,Tablet,59.0,40.3,1,1,1,1,3,2
551,19,Female,Europe,Lower-Mid,Bachelor,Full-time Employee,11.67,246,377,61,0,1.0,5.595485007700817,1.0,13.805429264974933,16.0,8.184870233369058,5.0,33.0,1,Tablet,65.29930112427833,55.6,0,2,2,0,1,2
552,28,Male,Asia,Lower-Mid,Master,Full-time Employee,13.1,249,376,64,134,1.0,5.038600348330944,1.0,11.0,18.0,10.0,9.2,53.0,1,Tablet,63.0,60.0,1,1,2,2,1,2
553,16,Male,Europe,Low,High School,Student,9.11,196,358,45,78,4.0,7.046195300128967,2.119911981089744,6.0,7.0,5.0627019480829,8.8,55.0,0,Tablet,77.0,44.2,1,2,1,1,3,2
554,24,Female,Europe,Lower-Mid,Bachelor,Full-time Employee,15.321028152585416,300,187,230,222,6.0,3.8742382921262744,1.2329217355173925,16.070219277189665,17.0,9.786613734321438,3.6,57.0,0,Tablet,68.0,66.2,0,2,2,0,1,2
555,33,Female,North America,Upper-Mid,Master,Full-time Employee,5.69,91,107,95,230,4.0,8.55364258525025,3.074808598897572,6.033066388573453,4.0,1.0,8.7,67.0,0,Laptop,68.0,22.5,0,4,3,2,1,1
556,36,Male,Africa,High,High School,Full-time Employee,9.01,157,820,249,19,4.0,6.919053344901328,1.110182874532619,3.0,14.0,8.82348887933764,3.8,0.0,0,Android,61.0,64.4,1,0,0,1,1,0
557,47,Male,Asia,Low,Bachelor,Full-time Employee,3.55,75,182,2,104,3.0,8.592096143389472,3.952601937219656,4.0,4.0,9.902714117649332,2.6,81.0,0,Android,60.0,19.6,1,1,1,0,1,0
558,29,Female,North America,High,Bachelor,Full-time Employee,3.82,86,260,133,35,6.0,6.775274828318304,3.1486004333634847,5.1549116058829885,6.0,1.0,10.0,52.0,1,Tablet,61.0,21.4,0,4,0,0,1,2
559,16,Female,Europe,Low,High School,Student,6.97,163,145,90,266,4.0,7.75313946146638,3.112273534569505,4.285089317251959,9.0,1.854360059165277,1.9,62.0,0,Android,69.0,31.1,0,2,1,1,3,0
560,44,Female,Asia,Lower-Mid,Master,Full-time Employee,5.44,121,565,92,171,3.0,8.845624624211109,1.9788324621465403,4.019155208511268,10.0,1.0,9.4,17.0,0,Android,61.0,37.4,0,1,2,2,1,0
561,17,Female,North America,Low,High School,Student,3.25,109,277,70,77,0.0,6.048858922285748,2.7393540043458064,5.5234985335639,10.0,1.4625149648183926,8.9,59.0,0,iPhone,68.0,21.2,0,4,1,1,3,3
562,40,Female,Asia,Upper-Mid,Master,Full-time Employee,5.03,76,234,102,141,3.0,5.953567317312861,1.9403738786646227,3.221732625050852,3.0,1.9081673839068345,9.1,62.0,0,iPhone,86.0,23.1,0,1,3,2,1,3
563,34,Male,Asia,Upper-Mid,High School,Part-time/Shift,6.96,106,78,401,193,5.0,6.10782738842735,2.100966895279472,2.0,13.0,8.943634944845137,1.5,32.0,1,Laptop,74.0,26.0,1,1,3,1,2,1
564,32,Female,South America,Low,Bachelor,Full-time Employee,3.46,61,189,107,0,3.0,9.801757395656248,4.014376491679677,6.258897279265466,6.0,9.016988264033754,3.2,64.0,0,iPhone,62.0,16.9,0,5,1,0,1,3
565,13,Male,Asia,Lower-Mid,High School,Student,5.43,156,137,224,26,3.0,5.947197504214145,4.021273164648015,5.0,3.0,7.9453928351260545,8.3,63.0,0,Tablet,77.0,26.2,1,1,2,1,3,2
566,40,Male,South America,Low,PhD,Full-time Employee,13.66,247,93,53,0,5.0,6.4100592596109545,1.1710008322219838,16.070219277189665,21.0,1.804465709915219,2.1,67.0,0,iPhone,61.0,55.2,1,5,1,3,1,3
567,28,Female,Middle East,High,Bachelor,Full-time Employee,3.2,73,139,213,53,4.0,8.204019214241805,3.0915730986101666,7.627563293983471,0.0,1.0,9.6,53.0,0,Android,45.0,16.2,0,3,0,0,1,0
568,48,Male,Africa,Low,High School,Part-time/Shift,5.66,66,777,211,189,0.0,6.230495361655049,1.760837920813848,1.0,4.0,5.392083658644644,5.1,0.0,0,Laptop,55.0,39.2,1,0,1,1,2,1
569,36,Female,Europe,Lower-Mid,Master,Caregiver/Home,5.9,94,126,1,106,3.0,9.477321885996208,1.0,1.0,11.0,1.0,9.2,70.0,0,Laptop,46.0,24.7,0,2,2,2,0,1
570,41,Female,Asia,Lower-Mid,Master,Part-time/Shift,9.26,168,90,146,334,2.0,6.470452206552267,1.883386746928328,7.510763434454897,8.0,1.0,9.3,56.0,0,iPhone,61.0,38.1,0,1,2,2,2,3
571,44,Female,South America,Low,Bachelor,Caregiver/Home,7.62,109,782,236,334,4.0,8.498710722707017,3.1124412108349704,4.128072571906107,6.0,6.913121639463424,0.6,0.0,0,Tablet,65.0,46.9,0,5,1,0,0,2
572,31,Female,Europe,Low,Bachelor,Full-time Employee,15.2,258,257,331,206,1.0,4.774570990250532,1.0,16.070219277189665,21.0,10.0,0.7,24.0,1,Tablet,82.0,62.6,0,2,1,0,1,2
573,21,Female,North America,Upper-Mid,Bachelor,Part-time/Shift,15.321028152585416,309,114,372,15,2.0,6.107721145790372,1.0,16.070219277189665,17.0,10.0,7.2,40.0,1,Laptop,68.0,63.5,0,4,3,0,2,1
574,20,Female,South America,Upper-Mid,Bachelor,Student,14.5,308,820,131,143,4.0,5.866602221744797,1.0117243684401804,16.070219277189665,21.0,9.835796215633478,4.6,0.0,0,Laptop,63.0,72.54999999999998,0,5,3,0,3,1
575,33,Female,Europe,Low,Bachelor,Full-time Employee,6.76,288,174,225,138,6.0,4.880188667704003,3.1787293536888868,16.070219277189665,17.0,9.678699901704354,3.4,27.0,1,Android,73.0,36.68415185296776,0,2,1,0,1,0
576,39,Female,North America,Lower-Mid,Bachelor,Full-time Employee,6.74,159,108,401,176,2.0,8.859891642637807,2.880348002751515,9.243709632488448,12.0,4.158399382811312,7.5,36.0,0,Laptop,43.0,32.1,0,4,2,0,1,1
577,20,Male,Middle East,Lower-Mid,Bachelor,Part-time/Shift,5.6,144,22,81,0,3.0,6.732703111685778,3.931843455904776,5.0,12.0,1.0202828023424122,7.7,98.0,1,Android,67.0,23.6,1,3,2,0,2,0
578,45,Female,Asia,Lower-Mid,Master,Caregiver/Home,4.6,58,137,17,174,4.0,7.02230609363593,5.0,8.677316960881985,1.0,9.950801064856227,3.2,69.0,0,iPhone,73.0,18.9,0,1,2,2,0,3
579,18,Female,Asia,Lower-Mid,Bachelor,Full-time Employee,6.03,92,65,254,0,0.0,7.762232771215245,3.664984731373609,4.528710460683661,11.0,1.0,8.2,36.0,1,Laptop,50.0,21.5,0,1,2,0,1,1
580,42,Male,Asia,Upper-Mid,Bachelor,Unemployed_Looking,4.82,139,330,368,122,6.0,8.3915547202378,4.216655786700462,2.0,5.0,9.625106229979616,0.5,19.0,0,iPhone,76.0,30.8,1,1,3,0,4,3
581,40,Female,South America,High,Master,Full-time Employee,2.67,23,168,87,37,4.0,9.048299423572322,4.058550423180002,10.111234686479554,1.0,6.925614838966166,10.0,67.0,0,iPhone,68.0,11.8,0,5,0,2,1,3
582,21,Male,Africa,Low,Bachelor,Student,3.79,107,147,264,165,2.0,9.094972125475325,3.801615752228392,3.0,0.0,1.8774320546735144,9.4,47.0,0,Tablet,61.0,19.6,1,0,1,0,3,2
583,45,Female,Africa,Low,Bachelor,Full-time Employee,7.76,191,350,15,102,4.0,8.864877035800573,2.0298738273117123,6.674938625943879,10.0,6.950553306350745,5.5,49.0,0,iPhone,71.0,43.2,0,0,1,0,1,3
584,15,Male,North America,Lower-Mid,High School,Student,7.08,184,261,94,65,5.0,7.289015138760979,3.144594638837058,0.0,8.0,2.8001886536571448,1.7,47.0,1,iPhone,88.0,35.5,1,4,2,1,3,3
585,30,Male,Africa,Upper-Mid,Bachelor,Full-time Employee,11.6,286,503,357,93,6.0,6.819918106509669,2.2331307051961127,9.0,14.0,9.639064944879884,0.7,0.0,1,Android,67.0,63.0,1,0,3,0,1,0
586,42,Male,Europe,High,Bachelor,Full-time Employee,4.36,95,203,109,102,6.0,9.088222364025665,4.2014789451014005,6.0,1.0,3.742998479741843,9.8,70.0,0,Laptop,67.0,23.0,1,2,0,0,1,1
587,41,Female,Africa,Upper-Mid,Bachelor,Unemployed_Looking,9.65,233,102,21,102,4.0,7.117118735921298,2.0857694285619286,9.27605221286294,9.0,3.0245824483909485,3.0,83.0,0,Tablet,60.0,44.8,0,0,3,0,4,2
588,32,Female,North America,Lower-Mid,Master,Unemployed_Looking,8.94,171,96,364,132,6.0,6.87457276053502,1.2062284926696072,8.946469526155601,14.0,2.6796595061502058,9.2,58.0,0,Laptop,57.0,37.0,0,4,2,2,4,1
589,42,Female,Europe,Upper-Mid,Bachelor,Unemployed_Looking,12.25,164,820,69,102,7.0,4.934502277526588,1.29226159473192,13.31636972589498,18.0,9.535642908609772,0.2,0.0,0,Tablet,73.0,67.6,0,2,3,0,4,2
590,33,Male,Africa,Low,PhD,Unemployed_Looking,3.81,103,261,401,206,4.0,8.290390513167683,3.0645077117872206,6.0,0.0,9.94396866321124,8.0,39.0,0,Laptop,56.0,23.4,1,0,1,3,4,1
591,22,Male,South America,High,Bachelor,Full-time Employee,5.44,134,495,98,19,3.0,6.474203953056056,3.018390356177843,10.0,9.0,9.930430967013445,1.8,26.0,0,Android,66.0,34.6,1,5,0,0,1,0
592,14,Male,Europe,Lower-Mid,High School,Student,6.76,126,334,149,69,6.0,6.932435227031665,2.177908405410633,4.0,6.0,9.664910416315278,3.1,24.0,0,Tablet,60.0,36.68415185296776,1,2,2,1,3,2
593,18,Male,Africa,Lower-Mid,Bachelor,Student,9.25,200,287,83,152,5.0,6.641766854221476,2.107468568308736,9.0,10.0,1.0,8.9,62.0,0,Android,70.0,43.5,1,0,2,0,3,0
594,24,Female,Asia,High,Bachelor,Full-time Employee,6.34,110,208,93,26,5.0,7.95509328856167,3.09836483734819,4.204284775482664,4.0,5.829228122472115,7.8,58.0,0,Android,68.0,27.4,0,1,0,0,1,0
595,32,Male,Middle East,Low,Bachelor,Part-time/Shift,3.08,47,335,124,174,0.0,8.654869911871925,2.715776558143764,4.0,1.0,4.206460717616493,9.3,50.0,0,Android,75.0,18.2,1,3,1,0,2,0
596,49,Female,Europe,Lower-Mid,High School,Full-time Employee,9.65,74,188,122,127,2.0,5.791523678699869,1.0,11.770724190384088,11.0,9.000033026691813,6.7,49.0,1,iPhone,60.0,34.2,0,2,2,1,1,3
597,17,Female,Asia,Lower-Mid,High School,Student,4.35,103,442,159,223,5.0,7.466384417111289,3.160445927901142,4.3661270695010845,6.0,1.0,9.9,33.0,0,Laptop,62.0,27.6,0,1,2,1,3,1
598,33,Male,Asia,Low,Bachelor,Full-time Employee,9.19,147,268,22,28,3.0,8.334289616874816,1.9154858874826928,3.0,15.0,1.0,7.3,80.0,0,iPhone,55.0,36.68415185296776,1,1,1,0,1,3
599,29,Female,North America,Upper-Mid,High School,Full-time Employee,8.09,165,655,67,0,2.0,6.947152857422841,1.862133382864943,7.701966838213881,10.0,2.014382641784073,8.9,0.0,0,Tablet,61.0,48.3,0,4,3,1,1,2
600,27,Female,Asia,Lower-Mid,Bachelor,Full-time Employee,4.84,109,223,297,127,4.0,7.892769090801664,3.070563379551713,4.751663582721371,3.0,9.966743650815864,0.1,32.0,0,Android,69.0,24.5,0,1,2,0,1,0
601,31,Male,Europe,Upper-Mid,Bachelor,Unemployed_Looking,10.74,226,122,16,167,4.0,6.538520200123037,2.0065996292912542,6.0,7.0,10.0,2.2,90.0,1,iPhone,73.0,46.1,1,2,3,0,4,3
602,31,Male,Europe,Upper-Mid,High School,Full-time Employee,7.51,187,455,47,112,3.0,6.662612230915508,1.9357733727003967,6.0,14.0,1.1883082193818448,8.5,39.0,0,Laptop,56.0,44.1,1,2,3,1,1,1
603,24,Male,Asia,Upper-Mid,Bachelor,Full-time Employee,7.04,220,278,53,42,6.0,8.368683395470816,1.2789422888401163,1.0,11.0,1.0,8.6,59.0,0,Tablet,74.0,40.1,1,1,3,0,1,2
604,37,Male,South America,High,High School,Full-time Employee,6.32,121,270,274,122,5.0,6.558901401647608,3.101140880510992,1.0,10.0,6.86479799165133,6.6,29.0,0,Tablet,79.0,30.8,1,5,0,1,1,2
605,23,Female,North America,Lower-Mid,Bachelor,Student,12.18,175,50,401,0,7.0,5.8640864899421,2.339312289929637,14.848187068276314,17.0,9.44057331361886,5.6,38.0,1,Android,69.0,42.7,0,4,2,0,3,0
606,31,Male,Africa,Upper-Mid,Master,Full-time Employee,10.98,214,326,276,8,5.0,5.764886053796159,2.194575821411198,6.0,15.0,9.992233987926811,2.8,23.0,1,Android,84.0,50.5,1,0,3,2,1,0
607,25,Female,Asia,Lower-Mid,Bachelor,Unemployed_Looking,6.16,156,820,157,0,2.0,6.426679714364689,2.8554826265859283,5.652525793888458,12.0,6.097753141426475,6.1,0.0,0,Tablet,57.0,51.8,0,1,2,0,4,2
608,18,Male,North America,Low,Bachelor,Student,2.32,88,292,146,102,2.0,7.0706394213760415,3.8476576033165193,5.0,6.0,5.069114665800162,9.4,36.0,0,Tablet,53.0,18.1,1,4,1,0,3,2
609,16,Male,Middle East,Low,High School,Student,6.45,106,292,81,62,2.0,6.914278887600373,2.8783491268203183,3.0,6.0,3.1233758677189947,8.7,70.0,0,Tablet,47.0,29.4,1,3,1,1,3,2
610,30,Female,North America,Upper-Mid,Master,Full-time Employee,8.97,147,299,187,36,3.0,5.817501012729193,2.917608988707453,4.325602595543703,9.0,1.1582133734799882,9.3,51.0,0,iPhone,80.0,39.4,0,4,3,2,1,3
611,14,Female,South America,Lower-Mid,High School,Student,15.321028152585416,316,200,119,102,4.0,3.8742382921262744,1.05797671226303,16.070219277189665,18.0,10.0,1.1,63.0,1,Laptop,72.0,69.3,0,5,2,1,3,1
612,31,Female,Europe,High,Bachelor,Part-time/Shift,7.86,109,133,96,108,5.0,8.044031962441952,2.1215270663419816,5.207656656912889,9.0,1.8342864784451995,3.8,65.0,0,Laptop,64.0,29.8,0,2,0,0,2,1
613,30,Female,Africa,Upper-Mid,High School,Full-time Employee,6.86,98,419,85,131,5.0,6.3686886519507375,3.149838662728966,6.041079217475266,7.0,1.9041005178954244,9.4,28.0,0,iPhone,68.0,33.6,0,0,3,1,1,3
614,40,Male,North America,Low,High School,Caregiver/Home,3.4,88,93,172,99,4.0,9.469840672707916,4.1217721911495335,3.0,7.0,3.9342229661109833,2.5,51.0,0,Tablet,54.0,17.6,1,4,1,1,0,2
615,25,Male,Europe,Upper-Mid,Master,Student,5.33,138,405,401,278,4.0,8.468034203981823,4.092799267376408,5.0,9.0,9.847743004374689,3.6,6.0,0,Tablet,89.0,31.9,1,2,3,2,3,2
616,13,Male,Asia,Lower-Mid,High School,Student,9.47,217,218,248,216,5.0,6.580206011228244,4.156271650705269,6.0,7.0,9.942393277750195,3.1,59.0,0,Tablet,66.0,43.3,1,1,2,1,3,2
617,29,Male,Europe,Upper-Mid,Master,Full-time Employee,4.88,85,211,175,219,3.0,8.07179742989664,2.873737954092739,8.0,0.0,9.987509301916642,0.1,51.0,0,iPhone,66.0,22.5,1,2,3,2,1,3
618,14,Female,Asia,Lower-Mid,High School,Student,8.3,202,69,174,16,2.0,6.630732359154648,2.914324530249495,4.906216249503999,7.0,1.2666348203439153,9.7,70.0,0,Laptop,72.0,35.3,0,1,2,1,3,1
619,17,Male,South America,Lower-Mid,High School,Student,7.3,150,820,401,144,3.0,6.98732209067082,3.0581717577763623,6.0,7.0,10.0,2.1,0.0,0,Android,70.0,55.2,1,5,2,1,3,0
620,30,Male,Africa,High,PhD,Full-time Employee,9.24,140,619,74,236,4.0,8.053241171040387,1.0,6.0,8.0,1.0,7.9,4.0,0,Laptop,65.29930112427833,47.9,1,0,0,3,1,1
621,22,Female,South America,Upper-Mid,High School,Student,9.16,135,351,137,121,3.0,7.222015124398579,2.006509501889916,12.516715036412997,11.0,5.183597480845502,4.2,50.0,0,Android,57.0,40.0,0,5,3,1,3,0
622,31,Female,Africa,Upper-Mid,PhD,Unemployed_Looking,15.17,166,148,401,98,7.0,4.8598259986833625,1.283611020390344,16.070219277189665,20.0,9.78981575048397,3.7,33.0,1,Tablet,70.0,52.3,0,0,3,3,4,2
623,24,Female,South America,Upper-Mid,Bachelor,Student,6.55,140,436,78,241,2.0,7.404706342748347,2.849665980993229,4.821651368899424,7.0,8.12977288943702,5.5,37.0,0,iPhone,84.0,35.9,0,5,3,0,3,3
624,28,Female,Europe,Upper-Mid,High School,Part-time/Shift,11.06,263,166,52,71,6.0,6.314057926159276,1.2517507347270067,15.39283427725148,12.0,4.653037396484807,2.8,62.0,0,iPhone,78.0,50.6,0,2,3,1,2,3
625,18,Male,Africa,Lower-Mid,Bachelor,Student,12.44,209,229,96,30,0.0,5.937151990027112,2.8178717389812267,8.0,14.0,4.207676487751669,9.4,70.0,0,Tablet,81.0,50.0,1,0,2,0,3,2
626,22,Female,Europe,Low,Bachelor,Full-time Employee,4.19,143,140,110,172,0.0,8.107656405083981,1.771147980392748,8.124451720922885,5.0,6.536392655166607,9.0,63.0,0,Laptop,60.0,23.5,0,2,1,0,1,1
627,21,Male,Middle East,Lower-Mid,High School,Unemployed_Looking,6.14,136,275,77,50,5.0,8.641464110484327,2.1132500643715746,3.0,10.0,1.0,9.2,50.0,0,Tablet,55.0,31.0,1,3,2,1,4,2
628,21,Female,North America,Low,Bachelor,Student,5.36,103,456,42,53,5.0,6.846566992609208,4.084636170714243,5.642546036572867,6.0,4.915056732655271,7.8,37.0,0,Tablet,64.0,30.7,0,4,1,0,3,2
629,23,Male,Middle East,Upper-Mid,Bachelor,Full-time Employee,2.96,69,103,74,18,3.0,7.913950632513208,4.979271756430612,8.0,0.0,5.977979070944395,7.2,69.0,0,iPhone,66.0,13.3,1,3,3,0,1,3
630,29,Female,Africa,Lower-Mid,Bachelor,Part-time/Shift,3.42,62,303,53,85,5.0,5.605084525991932,3.1754681265537306,9.220173362583653,0.0,9.947315035360097,6.418568102444702,53.0,0,Laptop,76.0,19.1,0,0,2,0,2,1
631,34,Female,Middle East,Low,High School,Full-time Employee,7.24,219,381,66,62,3.0,8.955782343346224,1.952687723429448,4.029613754035943,10.0,5.981270092999921,7.7,38.0,0,Android,48.0,44.8,0,3,1,1,1,0
632,17,Female,Africa,Lower-Mid,High School,Student,14.94,315,278,49,147,6.0,4.930019951723864,1.1971751559488693,16.070219277189665,8.0,9.622403395268734,0.7,55.0,0,iPhone,80.0,66.1,0,0,2,1,3,3
633,33,Male,North America,Upper-Mid,Master,Part-time/Shift,12.85,294,268,338,239,2.0,5.550350704727454,1.0332557436362964,16.0,15.0,7.127111843997865,6.6,61.0,0,iPhone,63.0,36.68415185296776,1,4,3,2,2,3
634,47,Male,North America,Lower-Mid,High School,Part-time/Shift,6.29,147,153,9,204,3.0,9.907903664212366,3.025972972039121,7.0,9.0,6.994737444268223,9.6,89.0,0,iPhone,61.0,31.4,1,4,2,1,2,3
635,28,Female,Asia,Upper-Mid,High School,Full-time Employee,10.62,265,197,13,143,2.0,7.031147117010087,1.0,13.22542336332986,18.0,10.0,0.7,64.0,1,Android,55.0,51.2,0,1,3,1,1,0
636,39,Female,North America,High,Bachelor,Part-time/Shift,4.71,65,120,401,0,5.0,6.980315989092037,5.0,1.320988261770124,0.0,8.82014218991173,3.6,33.0,0,Android,65.29930112427833,19.5,0,4,0,0,2,0
637,30,Male,Middle East,Low,Master,Unemployed_Looking,8.24,204,269,54,241,6.0,5.25408600017132,2.176334871566736,7.0,9.0,2.767957117522275,7.8,51.0,0,Android,73.0,41.9,1,3,1,2,4,0
638,27,Female,North America,Lower-Mid,Bachelor,Part-time/Shift,8.57,223,251,93,43,4.0,5.638417348062112,3.0556591003106046,6.522505597627719,11.0,9.90748492436932,9.4,55.0,1,Laptop,66.0,43.8,0,4,2,0,2,1
639,19,Male,Asia,Low,High School,Full-time Employee,5.0,101,255,401,21,4.0,8.487795316028704,3.001868140443636,7.0,1.0,4.877558052534639,9.9,12.0,0,Tablet,52.0,24.8,1,1,1,1,1,2
640,25,Female,North America,Low,Master,Part-time/Shift,8.66,143,404,300,203,4.0,7.118208876123635,2.1319448832823573,8.771373040720091,14.0,9.884081798384456,10.0,20.0,0,Laptop,52.0,41.3,0,4,1,2,2,1
641,31,Male,North America,Lower-Mid,Master,Part-time/Shift,8.39,198,68,77,85,1.0,6.488561567547127,1.8827867028771503,2.0,11.0,10.0,1.8,78.0,0,Laptop,62.0,37.0,1,4,2,2,2,1
642,42,Female,Asia,High,High School,Unemployed_Looking,6.11,112,300,22,86,6.0,9.173286898667818,3.1850170386622065,6.838327488315361,8.0,1.0,8.3,50.0,0,Android,82.0,30.7,0,1,0,1,4,0
643,25,Male,Europe,Low,Bachelor,Full-time Employee,6.86,115,820,269,0,4.0,8.284098075616102,4.141120948668267,5.0,3.0,3.772065665459899,8.9,0.0,0,Tablet,62.0,45.9,1,2,1,0,1,2
644,27,Male,Europe,Lower-Mid,Master,Full-time Employee,6.8,102,100,126,30,6.0,9.091631369321446,3.211481700695412,4.0,5.0,1.0,10.0,77.0,0,Laptop,50.0,25.9,1,2,2,2,1,1
645,18,Male,Asia,Lower-Mid,Bachelor,Student,7.93,218,285,269,82,6.0,7.7177347116281725,2.3411637914008616,8.0,8.0,3.725490208556191,6.1,36.0,0,Laptop,63.0,42.0,1,1,2,0,3,1
646,15,Male,Asia,Lower-Mid,High School,Student,9.89,219,203,401,115,6.0,4.351265509543528,2.218928612057661,5.0,15.0,6.865372900458151,5.2,42.0,0,Tablet,62.0,44.4,1,1,2,1,3,2
647,20,Male,Middle East,Lower-Mid,Bachelor,Full-time Employee,2.79,78,159,213,61,5.0,8.175901861129876,3.160619299451072,5.0,0.0,3.906549681358324,7.6,69.0,0,Android,41.0,15.6,1,3,2,0,1,0
648,13,Female,Europe,Lower-Mid,High School,Student,6.42,155,262,119,0,5.0,9.676641626946871,2.201804833993129,6.428063598971127,11.0,1.0,9.2,62.0,0,Tablet,64.0,32.0,0,2,2,1,3,2
649,50,Female,Asia,High,Bachelor,Full-time Employee,5.08,78,67,38,205,3.0,8.04390917216305,5.0,3.403286083061728,3.0,1.0,8.1,76.0,0,iPhone,63.0,20.7,0,1,0,0,1,3
650,29,Male,Africa,Lower-Mid,Master,Full-time Employee,14.05,244,262,233,0,4.0,6.592619046552235,1.0774616216446875,15.0,19.0,9.928273813032025,2.3,32.0,1,Tablet,72.0,58.9,1,0,2,2,1,2
651,30,Female,Africa,High,PhD,Part-time/Shift,6.17,149,94,297,31,2.0,6.94251147358232,1.0,6.907519023079663,7.0,10.0,1.1,56.0,0,iPhone,83.0,27.6,0,0,0,3,2,3
652,25,Female,Africa,Upper-Mid,Bachelor,Student,15.01,271,567,120,29,3.0,3.8742382921262744,1.9977470097407903,16.070219277189665,20.0,6.9448788205531615,2.6,18.0,0,Laptop,76.0,70.7,0,0,3,0,3,1
653,19,Male,South America,Low,Bachelor,Part-time/Shift,7.48,175,393,93,61,3.0,7.622477462006242,2.9312311661473287,2.0,10.0,2.845426452725082,6.9,45.0,0,Tablet,62.0,40.1,1,5,1,0,2,2
654,21,Male,Europe,Low,Bachelor,Student,2.47,52,402,51,148,1.0,6.075282127203386,3.819877773490824,4.0,2.0,6.137630697373707,6.1,32.0,0,Tablet,54.0,18.4,1,2,1,0,3,2
655,22,Male,Middle East,Upper-Mid,High School,Unemployed_Looking,6.76,86,77,88,0,3.0,7.156965354766832,2.9165749981162348,5.0,7.0,1.0,8.2,64.0,0,Android,89.0,36.68415185296776,1,3,3,1,4,0
656,33,Female,Africa,Upper-Mid,High School,Full-time Employee,6.74,130,820,81,176,2.0,6.821694482121811,2.8031116491403614,7.390997744516133,3.0,10.0,4.3,0.0,0,Laptop,65.29930112427833,56.3,0,0,3,1,1,1
657,27,Female,Middle East,Lower-Mid,Bachelor,Full-time Employee,5.43,143,249,64,161,2.0,7.088407579355993,1.8946770693513488,6.496458214406495,7.0,1.160954991985078,8.8,38.0,0,iPhone,65.0,29.5,0,3,2,0,1,3
658,42,Male,Europe,Low,Bachelor,Unemployed_Looking,6.57,94,331,8,0,2.0,5.48552324305002,1.95526962567796,3.0,8.0,8.069820836998323,5.8,56.0,1,iPhone,65.0,31.5,1,2,1,0,4,3
659,39,Male,Africa,High,High School,Unemployed_Looking,4.72,124,415,258,118,4.0,9.045938207543816,3.098215250417696,7.0,8.0,9.966976564614551,0.3,19.0,0,Android,67.0,36.68415185296776,1,0,0,1,4,0
660,22,Female,Africa,Upper-Mid,Bachelor,Full-time Employee,10.22,238,351,61,3,1.0,6.533657180076211,1.0,11.257086097645333,15.0,10.0,3.6,43.0,1,iPhone,64.0,51.1,0,0,3,0,1,3
661,18,Female,North America,Lower-Mid,Bachelor,Student,5.69,101,247,73,106,1.0,8.664624509434544,1.899620572456393,6.656255818682048,8.0,1.2999798882522948,7.4,55.0,0,iPhone,59.0,25.9,0,4,2,0,3,3
662,23,Female,Europe,Lower-Mid,Bachelor,Student,5.6,119,314,106,180,3.0,8.053035278386659,2.9435873051988057,5.784581245229765,6.0,7.134042012436056,8.2,48.0,1,iPhone,60.0,29.3,0,2,2,0,3,3
663,19,Male,North America,Lower-Mid,Bachelor,Full-time Employee,7.23,176,192,96,0,1.0,6.518522654551526,2.716379454457717,0.0,6.0,1.2271115243611743,8.9,57.0,0,iPhone,65.0,34.4,1,4,2,0,1,3
664,23,Female,Asia,Low,Bachelor,Part-time/Shift,10.35,180,551,171,203,1.0,7.272462104884993,1.7031660228375702,6.0,14.0,8.179918072115097,10.0,18.0,1,Android,60.0,51.8,0,1,1,0,2,0
665,25,Male,North America,Upper-Mid,Bachelor,Student,3.76,63,179,49,92,3.0,8.644234096262942,4.9129808277113485,7.0,0.0,10.0,4.9,72.0,0,Laptop,58.0,17.0,1,4,3,0,3,1
666,16,Male,North America,Low,High School,Student,7.34,129,196,72,35,2.0,8.704951004649311,1.932986968307488,5.0,7.0,2.207978980704922,8.1,64.0,0,Android,66.0,30.5,1,4,1,1,3,0
667,34,Female,Asia,Low,Master,Full-time Employee,6.86,174,758,226,28,7.0,6.506798915785678,3.259838814954798,5.411889693022723,14.0,3.619286932478818,7.7,0.0,0,Tablet,65.29930112427833,49.2,0,1,1,2,1,2
668,16,Male,Europe,Low,High School,Student,7.25,190,243,93,0,4.0,8.13543771140016,1.074972950430758,0.0,12.0,2.1049709773106047,8.9,57.0,0,Android,80.0,36.3,1,2,1,1,3,0
669,15,Female,Middle East,Low,High School,Student,4.73,119,820,188,84,4.0,7.830439967661811,4.134239187517092,8.865020392484237,3.0,5.8957408723872105,9.3,0.0,0,Tablet,41.0,41.5,0,3,1,1,3,2
670,22,Female,North America,Low,Bachelor,Student,10.79,179,163,173,53,5.0,5.470066049931868,2.0768048138057607,11.858773596116738,12.0,1.0,9.3,56.0,0,iPhone,76.0,42.3,0,4,1,0,3,3
671,18,Male,Europe,Low,Bachelor,Full-time Employee,12.55,276,681,93,135,5.0,6.436995260380716,1.1557346485244455,11.0,17.0,6.85770109828766,2.6,15.0,1,Android,77.0,67.5,1,2,1,0,1,0
672,19,Female,South America,Low,Bachelor,Full-time Employee,4.86,150,820,112,220,7.0,6.97426490949667,5.0,6.417968433591623,5.0,2.5572330392760305,7.5,0.0,0,Laptop,44.0,47.2,0,5,1,0,1,1
673,14,Male,Europe,Lower-Mid,High School,Student,15.321028152585416,314,127,76,175,1.0,4.5748769947973775,1.0,16.070219277189665,22.5,10.0,0.1,69.0,0,Laptop,62.0,63.4,1,2,2,1,3,1
674,31,Male,Europe,Low,Master,Full-time Employee,2.48,56,471,161,31,3.0,10.05057488868349,3.039750921003389,5.0,0.0,5.970638839877998,3.6,31.0,0,Laptop,61.0,21.2,1,2,1,2,1,1
675,41,Female,North America,Upper-Mid,Bachelor,Full-time Employee,5.89,163,214,49,0,3.0,7.959490937918693,2.9576550219636606,7.826441160826683,7.0,5.005260117710603,8.6,53.0,0,Tablet,51.0,33.1,0,4,3,0,1,2
676,19,Female,Middle East,Low,Bachelor,Full-time Employee,7.5,117,128,401,22,3.0,7.778297605120311,2.952852725695484,4.637815278006273,4.0,3.188546733948287,8.1,46.0,0,Laptop,57.0,28.6,0,3,1,0,1,1
677,28,Female,Asia,Lower-Mid,Master,Full-time Employee,6.59,155,380,286,131,2.0,7.536663274974552,2.997736392065275,6.327520717948095,6.0,1.1113453699343503,5.7,23.0,0,Tablet,54.0,37.1,0,1,2,2,1,2
678,23,Female,Europe,Upper-Mid,Bachelor,Student,7.87,157,176,89,80,3.0,7.424701720846396,1.9981787118594705,9.16677869309483,10.0,2.97337137682377,7.1,45.0,0,iPhone,65.29930112427833,33.8,0,2,3,0,3,3
679,23,Male,North America,Lower-Mid,Bachelor,Full-time Employee,4.08,72,304,140,113,5.0,7.788062940507702,4.1780741894189255,3.0,0.0,4.917908087183652,9.4,41.0,0,Tablet,74.0,21.0,1,4,2,0,1,2
680,43,Male,South America,High,PhD,Unemployed_Looking,10.85,270,99,155,99,3.0,7.208080977476805,3.0397850213172264,11.0,18.0,1.0,6.4,41.59859976662777,0,iPhone,78.0,50.5,1,5,0,3,4,3
681,27,Male,Asia,Low,Bachelor,Full-time Employee,14.91,303,282,128,208,5.0,4.988487902161201,2.09928596196169,16.070219277189665,13.0,5.768818325675366,3.6,44.0,0,Android,72.0,66.2,1,1,1,0,1,0
682,25,Male,Asia,Upper-Mid,Master,Student,3.15,73,435,132,138,3.0,8.29299195608186,3.0345314295938186,1.0,0.0,1.0,9.9,20.0,0,iPhone,54.0,23.0,1,1,3,2,3,3
683,27,Male,North America,Upper-Mid,High School,Student,6.54,156,419,109,45,2.0,6.617580259945597,2.867061025394493,5.0,7.0,7.218865272384028,9.4,21.0,0,Android,60.0,37.8,1,4,3,1,3,0
684,37,Male,Asia,Upper-Mid,PhD,Part-time/Shift,6.95,116,820,137,180,4.0,7.147055658386685,3.024693848870978,3.0,6.0,2.028404753502629,8.0,0.0,0,Laptop,70.0,47.6,1,1,3,3,2,1
685,28,Male,Europe,Low,Bachelor,Full-time Employee,2.47,47,394,46,0,5.0,9.928264464876325,5.0,6.0,0.0,9.764476037509493,0.6,27.0,0,Laptop,53.0,18.5,1,2,1,0,1,1
686,32,Female,Europe,Upper-Mid,High School,Full-time Employee,2.99,71,361,401,125,4.0,5.445082169203335,3.020821776590645,7.698183810281477,3.0,5.978447336055033,9.7,0.0,0,Laptop,72.0,20.7,0,2,3,1,1,1
687,28,Female,Europe,Lower-Mid,Master,Full-time Employee,6.86,144,146,63,63,2.0,8.34983430565191,1.9332635527772344,4.254207365911432,10.0,6.10650370251063,5.0,68.0,1,Android,63.0,30.6,0,2,2,2,1,0
688,25,Female,Africa,Lower-Mid,Bachelor,Full-time Employee,6.76,105,820,201,188,3.0,8.281686618424233,4.985400907498388,8.0,5.0,6.988827049664304,7.4,0.0,0,Tablet,61.0,36.68415185296776,0,0,2,0,1,2
689,50,Male,Africa,Upper-Mid,Bachelor,Part-time/Shift,3.11,62,222,21,96,2.0,8.32192479345744,2.8675945104135208,0.0,3.0,1.0,9.0,67.0,0,Laptop,72.0,18.3,1,0,3,0,2,1
690,41,Female,Europe,Low,PhD,Unemployed_Looking,6.02,54,414,63,266,3.0,5.910886929980361,2.005765626398876,0.842232547552638,10.0,1.0,6.9,41.59859976662777,0,iPhone,69.0,28.7,0,2,1,3,4,3
691,26,Male,Africa,Low,Bachelor,Full-time Employee,10.24,161,477,104,0,6.0,7.231762862332653,2.197935183662092,8.0,20.0,2.7399972936397994,7.5,27.0,0,Laptop,61.0,48.3,1,0,1,0,1,1
692,30,Female,Middle East,Upper-Mid,Bachelor,Full-time Employee,6.37,111,421,46,114,0.0,9.20896429594418,2.7159829254326264,4.649861240312492,10.0,6.369264432270637,4.1,25.0,0,iPhone,77.0,33.3,0,3,3,0,1,3
693,21,Female,Europe,Low,Bachelor,Full-time Employee,3.22,75,236,148,191,2.0,8.955076064638625,2.894589925389454,7.649285366751809,12.0,1.0581320083670844,9.9,59.0,1,Laptop,54.0,17.9,0,2,1,0,1,1
694,28,Male,Middle East,Upper-Mid,High School,Full-time Employee,13.57,300,249,176,142,5.0,5.382339642080344,2.154982679717962,10.0,12.0,7.901541212515638,0.0,44.0,1,Tablet,71.0,62.1,1,3,3,1,1,2
695,15,Female,Asia,Lower-Mid,High School,Student,6.49,182,181,203,88,3.0,7.7642650477985695,3.9915327572100057,2.5673696602749807,2.0,1.0,8.1,52.0,0,iPhone,65.29930112427833,32.4,0,1,2,1,3,3
696,23,Female,Europe,Upper-Mid,Bachelor,Student,8.48,170,242,64,148,1.0,5.660474457845641,1.0,8.062055978383315,16.0,1.091401967653542,9.3,74.0,0,iPhone,62.0,38.6,0,2,3,0,3,3
697,42,Male,Europe,Upper-Mid,PhD,Full-time Employee,5.62,149,189,59,73,4.0,7.601216068473352,3.094280578709863,3.0,2.0,9.952960331115133,0.4,54.0,0,Tablet,68.0,30.2,1,2,3,3,1,2
698,47,Female,Middle East,Upper-Mid,Bachelor,Part-time/Shift,6.5,85,130,9,84,5.0,7.290862439882261,2.1206899543806683,9.221618460038068,6.0,1.0,9.3,79.0,0,Android,52.0,26.3,0,3,3,0,2,0
699,15,Male,South America,Lower-Mid,High School,Student,3.04,93,531,126,105,4.0,8.19016484757457,4.019175793907457,2.0,1.0,1.0,8.5,30.0,0,iPhone,74.0,25.5,1,5,2,1,3,3
700,16,Male,Europe,Low,High School,Student,7.6,79,138,175,0,4.0,8.916875858983229,2.978523935899525,3.0,7.0,5.815134655273682,9.6,58.0,0,Laptop,63.0,25.5,1,2,1,1,3,1
701,22,Female,South America,High,High School,Full-time Employee,8.34,203,194,230,133,0.0,7.1540160421649,2.781545368000811,8.133542682966159,14.0,4.328299917241823,8.4,32.0,1,Android,60.0,39.8,0,5,0,1,1,0
702,41,Female,North America,Lower-Mid,High School,Unemployed_Looking,3.32,52,578,144,149,2.0,8.639865870471949,3.892775234954077,6.185206568539456,1.0,1.172754322553242,9.2,21.0,0,Tablet,75.0,26.1,0,4,2,1,4,2
703,15,Male,South America,Low,High School,Part-time/Shift,4.04,79,266,211,80,3.0,7.1243030719704725,4.98258399266666,6.0,0.0,1.0416267238765038,9.4,42.0,1,Tablet,58.0,20.3,1,5,1,1,2,2
704,44,Male,Africa,Upper-Mid,High School,Part-time/Shift,6.08,65,176,34,258,5.0,7.949082577070917,3.184099807719627,0.0,10.0,1.0,10.0,65.0,0,Android,51.0,24.5,1,0,3,1,2,0
705,39,Female,Europe,Low,Master,Full-time Employee,7.68,139,590,95,0,4.0,9.44402418180698,1.028054706758002,8.706950463040222,16.0,4.8092928833354,8.9,8.0,0,iPhone,65.29930112427833,44.7,0,2,1,2,1,3
706,20,Female,North America,Upper-Mid,Bachelor,Full-time Employee,2.59,84,150,163,95,0.0,7.114380425940473,4.663666481527153,6.941879273591803,0.0,1.0,8.3,54.0,0,Android,71.0,14.4,0,4,3,0,1,0
707,41,Female,South America,Low,High School,Full-time Employee,4.3,64,115,77,126,7.0,7.481613278736854,4.295067984238928,5.562568338981433,0.0,1.0,9.6,67.0,0,iPhone,52.0,18.4,0,5,1,1,1,3
708,19,Male,Europe,Low,Bachelor,Full-time Employee,8.64,178,527,401,58,2.0,7.769913517607948,2.9075538087483914,4.0,11.0,3.2525698155142364,8.3,13.0,0,Android,83.0,45.9,1,2,1,0,1,0
709,32,Female,North America,Lower-Mid,Bachelor,Part-time/Shift,9.21,207,320,311,17,5.0,7.262254633622424,2.1186672086266323,9.608552586209363,15.0,4.894192997625791,10.0,13.0,0,Tablet,65.29930112427833,46.8,0,4,2,0,2,2
710,27,Male,Africa,Low,Master,Full-time Employee,12.5,187,437,42,218,2.0,8.408616455596416,1.0,16.070219277189665,15.0,5.142863549317761,4.4,17.0,0,iPhone,82.0,54.3,1,0,1,2,1,3
711,22,Female,Asia,High,Bachelor,Full-time Employee,12.9,263,485,270,54,7.0,4.796687076875467,1.1672706207420995,16.070219277189665,14.0,9.508492210956216,0.1,12.0,1,iPhone,67.0,62.9,0,1,0,0,1,3
712,35,Female,Africa,Upper-Mid,High School,Caregiver/Home,8.87,127,199,56,0,4.0,7.957077708343878,2.107927850232882,7.898180015277651,9.0,1.0,8.1,52.0,0,iPhone,64.0,35.8,0,0,3,1,0,3
713,47,Male,North America,Low,Bachelor,Full-time Employee,5.41,78,201,13,81,1.0,8.99927400505965,3.8518287700658296,3.0,10.0,1.0,9.6,71.0,0,Tablet,60.0,24.7,1,4,1,0,1,2
714,30,Male,Middle East,Lower-Mid,Master,Part-time/Shift,4.91,151,295,46,81,2.0,7.624249319802982,3.9149942700294,0.0,0.0,1.0,8.2,71.0,1,Tablet,69.0,30.3,1,3,2,2,2,2
715,35,Female,North America,Low,Bachelor,Full-time Employee,4.61,121,820,93,0,4.0,8.600386426900316,2.885129940864438,5.633234589621594,7.0,6.881198643807847,9.0,0.0,0,iPhone,65.0,50.7,0,4,1,0,1,3
716,21,Male,Asia,Low,High School,Student,3.76,99,755,135,86,3.0,7.770421535481977,4.036234813904648,2.0,7.0,8.81181515744898,9.4,31.0,0,Tablet,76.0,33.9,1,1,1,1,3,2
717,20,Male,North America,Low,Bachelor,Student,12.12,147,559,401,60,4.0,6.061575709439351,1.0006033128060985,11.0,16.0,6.913751463471733,6.2,0.0,0,Android,66.0,53.0,1,4,1,0,3,0
718,13,Male,Europe,Lower-Mid,High School,Part-time/Shift,4.16,93,240,123,139,5.0,9.47127340314567,3.106425063015481,2.0,7.0,6.8012375530368026,2.2,76.0,0,Android,67.0,20.7,1,2,2,1,2,0
719,33,Female,Europe,Lower-Mid,Bachelor,Full-time Employee,6.77,100,79,250,200,2.0,8.263449735944217,1.0,7.802348826847211,8.0,9.123810549510932,1.6,58.0,0,Laptop,61.0,25.4,0,2,2,0,1,1
720,48,Female,Europe,Lower-Mid,Bachelor,Unemployed_Looking,9.93,95,504,72,103,3.0,6.815125928969183,2.9924112764737334,10.521131348550258,8.0,6.079562636491666,7.1,7.0,0,Laptop,64.0,44.6,0,2,2,0,4,1
721,30,Male,South America,Lower-Mid,Bachelor,Part-time/Shift,7.97,229,122,157,118,4.0,7.994694983269066,2.08389642044752,3.0,6.0,1.000863648561876,8.9,67.0,0,Laptop,68.0,39.8,1,5,2,0,2,1
722,20,Male,Asia,Lower-Mid,Bachelor,Full-time Employee,11.86,249,117,134,36,4.0,4.820208462951806,2.096567046053857,14.0,12.0,10.0,0.6,58.0,1,Tablet,48.0,50.3,1,1,2,0,1,2
723,29,Male,South America,Low,Bachelor,Full-time Employee,5.53,67,358,272,97,6.0,6.836782989611967,3.252486981035335,6.0,1.0,6.753397657168951,6.9,33.0,0,Tablet,52.0,26.7,1,5,1,0,1,2
724,42,Male,Europe,Lower-Mid,Bachelor,Caregiver/Home,6.53,93,301,0,165,3.0,8.776512927632544,2.984686734951791,2.0,8.0,4.893217844191343,8.6,68.0,0,iPhone,72.0,30.3,1,2,2,0,0,3
725,48,Female,Africa,Upper-Mid,High School,Full-time Employee,15.321028152585416,288,820,234,104,4.0,7.611049222532657,1.0727211512907724,16.070219277189665,20.0,5.903470663600679,0.7,0.0,0,Tablet,67.0,72.54999999999998,0,0,3,1,1,2
726,24,Female,Europe,Lower-Mid,Bachelor,Full-time Employee,14.01,238,328,355,218,3.0,4.866525212533798,1.0,3.5408432217470027,22.5,5.221606683029089,3.5,45.0,0,iPhone,65.29930112427833,59.7,0,2,2,0,1,3
727,24,Male,Europe,Low,Bachelor,Full-time Employee,4.78,81,820,181,0,4.0,9.912139629048172,3.0143736779969417,4.0,8.0,3.960703981000341,4.9,0.0,0,Laptop,65.0,46.7,1,2,1,0,1,1
728,23,Female,Middle East,Low,Bachelor,Student,6.99,145,143,401,121,6.0,8.98993099298422,4.256467316715151,7.877348917245398,2.0,1.0,9.3,22.0,0,Laptop,65.29930112427833,30.2,0,3,1,0,3,1
729,13,Female,Asia,Lower-Mid,High School,Student,7.51,135,592,313,0,2.0,6.919972793219217,1.9340162054808103,6.673739094784608,10.0,7.1725512336560735,7.8,0.0,0,Android,60.0,41.4,0,1,2,1,3,0
730,36,Male,Europe,High,Master,Caregiver/Home,10.3,124,229,250,119,3.0,4.799181264472869,1.0082303455633557,12.0,21.0,10.0,3.0,24.0,1,iPhone,57.0,36.68415185296776,1,2,0,2,0,3
731,21,Female,Asia,Upper-Mid,Bachelor,Unemployed_Looking,3.78,112,369,51,0,5.0,7.801897601162596,4.106088823851825,5.378714841984104,2.0,1.0,5.0,39.0,0,Tablet,67.0,25.5,0,1,3,0,4,2
732,30,Female,Africa,High,Master,Part-time/Shift,4.31,122,820,67,65,4.0,5.952615256553504,4.097449624935078,7.263549515013823,6.0,9.911604696863256,0.1,13.0,0,Laptop,55.0,41.0,0,0,0,2,2,1
733,27,Male,North America,Upper-Mid,High School,Student,3.13,83,171,401,0,3.0,7.675400867656799,2.913978152117117,9.0,4.0,6.034248073801579,5.4,32.0,1,Android,69.0,16.8,1,4,3,1,3,0
734,20,Male,South America,Low,Bachelor,Student,3.25,49,134,166,191,3.0,7.157478643982874,3.0259083652342484,4.0,3.0,5.139799132285427,9.6,65.0,0,iPhone,48.0,13.3,1,5,1,0,3,3
735,13,Female,Middle East,Low,High School,Student,5.96,138,107,106,82,3.0,7.182684298442543,2.95899683467884,2.882159103461293,10.0,2.0410933319149374,1.5,56.0,0,Tablet,75.0,25.1,0,3,1,1,3,2
736,16,Female,Asia,Lower-Mid,High School,Student,4.38,120,140,152,59,2.0,7.6504656110075535,2.976364251461408,6.226826329350798,0.0,1.0,4.8,75.0,0,Tablet,70.0,21.1,0,1,2,1,3,2
737,34,Female,Asia,Low,Master,Full-time Employee,6.58,154,820,131,228,2.0,7.622437642271696,2.8160836265411024,2.358090252057507,10.0,10.0,7.0,0.0,0,Laptop,68.0,52.7,0,1,1,2,1,1
738,26,Male,Asia,Upper-Mid,Bachelor,Full-time Employee,4.23,85,77,53,0,0.0,9.386580133897294,2.820556646246786,5.0,4.0,1.0,9.9,82.0,0,Tablet,75.0,17.0,1,1,3,0,1,2
739,32,Male,Asia,High,High School,Full-time Employee,8.49,153,264,80,213,4.0,7.410308189859563,4.033851801879719,4.0,3.0,1.0,8.7,41.59859976662777,0,Android,82.0,38.0,1,1,0,1,1,0
740,20,Male,South America,Lower-Mid,High School,Student,8.43,242,107,89,0,6.0,7.048049190040108,1.192720342730822,3.0,15.0,1.0,9.1,71.0,0,Tablet,75.0,40.5,1,5,2,1,3,2
741,32,Male,North America,High,Bachelor,Part-time/Shift,7.97,174,160,56,217,0.0,6.318508220187557,1.74212838490014,4.0,10.0,1.400218413105348,9.6,65.0,0,Android,47.0,36.9,1,4,0,0,2,0
742,24,Female,Middle East,High,Bachelor,Part-time/Shift,11.27,135,136,401,87,3.0,6.678284536317538,1.0,13.422322219961714,15.0,7.13798039952596,3.8,41.0,1,Tablet,52.0,36.68415185296776,0,3,0,0,2,2
743,26,Female,Asia,Upper-Mid,High School,Full-time Employee,12.82,241,451,401,0,4.0,6.281303453609549,1.0483085682727775,16.070219277189665,21.0,7.96940103783035,2.0,0.0,1,Tablet,59.0,60.6,0,1,3,1,1,2
744,26,Male,Africa,Lower-Mid,Bachelor,Full-time Employee,3.74,62,295,401,90,1.0,6.140054462496404,4.775389774284076,4.0,2.0,10.0,4.7,7.0,0,Android,65.0,19.7,1,0,2,0,1,0
745,34,Female,Africa,Upper-Mid,Master,Full-time Employee,6.47,126,423,99,0,3.0,8.083207903147096,2.936987198192176,5.621621917406932,5.0,3.0751231221721937,9.3,46.0,0,Android,70.0,35.5,0,0,3,2,1,0
746,27,Female,South America,Lower-Mid,Master,Full-time Employee,11.27,244,290,30,288,3.0,5.678129929239427,1.0,12.90077982497461,16.0,10.0,6.418568102444702,45.0,1,Android,58.0,53.2,0,5,2,2,1,0
747,22,Female,North America,Low,Bachelor,Student,6.76,179,679,137,249,3.0,6.045142380240617,1.926962099975959,5.268079084334439,17.0,1.0930339511421745,10.0,0.0,0,Laptop,67.0,36.68415185296776,0,4,1,0,3,1
748,32,Male,Asia,High,Bachelor,Full-time Employee,8.04,173,371,42,268,7.0,7.27063208470421,3.253169237377893,4.0,16.0,9.417726030463555,1.9,45.0,0,Laptop,65.29930112427833,42.1,1,1,0,0,1,1
749,21,Female,Asia,Low,High School,Part-time/Shift,7.89,221,180,61,34,0.0,7.058190381909209,2.66374688146354,10.5467122419545,11.0,1.3657051428365732,8.3,65.0,0,iPhone,59.0,39.8,0,1,1,1,2,3
750,47,Male,Europe,Upper-Mid,High School,Part-time/Shift,12.08,203,63,109,137,6.0,7.0220357462562975,1.1864977715333422,12.0,16.0,9.63414692318834,0.7,71.0,1,Tablet,51.0,47.9,1,2,3,1,2,2
751,25,Male,Europe,Upper-Mid,Bachelor,Student,6.93,155,121,26,0,3.0,7.886945592316226,1.037620476227331,4.0,11.0,2.130311706148685,8.5,93.0,1,Android,56.0,30.9,1,2,3,0,3,0
752,49,Male,Asia,High,High School,Full-time Employee,4.97,119,238,29,102,3.0,7.86929969835998,3.929743692735986,5.0,4.0,3.025507075927805,9.1,58.0,0,iPhone,51.0,28.5,1,1,0,1,1,3
753,30,Male,South America,High,High School,Part-time/Shift,12.31,316,78,81,94,3.0,5.267151178197745,1.0,13.0,14.0,10.0,4.7,72.0,1,Laptop,55.0,57.2,1,5,0,1,2,1
754,30,Female,Middle East,Upper-Mid,High School,Part-time/Shift,12.19,223,119,401,225,5.0,6.651589230932541,1.1415057592587277,16.070219277189665,14.0,9.703848034146828,2.7,34.0,1,iPhone,76.0,49.0,0,3,3,1,2,3
755,37,Female,Middle East,Low,Master,Full-time Employee,7.54,140,130,299,114,4.0,6.38926693595951,3.0333851966479166,7.61916520780543,9.0,4.012113113337171,7.4,37.0,0,Android,56.0,32.4,0,3,1,2,1,0
756,21,Female,Europe,Upper-Mid,Bachelor,Student,7.86,137,203,351,63,4.0,8.11290981464479,3.1633327400053752,7.775626123873954,10.0,9.980952891838047,1.0,39.0,0,Laptop,89.0,32.3,0,2,3,0,3,1
757,24,Female,South America,Upper-Mid,Master,Student,3.83,117,112,373,142,3.0,7.444448113415844,4.963913976507322,3.5882445188453325,3.0,1.0,8.7,43.0,1,Laptop,70.0,19.6,0,5,3,2,3,1
758,23,Male,South America,Low,Bachelor,Full-time Employee,10.58,203,77,86,6,6.0,4.61483758758617,1.2284552228422778,3.0,18.0,1.6526990977846154,9.8,95.0,0,Tablet,67.0,42.0,1,5,1,0,1,2
759,33,Female,Middle East,Low,Master,Full-time Employee,4.03,106,177,66,123,5.0,7.255272958597683,2.178998101174617,6.425493376553149,6.0,2.762362596492081,6.2,58.0,0,Android,56.0,22.0,0,3,1,2,1,0
760,22,Male,Africa,Upper-Mid,Bachelor,Student,12.59,277,524,68,158,5.0,4.137965389156949,1.1780385552277934,9.0,20.0,9.842141740442804,1.1,29.0,1,Laptop,72.0,64.2,1,0,3,0,3,1
761,18,Male,Africa,Low,Bachelor,Student,6.45,103,204,359,220,2.0,7.082666590394702,2.9038201102222456,3.0,8.0,1.0882324856543206,8.3,39.0,0,Android,59.0,26.7,1,0,1,0,3,0
762,29,Female,Asia,High,Bachelor,Full-time Employee,8.44,170,214,123,0,3.0,8.006868853656252,1.9639840004068343,7.282871069634186,10.0,2.072070937359341,10.0,61.0,0,Tablet,66.0,38.2,0,1,0,0,1,2
763,41,Female,Europe,High,High School,Full-time Employee,6.95,140,286,138,0,1.0,8.482088274440375,1.9134725143665807,2.9400177564367738,7.0,10.0,4.3,54.0,0,iPhone,89.0,34.3,0,2,0,1,1,3
764,24,Female,Europe,Lower-Mid,Bachelor,Part-time/Shift,12.97,304,820,132,227,5.0,4.351246488350072,2.1268216481689377,5.290841923393805,12.0,9.785250219574603,0.2,0.0,0,iPhone,65.29930112427833,72.54999999999998,0,2,2,0,2,3
765,23,Female,Asia,Upper-Mid,Bachelor,Full-time Employee,6.48,159,820,283,38,2.0,8.090787668625195,2.8700712259229526,8.395342225324642,5.0,10.0,1.8,0.0,0,Tablet,76.0,56.9,0,1,3,0,1,2
766,40,Male,Asia,High,Bachelor,Full-time Employee,5.54,117,820,126,47,5.0,6.58920836442735,3.09951721251995,0.0,2.0,4.859412650326793,8.2,0.0,1,Tablet,58.0,47.3,1,1,0,0,1,2
767,40,Female,Africa,Low,High School,Full-time Employee,6.47,85,275,90,0,3.0,7.880128066473294,2.885700214605797,7.351160621184783,12.0,1.0,9.6,51.0,0,Laptop,65.0,28.9,0,0,1,1,1,1
768,15,Female,Asia,Low,High School,Student,6.65,152,142,151,0,6.0,5.9684278482249145,2.252775093143267,8.01123576153626,8.0,1.0,8.6,55.0,0,Tablet,83.0,28.9,0,1,1,1,3,2
769,20,Female,Asia,Low,Bachelor,Student,9.1,129,360,168,75,4.0,6.520115850652083,1.934521598482852,8.368203068267245,9.0,3.743890352712028,7.0,46.0,0,iPhone,59.0,39.4,0,1,1,0,3,3
770,26,Female,South America,Upper-Mid,High School,Student,6.31,138,213,401,138,1.0,7.08534213815706,2.811984945502372,5.545611890230221,10.0,1.1850803274201271,8.8,11.0,1,Laptop,83.0,29.7,0,5,3,1,3,1
771,21,Female,North America,Low,Bachelor,Student,11.5,238,347,201,152,0.0,7.0526431981884885,1.0,16.070219277189665,19.0,2.324724220992396,9.5,32.0,1,Laptop,72.0,53.7,0,4,1,0,3,1
772,34,Male,Asia,Upper-Mid,High School,Full-time Employee,6.94,156,79,401,85,3.0,8.817237228146205,3.084038634352707,1.0,10.0,1.0,8.4,41.0,0,Laptop,59.0,30.7,1,1,3,1,1,1
773,25,Female,Africa,Lower-Mid,Bachelor,Full-time Employee,11.81,184,303,12,232,3.0,5.193120113980029,1.0,13.101895018548603,18.0,1.1073320094034127,7.4,54.0,0,Tablet,71.0,49.2,0,0,2,0,1,2
774,48,Male,Africa,Upper-Mid,Bachelor,Part-time/Shift,11.98,276,398,33,102,3.0,6.74609700531233,1.0,10.0,15.0,9.967998963626544,1.0,11.0,1,Android,75.0,61.8,1,0,3,0,2,0
775,17,Male,Europe,Lower-Mid,High School,Student,6.0,110,190,139,33,5.0,7.268112126393439,3.1250048390005687,4.0,11.0,1.0,9.1,59.0,0,Laptop,71.0,25.5,1,2,2,1,3,1
776,25,Female,Africa,Upper-Mid,Master,Student,1.87,42,747,47,199,5.0,8.506396483677083,5.0,7.969594124519611,2.0,9.791988602701396,2.4,12.0,0,Android,49.0,25.5,0,0,3,2,3,0
777,24,Male,Africa,High,Bachelor,Part-time/Shift,7.39,220,148,57,100,4.0,7.406582629605698,2.0244477887973904,8.0,4.0,6.027697812268077,2.2,69.0,0,Tablet,58.0,38.1,1,0,0,0,2,2
778,17,Female,Europe,Lower-Mid,High School,Student,4.12,74,228,54,47,5.0,8.552412523807556,2.1277602664645427,7.014212385998118,9.0,1.0,9.4,66.0,0,Android,63.0,19.2,0,2,2,1,3,0
779,21,Female,Europe,Upper-Mid,Bachelor,Student,4.77,72,204,210,140,5.0,8.031264974770412,4.068831525491164,6.532695699557731,2.0,9.81438885616184,1.7,59.0,1,Tablet,64.0,20.3,0,2,3,0,3,2
780,33,Male,South America,Lower-Mid,PhD,Part-time/Shift,11.52,206,236,10,134,5.0,4.792525602428627,1.149669305884398,9.0,20.0,1.7850403988570072,7.2,60.0,0,Laptop,71.0,49.3,1,5,2,3,2,1
781,27,Female,Europe,Low,High School,Full-time Employee,8.58,195,550,56,21,0.0,8.368330474456313,2.6163121768469813,10.669151404969949,10.0,7.441300504457444,5.6,12.0,0,iPhone,65.29930112427833,49.0,0,2,1,1,1,3
782,27,Female,North America,Low,Master,Part-time/Shift,8.85,203,268,34,63,7.0,6.97758534379824,2.290290481334305,11.579318848488612,11.0,9.569405570503816,5.1,53.0,0,iPhone,52.0,36.68415185296776,0,4,1,2,2,3
783,28,Male,North America,Upper-Mid,Bachelor,Part-time/Shift,9.29,159,287,190,117,0.0,6.734639756001736,2.702368609237681,0.0,8.0,1.3534221924112462,8.6,36.0,0,Android,69.0,41.0,1,4,3,0,2,0
784,22,Female,North America,Upper-Mid,High School,Unemployed_Looking,5.32,180,820,123,112,4.0,7.601100552832178,4.102739415475725,5.566562636239697,5.0,1.9713115540291868,6.9,41.59859976662777,0,iPhone,71.0,56.0,0,4,3,1,4,3
785,20,Male,Middle East,Low,High School,Student,3.4,78,428,401,98,2.0,6.51224170082035,3.979921284676042,3.0,2.0,10.0,0.1,0.0,0,Laptop,71.0,22.9,1,3,1,1,3,1
786,30,Female,Africa,Upper-Mid,High School,Full-time Employee,7.96,155,820,208,130,2.0,6.762767000745854,2.875603122706859,8.088203688940439,6.0,7.214748567072019,7.0,0.0,0,Tablet,76.0,60.5,0,0,3,1,1,2
787,29,Male,South America,High,High School,Full-time Employee,7.55,83,139,51,154,4.0,7.054409630207243,3.1214613147949644,1.0,4.0,2.947656624363716,8.8,77.0,0,Android,73.0,26.6,1,5,0,1,1,0
788,19,Female,Europe,Low,Bachelor,Student,10.9,235,290,116,62,4.0,6.081520572684372,2.036119204306372,7.292755089936319,13.0,5.897306728993756,5.5,48.0,0,Tablet,70.0,50.5,0,2,1,0,3,2
789,22,Male,Africa,Low,High School,Student,6.69,208,428,107,35,2.0,6.430633350373779,1.843849404987922,4.0,11.0,3.115816458845465,7.9,23.0,0,Tablet,64.0,42.2,1,0,1,1,3,2
790,24,Female,North America,Low,Bachelor,Full-time Employee,6.26,148,196,163,289,3.0,6.107514713711793,2.0593355563504154,9.436203889309525,15.0,6.039333285561763,7.1,58.0,0,Tablet,48.0,30.8,0,4,1,0,1,2
791,42,Female,South America,High,High School,Unemployed_Looking,2.72,73,155,85,196,0.0,8.622344391442944,2.7584252661875603,7.91956892955171,0.0,7.3767854728181375,9.5,49.0,0,iPhone,69.0,16.1,0,5,0,1,4,3
792,34,Male,North America,Low,Master,Full-time Employee,11.35,152,513,76,233,2.0,7.457743656822279,1.0,13.0,17.0,10.0,2.8,26.0,1,Laptop,67.0,51.7,1,4,1,2,1,1
793,21,Female,Africa,Lower-Mid,Bachelor,Full-time Employee,10.33,168,174,181,37,1.0,6.289238145185021,2.8466299613025505,10.471510984271143,18.0,3.25184149028042,8.8,68.0,0,Laptop,68.0,40.7,0,0,2,0,1,1
794,22,Female,Asia,High,Bachelor,Full-time Employee,9.98,229,643,48,0,4.0,6.876212364969984,2.065635770094401,11.292668205452989,13.0,9.809386333370377,3.2,0.0,0,Tablet,52.0,57.6,0,1,0,0,1,2
795,14,Male,Europe,Low,High School,Student,6.89,191,134,189,26,3.0,7.81822636588848,3.9685794043440574,2.0,7.0,1.0906679231015282,8.8,66.0,0,iPhone,54.0,33.2,1,2,1,1,3,3
796,27,Male,North America,Low,Master,Full-time Employee,10.25,209,220,92,196,3.0,7.722086416146208,1.9057186333757348,9.0,11.0,1.0,7.1,61.0,0,Tablet,76.0,45.5,1,4,1,2,1,2
797,39,Male,Asia,Low,High School,Caregiver/Home,5.1,74,251,95,117,4.0,8.316286618033967,3.0383981814798293,7.0,8.0,1.01091627529943,9.0,54.0,1,Tablet,65.0,24.1,1,1,1,1,0,2
798,28,Male,Europe,Lower-Mid,Bachelor,Part-time/Shift,8.99,160,179,113,25,4.0,6.526027186228225,2.0830877895108166,4.0,9.0,6.93077948280871,3.3,73.0,0,iPhone,72.0,37.6,1,2,2,0,2,3
799,21,Male,Africa,Low,Bachelor,Part-time/Shift,4.53,151,266,214,0,4.0,7.942126530495789,5.0,0.0,5.0,1.0,8.4,32.0,0,Android,65.0,27.9,1,0,1,0,2,0
800,21,Female,North America,Lower-Mid,Bachelor,Student,4.75,112,180,49,131,2.0,6.847362939555244,2.937272019200896,4.441278058992449,5.0,3.1151166633296308,9.1,62.0,0,Android,65.0,22.9,0,4,2,0,3,0
801,45,Female,Europe,Lower-Mid,Master,Caregiver/Home,6.31,148,210,29,0,3.0,7.517262864973835,2.991223125934474,2.0,10.0,5.0212851064956805,7.7,59.0,0,iPhone,74.0,32.4,0,2,2,2,0,3
802,20,Female,Europe,Lower-Mid,Bachelor,Part-time/Shift,4.24,99,169,152,0,6.0,10.119149019964343,3.167787489627139,6.04411923843152,5.0,1.0,10.0,74.0,0,Android,60.0,20.4,0,2,2,0,2,0
803,21,Female,Europe,Lower-Mid,Bachelor,Part-time/Shift,5.97,142,363,302,301,3.0,4.382795138774295,2.9060817768495286,6.096456506027188,6.0,3.8716576167840815,6.6,27.0,0,iPhone,66.0,33.0,0,2,2,0,2,3
804,23,Female,Africa,Low,Master,Full-time Employee,9.88,252,342,193,14,3.0,4.274997630687789,1.9641814497446264,12.280564028765538,22.0,2.0405738617010685,7.9,38.0,0,Tablet,60.0,51.5,0,0,1,2,1,2
805,16,Female,Europe,Low,High School,Part-time/Shift,3.98,87,164,96,0,1.0,7.866764494731238,2.786059665142389,6.758914118276628,4.0,3.29139923386664,2.9,48.0,0,Tablet,65.29930112427833,18.2,0,2,1,1,2,2
806,22,Female,Asia,Lower-Mid,Bachelor,Student,4.99,91,140,219,0,5.0,6.489747481681932,3.148625752415735,2.313451683359281,1.0,1.0,9.1,59.0,0,Laptop,62.0,20.9,0,1,2,0,3,1
807,17,Female,Africa,Low,High School,Student,3.75,116,88,48,147,0.0,7.201308646379428,3.696479561012724,4.691150703990351,6.0,1.3627883155175344,9.4,65.0,0,iPhone,67.0,18.1,0,0,1,1,3,3
808,21,Female,South America,Low,Bachelor,Unemployed_Looking,8.25,162,351,110,170,4.0,8.098593912866969,2.021155402050149,6.587915675861829,15.0,3.8806037214841553,7.8,48.0,0,Android,60.0,40.0,0,5,1,0,4,0
809,30,Female,Middle East,Low,Master,Full-time Employee,7.83,143,820,52,132,5.0,7.204144034722242,3.1844631478143968,7.386491916879475,7.0,6.765887949429501,6.7,0.0,0,Android,78.0,53.4,0,3,1,2,1,0
810,24,Female,Asia,High,Master,Student,0.82,30,114,116,308,7.0,9.693207183037408,4.298989097559562,11.586265764393016,0.0,1.0,9.0,53.0,0,Android,56.0,5.6,0,1,0,2,3,0
811,20,Female,South America,Lower-Mid,Bachelor,Full-time Employee,8.48,159,222,107,45,1.0,6.581851418461239,1.0,7.842725810564584,17.0,10.0,0.2,67.0,0,Tablet,63.0,36.8,0,5,2,0,1,2
812,35,Male,Asia,Upper-Mid,Bachelor,Full-time Employee,7.42,141,95,24,131,4.0,6.636876242366801,2.052807108774644,4.0,7.0,1.0,9.5,67.0,0,Android,61.0,31.0,1,1,3,0,1,0
813,38,Female,Africa,Lower-Mid,High School,Full-time Employee,6.39,152,371,163,0,6.0,7.303540361448768,4.280639867681494,2.938869179536919,4.0,9.65894477581129,4.1,46.0,0,Tablet,79.0,36.3,0,0,2,1,1,2
814,29,Male,Middle East,Low,Master,Unemployed_Looking,9.95,216,421,103,133,2.0,4.085625403545603,1.9068450655581128,6.0,13.0,8.07155955791033,4.8,30.0,0,Tablet,67.0,50.9,1,3,1,2,4,2
815,19,Male,South America,Low,Bachelor,Full-time Employee,5.37,70,459,58,223,4.0,8.52134520806943,3.081572558809149,4.0,4.0,6.0722009355633055,8.8,27.0,0,Laptop,65.29930112427833,27.5,1,5,1,0,1,1
816,24,Male,Europe,Low,Master,Student,4.36,105,540,401,0,1.0,8.875135285269272,3.774659360721246,6.0,3.0,1.0,9.7,0.0,0,Tablet,50.0,31.4,1,2,1,2,3,2
817,18,Female,Middle East,Lower-Mid,High School,Student,13.15,288,291,52,0,2.0,5.88743444901853,1.0,16.070219277189665,17.0,6.994871289621429,4.7,49.0,0,Laptop,68.0,60.3,0,3,2,1,3,1
818,37,Male,Africa,High,High School,Part-time/Shift,6.71,73,820,51,102,0.0,6.491367009273918,2.84829155697405,1.0,8.0,3.295636611543984,9.4,0.0,1,Tablet,74.0,44.3,1,0,0,1,2,2
819,25,Female,Middle East,Upper-Mid,Master,Unemployed_Looking,5.19,134,472,23,109,3.0,8.110390257382107,1.932466992615492,8.912685164770446,2.0,9.056676538082971,3.0,26.0,0,Tablet,66.0,33.6,0,3,3,2,4,2
820,35,Female,Asia,High,Bachelor,Part-time/Shift,11.15,169,186,317,33,2.0,5.483069525993451,1.0,15.003143128320264,20.0,9.169692763852684,2.9,46.0,1,iPhone,76.0,44.1,0,1,0,0,2,3
821,29,Female,Europe,Lower-Mid,Bachelor,Unemployed_Looking,3.25,87,187,79,159,6.0,7.970499337627346,5.0,8.475650381645378,0.0,1.5985014966991695,8.9,71.0,0,Tablet,60.0,18.4,0,2,2,0,4,2
822,30,Female,Africa,Lower-Mid,Bachelor,Full-time Employee,8.23,170,260,401,91,7.0,7.213171951811996,3.335354201620388,5.863376111685796,7.0,1.703913307254896,3.7,10.0,0,Tablet,79.0,38.6,0,0,2,0,1,2
823,24,Female,Africa,Low,Master,Unemployed_Looking,6.99,147,327,71,334,4.0,7.341628127593447,3.04735553473538,4.178360515252038,5.0,9.996784595750674,2.0,52.0,1,Laptop,88.0,36.68415185296776,0,0,1,2,4,1
824,29,Male,South America,Low,PhD,Full-time Employee,5.4,149,148,69,155,2.0,9.011098236437372,1.839495411342244,4.0,10.0,10.0,1.5,75.0,0,Tablet,61.0,27.7,1,5,1,3,1,2
825,23,Female,Asia,Upper-Mid,Master,Student,9.29,200,820,401,0,4.0,5.796751865170846,1.0464958102488733,12.57454664759352,18.0,10.0,5.5,0.0,1,iPhone,61.0,65.9,0,1,3,2,3,3
826,38,Male,North America,High,High School,Unemployed_Looking,6.76,89,231,73,191,2.0,7.840380867501858,3.922060344783249,1.0,4.0,1.179975557879838,8.3,43.0,0,Android,80.0,36.68415185296776,1,4,0,1,4,0
827,23,Male,Asia,Upper-Mid,Bachelor,Unemployed_Looking,8.93,165,268,140,102,4.0,8.743549714663576,3.03157342699059,1.0,6.0,1.9666531125562907,8.2,41.0,0,iPhone,81.0,36.68415185296776,1,1,3,0,4,3
828,15,Female,Africa,Lower-Mid,High School,Part-time/Shift,5.76,139,220,91,144,3.0,7.128288099842888,3.002403125628881,8.84458056657122,6.0,3.161893842090933,8.9,57.0,0,iPhone,60.0,28.3,0,0,2,1,2,3
829,26,Female,North America,Upper-Mid,High School,Student,3.97,63,272,121,170,5.0,7.665854330596832,4.190045201196647,5.00402345916353,0.0,3.912351350545349,9.2,48.0,0,Tablet,61.0,19.9,0,4,3,1,3,2
830,32,Female,South America,Low,High School,Full-time Employee,11.31,219,820,61,72,3.0,5.346030151961158,1.984051906029657,10.427002045984008,18.0,8.96995890363223,4.9,0.0,1,Android,62.0,68.2,0,5,1,1,1,0
831,38,Male,Europe,Low,Bachelor,Unemployed_Looking,6.19,149,213,158,97,7.0,6.039086856553524,5.0,5.0,5.0,9.661883682122864,2.4,53.0,1,Tablet,52.0,32.3,1,2,1,0,4,2
832,20,Female,Africa,Upper-Mid,High School,Student,4.84,108,820,278,134,4.0,7.753794078141733,4.093392214599207,6.427624351946728,3.0,7.877625213019456,4.3,0.0,0,iPhone,56.0,39.3,0,0,3,1,3,3
833,27,Female,North America,Upper-Mid,High School,Student,10.35,206,513,63,30,5.0,6.739005147140174,1.0890046205627897,10.0,13.0,8.864586148163154,2.9,37.0,1,Android,55.0,53.5,0,4,3,1,3,0
834,40,Female,Asia,Low,Bachelor,Full-time Employee,8.07,228,236,184,126,3.0,8.541941053464473,1.0,13.375491115348412,13.0,10.0,1.1,44.0,0,iPhone,57.0,44.1,0,1,1,0,1,3
835,21,Female,Europe,Low,High School,Student,11.13,250,141,132,105,6.0,5.769977624245799,1.1983656912849598,13.218786035230735,13.0,9.607063540961642,4.8,80.0,1,iPhone,65.0,48.8,0,2,1,1,3,3
836,32,Female,Middle East,Low,Master,Part-time/Shift,1.68,28,138,110,160,3.0,9.30704649250686,2.9474464020004114,11.78193431548713,0.0,1.0,7.1,53.0,0,iPhone,67.0,8.4,0,3,1,2,2,3
837,23,Female,Europe,Low,Bachelor,Student,7.79,158,112,118,129,1.0,8.163156574500988,3.772103988783096,7.286965801342816,8.0,8.271525778489607,1.7,60.0,0,Android,65.29930112427833,32.1,0,2,1,0,3,0
838,47,Female,Europe,Upper-Mid,High School,Caregiver/Home,2.28,15,201,131,133,5.0,9.149700402193266,3.22333308568459,5.094545460245675,7.0,2.7893505688075995,9.3,43.0,0,Tablet,65.29930112427833,12.1,0,2,3,1,0,2
839,22,Female,South America,Low,Bachelor,Full-time Employee,14.52,226,772,93,110,4.0,6.560303535635955,1.1605246788126071,16.070219277189665,16.0,7.955943437607404,3.7,0.0,1,Tablet,75.0,70.7,0,5,1,0,1,2
840,50,Female,Europe,Low,Master,Unemployed_Looking,8.09,185,89,76,67,7.0,9.195850259280643,1.2738936970153882,8.64464952396267,12.0,1.0,5.8,64.0,0,Android,63.0,37.5,0,2,1,2,4,0
841,26,Female,North America,Lower-Mid,Master,Unemployed_Looking,5.53,155,268,289,0,2.0,5.897911600726575,4.896741678631795,6.902086438837303,0.0,1.1413449133357043,1.4,51.0,0,Android,65.0,36.68415185296776,0,4,2,2,4,0
842,17,Male,Africa,Low,High School,Student,5.92,101,95,114,0,0.0,6.852174377953737,4.72299430294767,0.0,1.0,1.3747860328688473,10.0,72.0,0,Android,72.0,22.1,1,0,1,1,3,0
843,19,Male,Africa,Low,High School,Full-time Employee,6.96,121,342,94,112,4.0,5.88208469109559,2.1072999803438006,3.0,7.0,3.041440568500621,8.9,50.0,0,iPhone,54.0,33.2,1,0,1,1,1,3
844,17,Male,North America,Lower-Mid,High School,Student,7.58,147,217,239,0,4.0,7.426631658005395,2.117207296429896,4.0,8.0,1.0,6.418568102444702,44.0,0,Tablet,69.0,33.1,1,4,2,1,3,2
845,34,Female,Asia,Upper-Mid,Bachelor,Unemployed_Looking,10.28,239,258,111,188,3.0,6.622349767191112,2.8831771848066525,14.139977415776572,11.0,1.0533454435191116,9.0,56.0,0,iPhone,67.0,50.0,0,1,3,0,4,3
846,22,Female,Europe,Low,Bachelor,Part-time/Shift,6.05,120,519,65,0,3.0,8.29424666282339,3.995840914744416,9.429126069133108,7.0,8.960633149973845,7.1,38.0,0,Android,70.0,35.3,0,2,1,0,2,0
847,47,Male,Asia,Upper-Mid,Master,Part-time/Shift,14.88,273,232,294,253,2.0,4.961987611931148,1.0,16.070219277189665,22.0,2.1974744393852728,3.2,42.0,0,Laptop,68.0,64.3,1,1,3,2,2,1
848,27,Female,South America,Upper-Mid,Master,Full-time Employee,8.11,173,254,270,334,2.0,6.989998684288003,2.9800693390381405,8.680355719043245,6.0,8.17020435442552,6.418568102444702,52.0,0,iPhone,89.0,37.9,0,5,3,2,1,3
849,24,Male,Europe,Low,Bachelor,Student,6.73,118,348,280,116,4.0,7.219916795087243,2.073937419848413,5.0,8.0,5.033465796912256,1.3,18.0,1,iPhone,59.0,32.9,1,2,1,0,3,3
850,25,Female,Europe,Upper-Mid,Bachelor,Student,4.37,85,209,39,168,3.0,6.632352777341717,2.930872897823003,6.315042474918596,4.0,10.0,4.1,76.0,1,Android,60.0,21.0,0,2,3,0,3,0
851,27,Female,Europe,Low,Bachelor,Part-time/Shift,7.46,162,123,21,109,0.0,8.481817782598162,2.7203203745539675,5.323425340954078,13.0,1.0,7.8,62.0,0,Android,59.0,32.9,0,2,1,0,2,0
852,49,Male,South America,Upper-Mid,Master,Part-time/Shift,6.61,129,38,40,79,3.0,9.355646089287816,1.9575915118278264,3.0,13.0,4.901269830838893,9.9,81.0,0,Android,59.0,27.9,1,5,3,2,2,0
853,29,Female,North America,High,Master,Part-time/Shift,2.2,49,268,308,49,6.0,9.65790743246457,3.2379499526757,9.94285305201378,1.0,1.0,8.4,39.0,0,Tablet,59.0,36.68415185296776,0,4,0,2,2,2
854,21,Male,Europe,Lower-Mid,High School,Full-time Employee,6.58,114,294,401,115,1.0,8.27115961018994,2.864366717756492,1.0,8.0,3.2046897287873235,9.1,23.0,0,Android,77.0,30.0,1,2,2,1,1,0
855,34,Male,Europe,High,High School,Full-time Employee,2.88,36,258,197,66,2.0,9.092328561491405,3.834745366545791,6.0,8.0,1.0,10.0,55.0,0,Tablet,79.0,14.9,1,2,0,1,1,2
856,45,Male,North America,High,Master,Full-time Employee,2.97,49,271,99,110,2.0,10.615569697445762,3.9840934561899823,4.0,0.0,4.152930970034353,8.0,63.0,0,Laptop,59.0,18.1,1,4,0,2,1,1
857,25,Male,Asia,Low,Bachelor,Full-time Employee,4.75,108,184,125,57,3.0,7.931462547469687,4.0523248801321765,5.0,7.0,1.0,9.8,68.0,0,Laptop,65.29930112427833,23.3,1,1,1,0,1,1
858,34,Female,South America,Upper-Mid,Bachelor,Full-time Employee,4.6,67,63,195,195,2.0,10.35292813172904,2.848389552764824,9.785128712292131,7.0,2.136083455627107,8.2,62.0,0,Android,70.0,16.9,0,5,3,0,1,0
859,27,Female,North America,Upper-Mid,High School,Student,12.85,299,456,203,0,1.0,5.196506342553013,1.0,16.070219277189665,18.0,10.0,3.0,22.0,1,iPhone,59.0,65.8,0,4,3,1,3,3
860,25,Female,Africa,High,Master,Full-time Employee,4.07,125,244,57,180,5.0,8.161141501452494,5.0,7.36533182019464,3.0,7.822991568975159,8.8,47.0,0,Laptop,71.0,24.3,0,0,0,2,1,1
861,23,Female,South America,Low,Bachelor,Student,11.62,177,67,186,243,4.0,8.027655429751523,1.113570947671767,9.661917804963156,11.0,1.0,7.2,68.0,0,Android,67.0,42.0,0,5,1,0,3,0
862,24,Female,Africa,Low,Bachelor,Student,4.4,83,101,191,64,2.0,7.273228221432135,2.8753185796419816,5.2632207356413865,5.0,3.1140118368641083,9.9,72.0,0,iPhone,50.0,18.4,0,0,1,0,3,3
863,39,Male,North America,Lower-Mid,High School,Full-time Employee,7.79,106,89,103,155,3.0,6.12784849052644,4.012757365469528,2.0,4.0,4.011387576768421,8.7,64.0,0,iPhone,80.0,28.6,1,4,2,1,1,3
864,22,Male,Africa,High,High School,Unemployed_Looking,4.77,93,314,78,123,1.0,8.700813455744752,3.962131002133576,3.0,2.0,1.0,9.0,72.0,0,Tablet,83.0,24.4,1,0,0,1,4,2
865,34,Male,Asia,Lower-Mid,High School,Full-time Employee,9.39,122,263,34,169,4.0,6.192654804906375,1.0571830174304535,8.0,15.0,6.00454051873671,7.5,45.0,0,Laptop,65.29930112427833,38.3,1,1,2,1,1,1
866,17,Male,Middle East,Lower-Mid,High School,Student,3.85,79,172,250,146,7.0,9.342626606962863,4.259946536556166,5.0,5.0,6.600844801492735,9.1,55.0,0,iPhone,65.29930112427833,17.5,1,3,2,1,3,3
867,28,Female,Europe,High,Bachelor,Unemployed_Looking,12.97,245,372,115,88,1.0,6.634147259629793,1.0,4.0,21.0,3.332201403530384,6.5,20.0,0,Android,68.0,59.2,0,2,0,0,4,0
868,26,Female,Asia,Lower-Mid,Bachelor,Part-time/Shift,4.35,76,374,123,94,3.0,6.982684102662538,3.984367979516001,12.148049519503392,0.0,1.1603078964512723,8.6,32.0,0,iPhone,68.0,24.3,0,1,2,0,2,3
869,18,Male,North America,Lower-Mid,Bachelor,Student,3.09,66,652,72,141,3.0,9.711994958684649,4.94581353779113,7.0,5.0,1.0,9.0,18.0,0,Laptop,65.29930112427833,26.7,1,4,2,0,3,1
870,25,Female,Asia,Low,Bachelor,Part-time/Shift,6.77,102,210,256,138,5.0,7.622802554295504,3.153890915325362,9.567168482774669,7.0,6.867011266892613,9.6,26.0,0,iPhone,85.0,27.5,0,1,1,0,2,3
871,24,Female,Middle East,Upper-Mid,Bachelor,Student,4.54,87,209,71,111,5.0,8.492802363743372,3.069089608948276,6.043938464614872,9.0,7.850400360845813,10.0,59.0,0,iPhone,63.0,21.4,0,3,3,0,3,3
872,32,Female,North America,Low,Master,Full-time Employee,13.23,193,265,129,190,0.0,5.28086386194158,2.6991097506004262,14.75502158176997,19.0,8.426046771456193,4.6,55.0,1,Android,65.29930112427833,53.4,0,4,1,2,1,0
873,44,Male,North America,Lower-Mid,Bachelor,Caregiver/Home,3.1,68,236,125,35,2.0,8.849264246882992,2.930067969952116,1.0,6.0,1.0,6.418568102444702,41.59859976662777,0,Android,51.0,19.3,1,4,2,0,0,0
874,30,Male,North America,Low,PhD,Full-time Employee,10.0,295,820,40,102,0.0,6.040897977123207,1.6446429013737476,6.0,13.0,6.435583662408763,4.5,0.0,0,Laptop,58.0,72.54999999999998,1,4,1,3,1,1
875,33,Female,South America,Upper-Mid,Master,Unemployed_Looking,8.0,180,257,104,24,5.0,6.264725943017468,2.1769680415343897,4.612988290121212,6.0,1.0,8.1,46.0,0,iPhone,65.0,39.5,0,5,3,2,4,3
876,33,Male,South America,High,Master,Part-time/Shift,12.69,136,431,47,102,3.0,5.005489453507909,2.871441306455849,13.0,15.0,9.008492263482722,3.5,34.0,1,iPhone,83.0,36.68415185296776,1,5,0,2,2,3
877,18,Female,Asia,Lower-Mid,Bachelor,Full-time Employee,6.14,147,165,70,225,1.0,10.439114124295322,4.725704858603803,4.989549015910679,2.0,1.0,8.5,65.0,0,Tablet,60.0,28.7,0,1,2,0,1,2
878,44,Female,Asia,High,High School,Unemployed_Looking,14.89,284,491,35,58,2.0,3.8742382921262744,1.0,16.070219277189665,22.0,10.0,1.9,25.0,1,iPhone,65.29930112427833,71.6,0,1,0,1,4,3
879,19,Female,Asia,Low,High School,Student,8.38,181,596,164,126,4.0,7.087314262668225,2.06626821047886,5.731191866358055,10.0,1.0,6.418568102444702,11.0,0,iPhone,65.0,47.8,0,1,1,1,3,3
880,41,Female,Africa,High,Bachelor,Full-time Employee,7.63,109,368,266,240,7.0,8.35197510444942,3.3578421292845366,7.070883311049082,2.0,2.5731321349971914,9.2,16.0,0,Tablet,65.29930112427833,35.8,0,0,0,0,1,2
881,33,Male,Europe,High,High School,Full-time Employee,11.68,301,268,138,28,7.0,8.026980491014573,2.294460087286147,8.0,8.0,9.624509575659076,4.2,29.0,1,iPhone,89.0,36.68415185296776,1,2,0,1,1,3
882,17,Male,Europe,Lower-Mid,High School,Student,3.91,73,93,216,232,2.0,8.035344806637664,2.879828050765577,3.0,5.0,6.223509367707203,6.2,64.0,0,Laptop,60.0,15.3,1,2,2,1,3,1
883,16,Male,South America,Lower-Mid,High School,Student,5.73,122,95,100,144,0.0,5.7988608303312,3.7613655063501,2.0,6.0,10.0,10.0,75.0,0,Android,60.0,23.7,1,5,2,1,3,0
884,33,Male,North America,Lower-Mid,Master,Full-time Employee,11.44,266,436,251,0,3.0,4.343545514383894,1.0,10.0,16.0,8.06555100414187,8.2,19.0,1,iPhone,75.0,59.3,1,4,2,2,1,3
885,30,Male,Middle East,High,Bachelor,Full-time Employee,4.14,76,768,2,100,4.0,8.082853922302787,3.058895776305213,5.0,1.0,3.978738133474146,9.9,15.0,0,iPhone,72.0,34.1,1,3,0,0,1,3
886,23,Female,Europe,Lower-Mid,Bachelor,Full-time Employee,8.22,156,820,128,0,5.0,6.499559365198071,3.071837349036883,8.799183392042407,16.0,1.0,7.5,0.0,0,Android,83.0,51.1,0,2,2,0,1,0
887,20,Male,South America,Low,High School,Unemployed_Looking,4.57,129,380,321,20,0.0,8.81081602671319,1.7365159697946306,5.0,1.0,4.344820771438518,6.7,25.0,0,Android,71.0,28.8,1,5,1,1,4,0
888,22,Female,Europe,Low,Bachelor,Part-time/Shift,4.61,76,483,35,90,7.0,9.183099101465224,3.285087132835697,8.946630279718434,0.0,5.521994467546694,6.2,37.0,0,Tablet,61.0,27.5,0,2,1,0,2,2
889,13,Male,North America,Low,High School,Student,9.74,200,124,319,55,5.0,7.988631830536311,2.0915962658621803,4.0,8.0,1.0,3.2,45.0,0,Tablet,71.0,40.0,1,4,1,1,3,2
890,25,Male,Europe,Low,Master,Part-time/Shift,10.66,301,181,74,166,3.0,6.9068750638647085,1.0,8.0,14.0,9.994897240182697,4.2,67.0,1,Tablet,76.0,53.1,1,2,1,2,2,2
891,19,Female,North America,Low,Bachelor,Part-time/Shift,5.89,79,355,108,125,3.0,6.42092207902342,1.9799678573991168,3.274184787362325,7.0,1.0,8.4,31.0,0,iPhone,73.0,26.9,0,4,1,0,2,3
892,21,Male,Middle East,Low,Bachelor,Student,3.73,103,199,42,75,1.0,5.646633030151687,3.871043788164575,3.0,6.0,4.106609396176411,2.7,74.0,0,iPhone,70.0,20.2,1,3,1,0,3,3
893,40,Female,Africa,High,Master,Unemployed_Looking,6.17,126,465,112,98,4.0,7.65658287500988,2.9716433481847533,9.65646164157771,6.0,1.0,8.7,32.0,1,Tablet,76.0,36.2,0,0,0,2,4,2
894,34,Female,Europe,Lower-Mid,High School,Full-time Employee,7.62,181,505,43,119,3.0,6.555820071633935,3.9682379293562815,6.014335671902892,9.0,9.907563290380976,0.0,21.0,0,Android,77.0,44.7,0,2,2,1,1,0
895,31,Male,Middle East,High,High School,Part-time/Shift,6.16,128,102,73,142,3.0,8.292195447689256,4.934027254755961,4.0,5.0,1.0,9.6,84.0,0,Tablet,79.0,26.3,1,3,0,1,2,2
896,30,Male,Africa,High,Bachelor,Part-time/Shift,5.09,92,417,49,83,1.0,7.079677620003456,2.855759190456433,4.0,8.0,3.2973641601643804,8.3,59.0,0,Android,71.0,28.8,1,0,0,0,2,0
897,24,Female,South America,Low,Bachelor,Student,4.59,107,632,191,0,5.0,8.589184595203303,4.169505265194258,7.147937751404296,1.0,1.8820074842798016,9.1,10.0,0,Tablet,63.0,34.0,0,5,1,0,3,2
898,34,Male,Africa,High,Master,Part-time/Shift,4.79,38,807,84,0,7.0,8.779849710423415,3.3169729413815983,3.0,1.0,4.559091735971651,9.6,0.0,0,Tablet,66.0,33.9,1,0,0,2,2,2
899,33,Female,North America,Low,Master,Unemployed_Looking,10.57,134,353,75,60,5.0,6.264613453394533,2.096617999031178,10.9523317889692,19.0,1.0,6.7,34.0,0,iPhone,77.0,36.68415185296776,0,4,1,2,4,3
900,26,Female,Asia,High,Master,Full-time Employee,10.67,157,300,254,0,7.0,7.851152824898647,1.335852478275172,8.73683132455876,17.0,6.5414205057166175,2.9,35.0,0,Laptop,57.0,44.6,0,1,0,2,1,1
901,24,Female,Europe,Low,Bachelor,Part-time/Shift,6.75,65,295,144,35,0.0,6.5912760011050056,2.6558798975136937,4.80106316057784,7.0,1.312946331707292,9.4,47.0,0,Android,69.0,26.8,0,2,1,0,2,0
902,23,Male,Asia,Lower-Mid,Bachelor,Student,7.04,107,612,196,0,0.0,7.399403274688606,1.6456209087712217,6.0,9.0,3.378115295544419,8.6,0.0,0,Tablet,61.0,39.3,1,1,2,0,3,2
903,33,Female,Europe,Low,Master,Part-time/Shift,6.45,121,306,48,40,2.0,7.851748108864345,1.8283621811492805,3.2012686824166527,5.0,10.0,2.4,42.0,0,Tablet,65.29930112427833,32.1,0,2,1,2,2,2
904,34,Female,Europe,Upper-Mid,High School,Full-time Employee,7.17,133,125,60,117,3.0,7.121452070438077,2.9703666342247894,6.0,5.0,2.0177422971311003,8.8,65.0,1,Android,78.0,36.68415185296776,0,2,3,1,1,0
905,37,Male,Middle East,Low,Master,Full-time Employee,12.73,282,79,401,0,2.0,6.489214996638062,1.0,16.0,19.0,7.026615823944759,6.4,27.0,0,Laptop,67.0,55.2,1,3,1,2,1,1
906,23,Female,North America,High,Master,Student,6.76,161,564,185,0,4.0,5.228875723257589,4.903123394637417,8.71387828573921,5.0,4.021403135400634,5.3,6.0,0,Laptop,65.0,41.8,0,4,0,2,3,1
907,31,Male,South America,Low,High School,Full-time Employee,8.38,199,195,260,36,2.0,7.718150271095561,1.9582928727383653,7.0,8.0,4.18459768592785,4.3,34.0,0,iPhone,51.0,40.7,1,5,1,1,1,3
908,22,Female,North America,Lower-Mid,Bachelor,Student,2.96,67,223,117,241,0.0,7.496940012142867,1.7389420537597815,14.900800120021303,10.0,3.4202505044791627,8.9,65.0,1,Laptop,72.0,15.9,0,4,2,0,3,1
909,20,Female,North America,Lower-Mid,Bachelor,Part-time/Shift,8.96,184,268,279,255,2.0,7.240334662567964,1.0,8.606748190697438,15.0,1.2470263844435137,6.4,18.0,0,Android,71.0,36.68415185296776,0,4,2,0,2,0
910,48,Male,North America,Low,PhD,Full-time Employee,5.11,76,169,401,176,5.0,6.276548624409957,4.1368570104491305,2.0,10.0,3.758236754043475,9.6,19.0,0,Tablet,87.0,22.3,1,4,1,3,1,2
911,50,Female,Africa,Upper-Mid,High School,Part-time/Shift,8.82,143,274,0,86,2.0,8.061232232637723,1.9467820018782973,9.197341032710495,9.0,4.115120799831923,5.7,61.0,0,Android,62.0,40.4,0,0,3,1,2,0
912,27,Female,Europe,Lower-Mid,PhD,Full-time Employee,6.76,118,203,280,44,3.0,5.60120663017127,3.0020124255064475,2.4667777792507057,5.0,1.885692750938577,10.0,48.0,0,Laptop,67.0,36.68415185296776,0,2,2,3,1,1
913,29,Female,North America,Lower-Mid,Bachelor,Full-time Employee,6.94,174,522,79,153,3.0,7.641258471281305,3.0269940278688328,6.502747281140439,2.0,1.0,8.6,12.0,1,Android,67.0,42.8,0,4,2,0,1,0
914,22,Female,North America,Upper-Mid,Bachelor,Full-time Employee,5.66,107,241,43,0,3.0,7.581262499055415,2.903728043271279,10.310681381398734,10.0,1.0,6.4,41.0,1,Laptop,81.0,25.9,0,4,3,0,1,1
915,36,Female,Asia,High,High School,Full-time Employee,5.92,113,820,160,115,5.0,8.976582255343668,3.111109400177731,5.042992244134479,7.0,6.907352016080325,4.5,0.0,0,Android,64.0,51.9,0,1,0,1,1,0
916,21,Female,North America,Lower-Mid,Bachelor,Student,6.76,169,408,401,119,0.0,6.464345259094685,1.6861518324246836,6.197209401945013,8.0,1.2577651831853498,10.0,0.0,0,Tablet,68.0,36.68415185296776,0,4,2,0,3,2
917,30,Female,South America,Upper-Mid,High School,Unemployed_Looking,3.81,90,439,49,0,5.0,8.160820039270762,3.217688672186867,7.9567847181427265,4.0,9.903964858138572,0.0,26.0,0,Android,71.0,26.1,0,5,3,1,4,0
918,24,Female,South America,Low,Bachelor,Full-time Employee,7.1,123,300,83,70,4.0,3.875985951216357,3.083893160512224,9.36092567766309,7.0,5.0793739123481165,5.3,56.0,1,iPhone,65.29930112427833,32.8,0,5,1,0,1,3
919,33,Male,Europe,High,Master,Full-time Employee,4.41,108,587,301,48,7.0,7.759529595939946,1.433929428576049,5.0,11.0,4.606405607906872,2.3,0.0,0,Tablet,65.29930112427833,33.4,1,2,0,2,1,2
920,23,Male,Africa,Low,Master,Student,5.59,128,800,116,88,4.0,6.169951133929495,3.028544541667032,4.0,10.0,9.849896122488977,8.4,0.0,0,Tablet,67.0,42.3,1,0,1,2,3,2
921,24,Female,Asia,High,Bachelor,Student,5.14,94,204,401,194,2.0,6.595133468986533,4.855922020560262,7.230271536912617,2.0,7.132688646398522,9.4,19.0,1,iPhone,76.0,23.0,0,1,0,0,3,3
922,23,Male,North America,Low,Bachelor,Student,3.21,113,265,63,68,3.0,7.135398647836396,3.964899042811377,2.0,0.0,3.859138578348576,8.4,52.0,0,iPhone,55.0,22.1,1,4,1,0,3,3
923,32,Male,Asia,High,Master,Unemployed_Looking,15.321028152585416,284,374,35,131,6.0,5.081096530853399,1.2806121666025363,16.070219277189665,19.0,9.714709989876374,2.0,41.0,1,Tablet,66.0,68.8,1,1,0,2,4,2
924,28,Female,Middle East,High,Bachelor,Full-time Employee,4.13,63,322,34,13,7.0,10.707978422705029,2.2732729646594,4.572478317744031,12.0,4.67690543897415,8.1,45.0,0,Tablet,58.0,21.8,0,3,0,0,1,2
925,46,Female,North America,High,High School,Full-time Employee,12.42,245,91,281,66,3.0,6.670343825431378,1.0,15.558146836389197,17.0,9.034418888795273,0.6,61.0,1,iPhone,77.0,52.1,0,4,0,1,1,3
926,40,Male,Asia,Upper-Mid,High School,Full-time Employee,4.58,80,820,28,49,4.0,9.627467449789346,5.0,4.0,0.0,3.908035477841025,9.5,0.0,0,Tablet,50.0,39.3,1,1,3,1,1,2
927,39,Female,Europe,High,High School,Full-time Employee,8.04,192,458,26,31,2.0,5.357910221865201,2.894130569204486,4.848606805513576,7.0,2.1859978077631275,7.0,5.0,0,iPhone,59.0,46.5,0,2,0,1,1,3
928,26,Female,South America,Low,Bachelor,Unemployed_Looking,15.09,285,117,81,88,5.0,4.318604343988658,1.099189738911527,16.070219277189665,20.0,9.872575771843096,3.3,41.59859976662777,1,Tablet,69.0,60.9,0,5,1,0,4,2
929,30,Female,Asia,Upper-Mid,Master,Full-time Employee,4.14,91,232,357,0,1.0,9.651539496267578,2.8054065341521,8.897657278511451,2.0,2.117512771602761,10.0,44.0,0,Laptop,81.0,21.5,0,1,3,2,1,1
930,34,Female,Asia,Upper-Mid,High School,Unemployed_Looking,4.96,83,269,304,105,4.0,7.967876248841279,4.042919888270325,7.7045920678376945,4.0,1.0,9.9,32.0,0,Laptop,65.29930112427833,24.5,0,1,3,1,4,1
931,41,Male,North America,Upper-Mid,High School,Full-time Employee,3.33,68,298,87,286,1.0,9.106371473696814,4.811892854563886,6.0,2.0,9.445184026541517,0.2,60.0,0,Tablet,59.0,20.9,1,4,3,1,1,2
932,34,Female,Europe,Low,Bachelor,Unemployed_Looking,8.74,178,295,71,37,3.0,7.38409352026504,2.01921621564877,8.434591927806249,12.0,1.0,8.8,59.0,0,Tablet,84.0,41.6,0,2,1,0,4,2
933,13,Female,South America,Lower-Mid,High School,Student,5.66,187,349,83,62,2.0,7.301333750972903,2.980187132875601,5.275264173262193,6.0,1.0,8.6,50.0,0,Android,51.0,35.5,0,5,2,1,3,0
934,29,Female,Middle East,High,Bachelor,Full-time Employee,1.43,33,171,253,124,3.0,7.942307414882588,4.93001863660765,8.928953934741312,0.0,1.0,8.6,64.0,0,Tablet,43.0,9.5,0,3,0,0,1,2
935,17,Female,North America,Low,High School,Student,7.89,154,442,84,217,6.0,6.583971246639885,1.1920946242920234,2.900621508858246,8.0,7.806074938481615,4.1,38.0,0,Android,69.0,40.2,0,4,1,1,3,0
936,37,Male,Asia,Upper-Mid,Master,Unemployed_Looking,7.59,149,230,12,0,3.0,8.119852651418839,1.930789779820825,6.0,10.0,4.996207765883069,4.1,57.0,0,Laptop,60.0,35.7,1,1,3,2,4,1
937,29,Female,Asia,Upper-Mid,High School,Full-time Employee,14.88,296,248,401,0,4.0,5.687209946599749,1.0612800951990065,16.070219277189665,22.5,8.947257472585951,1.3,17.0,1,iPhone,55.0,65.3,0,1,3,1,1,3
938,28,Male,North America,Upper-Mid,Master,Full-time Employee,6.5,96,79,158,208,2.0,8.749701612852885,4.865238258268827,3.0,4.0,1.0,9.1,55.0,0,Laptop,72.0,23.7,1,4,3,2,1,1
939,31,Male,Asia,Upper-Mid,PhD,Full-time Employee,12.14,240,466,93,132,2.0,6.807320911063897,1.0,13.0,16.0,5.083946614128432,4.6,42.0,0,Tablet,67.0,59.5,1,1,3,3,1,2
940,27,Female,South America,Lower-Mid,Master,Full-time Employee,3.24,97,421,251,112,6.0,7.673863589840108,3.2668756510536485,4.022788746421396,4.0,3.711800757358674,3.6,24.0,1,Tablet,59.0,25.0,0,5,2,2,1,2
941,17,Male,Asia,Lower-Mid,High School,Student,5.85,146,116,169,166,0.0,6.511916790949523,3.6060948596606295,2.0,6.0,1.3344207841076643,10.0,73.0,1,Android,52.0,26.8,1,1,2,1,3,0
942,13,Female,Europe,Lower-Mid,High School,Student,6.45,122,413,136,227,6.0,8.028147172633583,4.236283300011444,7.107963883494416,5.0,1.0,8.0,41.0,0,iPhone,74.0,32.8,0,2,2,1,3,3
943,30,Male,Africa,Lower-Mid,Bachelor,Full-time Employee,2.3,36,267,151,0,3.0,9.878315744841906,2.9490310222962406,4.0,3.0,1.0,9.1,56.0,0,iPhone,72.0,13.6,1,0,2,0,1,3
944,39,Female,North America,Upper-Mid,PhD,Caregiver/Home,5.64,126,820,64,186,4.0,9.52305568220979,4.0749461317371125,11.534220056838496,2.0,9.82863718619657,6.3,0.0,0,Laptop,64.0,44.6,0,4,3,3,0,1
945,24,Male,Europe,Lower-Mid,Master,Student,11.3,198,820,162,147,2.0,6.77635646575898,1.0,8.0,15.0,10.0,1.1,0.0,1,Android,83.0,63.8,1,2,2,2,3,0
946,14,Female,Europe,Low,High School,Student,15.321028152585416,312,185,138,147,0.0,6.147163851371297,2.792199493366204,16.070219277189665,21.0,5.494027532186489,0.0,45.0,0,iPhone,54.0,67.5,0,2,1,1,3,3
947,26,Female,Asia,High,Bachelor,Part-time/Shift,10.62,239,320,401,115,6.0,6.365062245751093,3.257358336433424,16.070219277189665,13.0,5.724317160059145,6.1,5.0,0,Laptop,50.0,52.1,0,1,0,0,2,1
948,20,Female,Europe,Low,High School,Part-time/Shift,5.8,117,98,132,21,7.0,7.504728387239217,2.3199965565553,8.031946343586956,12.0,2.5847005655145865,9.0,74.0,0,Laptop,58.0,23.9,0,2,1,1,2,1
949,13,Male,South America,Lower-Mid,High School,Part-time/Shift,3.44,111,396,96,158,6.0,8.280924385936462,3.251355591421914,2.0,6.0,1.0,6.418568102444702,55.0,1,Android,65.0,24.6,1,5,2,1,2,0
950,22,Male,Asia,High,Bachelor,Full-time Employee,14.3,260,200,72,15,5.0,6.5145132785725055,2.094528638576042,16.070219277189665,18.0,9.8115882150795,3.5,77.0,1,Tablet,65.29930112427833,58.7,1,1,0,0,1,2
951,17,Female,North America,Lower-Mid,High School,Student,4.88,133,268,114,162,3.0,5.320206543741255,2.9410591870066702,6.273024045965977,6.0,1.1867221343418826,9.5,64.0,0,Android,63.0,36.68415185296776,0,4,2,1,3,0
952,31,Male,Africa,Upper-Mid,Bachelor,Full-time Employee,6.97,152,80,61,0,1.0,6.145049203243997,1.8498928975884923,7.0,12.0,10.0,0.8,84.0,0,Android,69.0,29.9,1,0,3,0,1,0
953,18,Male,Africa,Low,Bachelor,Student,8.39,238,152,315,55,5.0,6.117699489588004,2.0934232047962205,9.0,14.0,3.880293549139785,8.4,68.0,0,iPhone,52.0,41.7,1,0,1,0,3,3
954,41,Female,Europe,High,Bachelor,Caregiver/Home,3.62,30,108,61,19,6.0,5.930317676449561,4.283976057864313,6.709333404738237,0.0,4.65737257536666,7.5,64.0,0,Laptop,65.29930112427833,12.9,0,2,0,0,0,1
955,18,Female,Africa,Low,Bachelor,Part-time/Shift,4.89,113,382,285,0,3.0,8.780991432322661,3.955860821177083,10.051569806581677,5.0,5.077526640612087,6.0,27.0,1,Laptop,64.0,28.3,0,0,1,0,2,1
956,27,Male,North America,Lower-Mid,PhD,Unemployed_Looking,6.9,101,301,35,0,4.0,9.385596123425133,3.077019737830924,2.0,5.0,2.952774120371643,8.2,38.0,0,Tablet,76.0,30.4,1,4,2,3,4,2
957,24,Female,South America,Low,Bachelor,Part-time/Shift,5.98,155,220,118,253,3.0,8.904475021397857,3.0770028507038893,5.396609960757193,8.0,1.0,9.8,68.0,0,Tablet,68.0,30.7,0,5,1,0,2,2
958,23,Female,Europe,Upper-Mid,Master,Student,15.31,316,306,138,147,7.0,6.0715779052753245,1.2562677814247634,16.070219277189665,18.0,9.571087446935532,1.7,27.0,1,Laptop,70.0,69.6,0,2,3,2,3,1
959,23,Female,North America,Lower-Mid,Bachelor,Student,14.0,241,360,72,114,3.0,4.201828068828389,2.9754784622833736,16.070219277189665,22.0,4.986237087092964,0.0,37.0,0,Android,71.0,60.5,0,4,2,0,3,0
960,30,Male,Europe,Lower-Mid,Bachelor,Full-time Employee,12.29,293,364,80,110,5.0,6.909934996991124,3.184518820166516,11.0,16.0,4.846841997205504,5.7,46.0,0,iPhone,69.0,61.6,1,2,2,0,1,3
961,34,Female,North America,Lower-Mid,Master,Full-time Employee,4.59,79,275,95,5,2.0,8.683736266208044,3.939719600588203,7.735545225300385,5.0,1.0,8.5,54.0,0,Android,71.0,23.2,0,4,2,2,1,0
962,38,Male,Europe,Upper-Mid,Bachelor,Part-time/Shift,9.45,160,451,253,147,7.0,7.446388936929424,3.2751881836162,4.0,9.0,9.60105504412558,3.3,24.0,0,Tablet,78.0,46.3,1,2,3,0,2,2
963,47,Female,South America,Low,Master,Caregiver/Home,6.35,123,388,90,219,2.0,6.955384976815965,1.866319209268284,2.278322480364583,6.0,1.1667737928038282,8.8,37.0,0,Laptop,67.0,35.3,0,5,1,2,0,1
964,34,Male,Africa,High,Master,Part-time/Shift,6.42,146,151,221,153,2.0,7.691675265903616,2.880498934517124,5.0,5.0,6.140759184223543,6.9,52.0,0,Tablet,72.0,30.1,1,0,0,2,2,2
965,42,Male,South America,Low,Bachelor,Full-time Employee,5.0,63,248,108,149,4.0,9.75499726672864,5.0,6.0,4.0,1.0,6.5,46.0,0,iPhone,64.0,23.1,1,5,1,0,1,3
966,37,Female,Asia,High,High School,Full-time Employee,5.44,106,48,63,136,1.0,8.753206644134352,3.798315794729621,8.823562909571493,7.0,1.0,8.8,78.0,0,Tablet,79.0,21.8,0,1,0,1,1,2
967,36,Male,South America,Upper-Mid,High School,Full-time Employee,3.89,48,231,159,207,2.0,8.800563895162316,1.8960615157685496,8.0,11.0,10.0,0.4,41.59859976662777,0,Tablet,58.0,18.4,1,5,3,1,1,2
968,14,Male,Europe,Low,High School,Part-time/Shift,6.76,165,173,401,43,0.0,6.134932091103113,3.7110471204046886,1.0,1.0,10.0,2.6,48.0,1,Android,83.0,36.68415185296776,1,2,1,1,2,0
969,48,Male,Asia,Low,High School,Full-time Employee,6.02,82,87,147,151,2.0,6.3047179378187606,2.927433159384176,3.0,7.0,4.168723102378759,4.3,69.0,0,Android,65.0,23.6,1,1,1,1,1,0
970,23,Male,North America,Lower-Mid,Bachelor,Student,5.07,70,92,194,1,4.0,8.591111872492826,5.0,3.0,0.0,9.982390398890626,2.4,69.0,0,Laptop,51.0,18.5,1,4,2,0,3,1
971,14,Male,South America,Lower-Mid,High School,Student,7.22,217,322,381,25,6.0,7.482335810122883,3.1615226149934976,2.0,6.0,9.75278281438437,4.1,41.59859976662777,0,Tablet,66.0,40.7,1,5,2,1,3,2
972,19,Male,North America,Lower-Mid,Bachelor,Student,8.2,272,118,70,0,3.0,5.896892875453767,1.923599169039385,0.0,8.0,2.016254154481389,9.1,63.0,0,Laptop,58.0,43.2,1,4,2,0,3,1
973,35,Male,Europe,Upper-Mid,Master,Full-time Employee,7.46,150,157,401,282,5.0,9.289848491296054,3.031879383606876,3.0,12.0,1.0,0.4,36.0,0,Laptop,73.0,33.1,1,2,3,2,1,1
974,28,Female,Europe,Upper-Mid,Bachelor,Unemployed_Looking,5.68,146,75,264,210,2.0,6.689152056441799,2.850589660688096,2.0,6.0,1.1204992568400574,8.6,55.0,0,iPhone,58.0,26.2,0,2,3,0,4,3
975,34,Male,Europe,Lower-Mid,Bachelor,Full-time Employee,4.37,90,237,401,57,2.0,7.067254371964756,2.931853021325985,2.0,9.0,10.0,4.5,19.0,0,iPhone,61.0,23.0,1,2,2,0,1,3
976,31,Female,Asia,Low,Master,Full-time Employee,8.54,242,513,116,43,5.0,6.248373678972112,3.1979976888352644,11.779873671558564,8.0,9.797517224241815,7.0,40.0,0,Tablet,46.0,52.9,0,1,1,2,1,2
977,27,Female,Middle East,Upper-Mid,Master,Full-time Employee,4.73,95,616,51,203,1.0,8.374441276111758,2.8465490057084777,7.463898830921964,4.0,1.0,6.418568102444702,26.0,1,iPhone,60.0,33.2,0,3,3,2,1,3
978,46,Male,Africa,Upper-Mid,High School,Full-time Employee,7.42,148,527,94,78,1.0,7.731994841163391,2.8400026975796524,6.0,9.0,10.0,0.3,14.0,0,Tablet,41.0,44.1,1,0,3,1,1,2
979,29,Female,Asia,Upper-Mid,High School,Part-time/Shift,13.61,186,464,135,94,3.0,5.2327495039419984,1.0,16.070219277189665,18.0,6.9489060318569855,4.5,28.0,0,Tablet,49.0,58.7,0,1,3,1,2,2
980,27,Female,Europe,High,High School,Full-time Employee,6.57,113,682,56,216,1.0,7.130472322181929,3.8510168152933177,4.0,9.0,5.293156434604504,9.8,11.0,0,Android,73.0,40.5,0,2,0,1,1,0
981,26,Female,Middle East,Low,Master,Full-time Employee,5.79,138,150,113,242,4.0,6.892787419411463,4.066238929491987,5.018904076980692,7.0,1.0,9.9,69.0,0,Android,73.0,27.1,0,3,1,2,1,0
982,31,Female,Middle East,Upper-Mid,PhD,Part-time/Shift,2.14,36,533,98,0,4.0,8.966571393031014,5.0,6.420403711651601,0.0,1.0,9.8,17.0,0,Laptop,69.0,20.1,0,3,3,3,2,1
983,42,Male,Africa,High,High School,Full-time Employee,5.9,137,42,232,18,2.0,7.030140865896008,1.887233465435539,5.0,12.0,2.0292539827521856,5.0,54.0,0,iPhone,55.0,26.5,1,0,0,1,1,3
984,24,Male,Africa,Lower-Mid,Bachelor,Part-time/Shift,4.14,73,207,34,150,7.0,9.087779927386125,5.0,6.0,0.0,4.837161428581329,7.4,67.0,0,Laptop,65.0,19.2,1,0,2,0,2,1
985,32,Female,North America,Upper-Mid,High School,Part-time/Shift,1.27,27,115,171,92,3.0,9.232305009607662,5.0,10.259000958526691,0.0,1.0,8.2,76.0,0,iPhone,65.0,6.8,0,4,3,1,2,3
986,30,Female,Africa,Upper-Mid,High School,Part-time/Shift,4.8,131,149,39,202,1.0,7.470029596608117,3.849043251857826,4.970757549695067,4.0,1.0,8.1,52.0,0,Tablet,53.0,25.1,0,0,3,1,2,2
987,28,Female,North America,Upper-Mid,High School,Full-time Employee,7.06,171,152,154,86,6.0,8.658921962064941,3.111119739258318,0.0215470599086686,1.0,9.809205267904522,3.5,54.0,0,Android,80.0,33.0,0,4,3,1,1,0
988,17,Female,South America,Lower-Mid,High School,Part-time/Shift,9.52,170,158,131,269,2.0,4.443434249069643,1.0,8.623341714037863,16.0,5.226703231161126,7.5,52.0,0,Android,74.0,38.0,0,5,2,1,2,0
989,16,Female,South America,Low,High School,Student,10.22,248,307,132,5,2.0,5.514909535703015,2.8857803321989186,6.216186443190812,8.0,8.211899728248016,5.3,48.0,1,Laptop,63.0,50.4,0,5,1,1,3,1
990,41,Male,North America,High,Bachelor,Unemployed_Looking,12.18,202,290,11,218,3.0,4.540855135361512,1.0,11.0,15.0,10.0,4.4,49.0,1,Android,65.0,52.9,1,4,0,0,4,0
991,26,Male,Middle East,Upper-Mid,PhD,Student,6.19,119,328,401,0,4.0,8.737918962566601,2.9777793662789973,3.0,6.0,7.038853757923103,8.6,20.0,0,Tablet,67.0,31.1,1,3,3,3,3,2
992,15,Female,Asia,Low,High School,Student,5.59,136,550,401,55,6.0,7.142255831285211,3.211414948833,5.225585177289008,5.0,1.0,9.8,0.0,0,Laptop,45.0,36.5,0,1,1,1,3,1
993,35,Male,Europe,Low,Master,Full-time Employee,8.53,142,116,137,156,4.0,6.416782687443299,3.053602598178805,5.0,15.0,6.947750611628981,5.7,63.0,0,Android,63.0,34.2,1,2,1,2,1,0
994,21,Female,North America,Upper-Mid,Bachelor,Unemployed_Looking,5.26,102,571,120,8,5.0,7.802489399553909,2.066659565843911,8.622395632075953,7.0,4.843500244705259,8.8,10.0,1,Android,58.0,33.5,0,4,3,0,4,0
995,33,Female,North America,High,Master,Full-time Employee,9.38,135,210,108,146,3.0,7.988752964617284,1.89837636609645,7.578221758705188,6.0,9.012965688535925,0.8,57.0,0,iPhone,55.0,38.1,0,4,0,2,1,3
996,32,Male,Asia,Upper-Mid,Master,Full-time Employee,7.52,213,820,248,114,3.0,7.932231995353779,3.99637134874754,7.0,7.0,6.96450733827851,8.5,0.0,0,Android,62.0,60.2,1,1,3,2,1,0
997,32,Female,Europe,Upper-Mid,High School,Full-time Employee,8.01,126,87,365,107,3.0,6.981320530208734,3.015625631294204,2.4056440735131965,6.0,10.0,0.1,46.0,0,iPhone,83.0,30.0,0,2,3,1,1,3
998,27,Female,South America,Lower-Mid,Master,Part-time/Shift,6.0,77,267,79,98,6.0,7.155680012862067,5.0,3.170208621467887,4.0,1.822717565446244,7.4,62.0,0,iPhone,71.0,25.6,0,5,2,2,2,3
999,31,Male,Africa,Lower-Mid,Bachelor,Full-time Employee,6.49,144,35,28,31,0.0,6.788929828421987,2.7899281764350783,6.0,5.0,10.0,1.8,82.0,0,iPhone,59.0,27.2,1,0,2,0,1,3
1000,42,Female,Middle East,High,Bachelor,Part-time/Shift,11.82,140,356,0,126,6.0,6.6366606653847855,1.207375056313834,15.4574583070955,13.0,9.705438112746426,6.418568102444702,44.0,1,Tablet,71.0,48.3,0,3,0,0,2,2
1001,36,Female,Asia,High,Bachelor,Caregiver/Home,9.66,197,357,119,111,5.0,8.435867912959642,1.1290920982146408,8.69203426169779,12.0,1.8127799267704177,6.418568102444702,37.0,0,Laptop,65.29930112427833,47.3,0,1,0,0,0,1
1002,14,Male,North America,Lower-Mid,High School,Student,3.68,95,253,37,67,2.0,6.760464654504671,3.846304329707337,1.0,0.0,10.0,0.6,48.0,0,Laptop,74.0,20.0,1,4,2,1,3,1
1003,16,Female,Europe,Low,High School,Student,3.18,64,146,340,0,6.0,8.888244712333178,2.133682206653724,11.739751488931269,10.0,3.722884516245128,8.9,44.0,1,iPhone,66.0,13.9,0,2,1,1,3,3
1004,34,Female,Africa,Upper-Mid,Bachelor,Full-time Employee,7.51,96,74,22,136,1.0,8.243735121761283,1.9050041942405973,11.57410463929521,14.0,1.32605413353487,9.5,82.0,0,Android,59.0,26.9,0,0,3,0,1,0
1005,33,Female,Africa,Upper-Mid,High School,Full-time Employee,10.88,175,535,50,62,2.0,7.552979601301218,2.948720683656864,12.328586401750222,9.0,10.0,4.8,18.0,1,Laptop,72.0,52.8,0,0,3,1,1,1
1006,29,Female,North America,Upper-Mid,Bachelor,Full-time Employee,7.17,135,103,22,34,3.0,7.275947488161911,3.90241474638421,9.155829241759443,6.0,1.0,9.1,81.0,0,Android,69.0,29.4,0,4,3,0,1,0
1007,33,Female,South America,Upper-Mid,High School,Unemployed_Looking,6.82,133,288,212,216,2.0,7.55275356574842,2.8999433265359404,5.374329714244567,4.0,6.2427219378456025,6.1,24.0,1,Laptop,74.0,36.68415185296776,0,5,3,1,4,1
1008,45,Female,Asia,Upper-Mid,Bachelor,Caregiver/Home,8.37,168,310,36,24,2.0,6.24711586523738,2.887153415589193,10.56042477020723,9.0,6.106780779123661,8.4,41.0,0,Laptop,71.0,41.6,0,1,3,0,0,1
1009,23,Male,South America,Low,Master,Full-time Employee,6.09,118,512,371,138,0.0,8.362573328192713,1.718686820292708,3.0,14.0,2.255775246446021,3.5,0.0,0,iPhone,75.0,35.0,1,5,1,2,1,3
1010,28,Male,Europe,Lower-Mid,Bachelor,Full-time Employee,8.8,170,206,130,0,4.0,6.741962977859068,2.031474125947146,2.0,8.0,1.8919562468481528,8.7,56.0,0,Tablet,60.0,39.0,1,2,2,0,1,2
1011,18,Female,Asia,Lower-Mid,Bachelor,Part-time/Shift,10.27,266,820,40,116,2.0,5.221101011813985,3.911219188492776,9.260519962428738,6.0,7.117388139654644,4.3,0.0,0,Android,78.0,72.54999999999998,0,1,2,0,2,0
1012,28,Male,Asia,Lower-Mid,Master,Full-time Employee,7.32,92,106,168,122,2.0,5.8606320464288855,2.93306450741795,4.0,5.0,6.268189376692226,5.2,54.0,0,Android,67.0,26.0,1,1,2,2,1,0
1013,44,Male,Africa,Upper-Mid,Bachelor,Full-time Employee,6.72,82,477,41,97,3.0,7.349822211650568,3.992159933192545,2.0,6.0,2.1112655973352927,9.9,37.0,0,iPhone,86.0,34.2,1,0,3,0,1,3
1014,31,Female,South America,Upper-Mid,Bachelor,Full-time Employee,5.98,126,366,108,82,2.0,8.438664679267147,4.886129812425417,4.256839452668155,2.0,5.235594007804744,9.7,23.0,1,iPhone,58.0,32.9,0,5,3,0,1,3
1015,20,Male,Middle East,Lower-Mid,Bachelor,Student,11.69,183,167,131,0,1.0,4.900401457616502,2.804409751703062,8.0,16.0,1.3159031079909185,8.5,48.0,1,Tablet,82.0,44.5,1,3,2,0,3,2
1016,34,Female,Africa,Upper-Mid,Master,Full-time Employee,5.01,161,167,150,57,2.0,7.943167630321081,1.9389964469905097,8.916265677811479,8.0,4.21949185220339,2.7,57.0,0,iPhone,67.0,28.6,0,0,3,2,1,3
1017,24,Male,Europe,Upper-Mid,Bachelor,Student,6.58,186,267,341,0,2.0,7.184631362109078,1.0,2.0,10.0,8.088745788347738,0.7,14.0,0,iPhone,58.0,36.3,1,2,3,0,3,3
1018,20,Male,North America,Low,Bachelor,Student,4.36,100,121,119,42,3.0,9.46724330067008,3.975674847892906,7.0,8.0,8.021391327916875,8.9,69.0,0,Android,60.0,19.6,1,4,1,0,3,0
1019,23,Male,Africa,Low,Bachelor,Full-time Employee,8.87,200,583,46,203,2.0,5.782819677729424,1.0,8.0,14.0,8.064599133432282,7.0,32.0,0,Laptop,62.0,50.8,1,0,1,0,1,1
1020,34,Female,North America,Upper-Mid,Master,Full-time Employee,6.05,138,181,46,102,2.0,7.380839048515093,2.909419256624991,7.645392223841034,9.0,5.126953316031202,3.2,74.0,0,iPhone,69.0,29.4,0,4,3,2,1,3
1021,20,Male,Europe,Lower-Mid,Bachelor,Full-time Employee,4.87,92,234,401,100,6.0,8.571382735866083,2.1882768711034366,3.0,8.0,9.7724693252329,5.9,9.0,0,Laptop,70.0,22.7,1,2,2,0,1,1
1022,34,Female,Asia,Lower-Mid,Bachelor,Full-time Employee,4.62,107,288,47,0,5.0,6.619565271728725,3.172886602800061,3.3641740693993705,6.0,7.835020446872112,8.4,68.0,0,Android,59.0,26.3,0,1,2,0,1,0
1023,44,Female,South America,Lower-Mid,Master,Part-time/Shift,7.42,184,278,42,107,4.0,7.657480539906258,2.998132090246,5.471562151577281,12.0,6.035685107732967,7.8,62.0,1,Laptop,65.0,40.0,0,5,2,2,2,1
1024,16,Male,Asia,Low,High School,Student,9.62,167,111,179,126,5.0,6.459904378201613,3.1112368364463268,4.0,11.0,1.7329405207089543,9.5,67.0,0,iPhone,86.0,36.4,1,1,1,1,3,3
1025,41,Female,South America,High,Bachelor,Unemployed_Looking,11.06,198,118,79,13,3.0,6.605051018265259,1.002595679513436,13.975356221415762,17.0,8.077298568401012,7.6,67.0,1,Tablet,82.0,45.0,0,5,0,0,4,2
1026,15,Male,Asia,Lower-Mid,High School,Student,8.79,186,163,108,196,7.0,7.239660801525516,3.2349348084604537,9.0,7.0,4.511363843679565,5.8,80.0,1,Android,69.0,37.7,1,1,2,1,3,0
1027,40,Male,South America,Low,Bachelor,Unemployed_Looking,8.82,216,135,5,113,1.0,7.25838379532919,1.7336206604151432,7.0,7.0,3.257839334137067,8.8,68.0,0,Tablet,65.0,42.1,1,5,1,0,4,2
1028,23,Male,North America,Lower-Mid,Bachelor,Full-time Employee,8.27,143,114,129,54,2.0,7.44083243939171,1.0,0.0,10.0,10.0,0.1,51.0,0,Android,66.0,32.4,1,4,2,0,1,0
1029,37,Female,Middle East,High,High School,Full-time Employee,13.63,273,367,401,149,2.0,7.551553985138208,1.0,13.0,18.0,10.0,0.0,4.0,1,Android,71.0,63.8,0,3,0,1,1,0
1030,25,Male,Asia,Upper-Mid,Bachelor,Part-time/Shift,7.72,129,563,66,125,3.0,6.140767791889828,1.9071001970385413,3.0,8.0,3.0813696286721104,8.9,14.0,0,Tablet,55.0,41.9,1,1,3,0,2,2
1031,38,Male,Middle East,High,Master,Caregiver/Home,7.63,169,308,240,64,1.0,6.060191476493865,2.85010079347294,0.0,10.0,1.173526629816541,10.0,36.0,0,iPhone,62.0,39.6,1,3,0,2,0,3
1032,15,Female,South America,Low,High School,Student,5.04,174,120,165,0,5.0,8.508488086179362,5.0,3.4953996025098286,7.0,1.0,8.1,81.0,0,iPhone,48.0,27.4,0,5,1,1,3,3
1033,34,Female,Asia,Low,High School,Full-time Employee,4.97,101,239,280,218,0.0,6.550558734330991,2.796660791436309,5.212209907941951,6.0,7.401380444531211,6.4,44.0,0,Android,69.0,25.1,0,1,1,1,1,0
1034,29,Male,Asia,High,High School,Full-time Employee,9.83,192,472,167,70,3.0,5.818794842140636,1.0,8.0,14.0,10.0,0.3,29.0,1,Tablet,71.0,49.8,1,1,0,1,1,2
1035,24,Male,Europe,Low,Bachelor,Student,3.43,64,149,148,92,4.0,9.167113052835203,3.0472274000562787,3.0,0.0,1.0,9.8,66.0,0,iPhone,60.0,15.4,1,2,1,0,3,3
1036,24,Male,Middle East,Upper-Mid,Bachelor,Full-time Employee,5.68,119,285,401,88,5.0,8.916146002813337,3.151788889595039,2.0,7.0,1.0,9.7,5.0,1,iPhone,81.0,28.2,1,3,3,0,1,3
1037,29,Male,Asia,Upper-Mid,Master,Full-time Employee,5.16,53,229,330,0,0.0,8.720604520455389,2.6738606974444146,7.0,0.0,5.360291947437499,9.7,44.0,0,iPhone,53.0,21.3,1,1,3,2,1,3
1038,23,Female,Europe,Lower-Mid,Bachelor,Student,14.58,301,277,39,145,5.0,5.279003453488296,1.183397757159632,16.070219277189665,22.0,9.717398462351683,2.9,56.0,1,Tablet,65.29930112427833,65.4,0,2,2,0,3,2
1039,25,Female,Africa,Lower-Mid,Master,Full-time Employee,8.2,225,206,39,182,2.0,7.451440693595802,2.9176896753026784,10.782415119966128,7.0,2.053271934365992,9.5,55.0,0,Laptop,67.0,41.7,0,0,2,2,1,1
1040,30,Female,Asia,Lower-Mid,Bachelor,Full-time Employee,6.37,144,306,184,16,4.0,8.91579138235737,1.971460664003521,4.712335279202389,8.0,4.932029424084995,8.0,42.0,0,Laptop,75.0,33.3,0,1,2,0,1,1
1041,28,Female,Middle East,Upper-Mid,Master,Full-time Employee,6.76,226,486,198,3,2.0,8.11068920905465,1.0,7.198230262470707,12.0,2.1114353754402364,8.6,24.0,0,iPhone,82.0,36.68415185296776,0,3,3,2,1,3
1042,18,Male,Asia,Lower-Mid,Bachelor,Student,12.32,267,351,127,110,3.0,6.763985074454008,1.0,14.0,15.0,6.932246462204494,3.9,59.0,0,iPhone,65.29930112427833,58.3,1,1,2,0,3,3
1043,23,Female,South America,Low,Master,Student,4.64,89,446,383,193,6.0,8.397069228222668,4.182191471855006,7.344245292679011,2.0,4.582217783460089,7.3,17.0,0,Laptop,76.0,27.4,0,5,1,2,3,1
1044,22,Female,Asia,High,High School,Student,10.58,161,820,153,181,4.0,5.311384865876384,2.977931773062452,13.142139565428238,15.0,6.863029095982022,6.5,0.0,0,Android,65.0,59.4,0,1,0,1,3,0
1045,24,Female,Africa,Lower-Mid,Bachelor,Student,6.76,139,180,127,49,1.0,6.918965296937407,1.8261940270199888,6.23261627609492,14.0,1.265809937269665,7.2,78.0,0,Android,63.0,36.68415185296776,0,0,2,0,3,0
1046,26,Female,Asia,Low,Master,Full-time Employee,6.72,58,209,141,165,4.0,8.593420281782691,4.162487165852021,8.620320887185002,0.0,9.930254582007892,9.6,46.0,0,Tablet,74.0,24.0,0,1,1,2,1,2
1047,37,Female,Asia,High,High School,Full-time Employee,6.74,95,101,116,0,1.0,7.596798882974607,3.792921882589734,10.27940470317692,6.0,10.0,0.0,86.0,0,Android,72.0,25.5,0,1,0,1,1,0
1048,13,Female,Asia,Lower-Mid,High School,Student,14.17,311,94,341,5,0.0,4.845221227793514,1.0,16.070219277189665,22.5,10.0,1.7,27.0,1,iPhone,49.0,59.7,0,1,2,1,3,3
1049,42,Female,Middle East,Low,Bachelor,Full-time Employee,3.89,76,204,109,49,0.0,7.393654153892355,2.694772002862787,5.814908290393403,6.0,10.0,6.418568102444702,67.0,0,Android,80.0,20.0,0,3,1,0,1,0
1050,24,Male,Europe,Low,Master,Full-time Employee,2.97,84,206,30,148,6.0,7.620805642928428,4.222471587281906,5.0,6.0,2.749271046792853,9.6,50.0,0,Laptop,79.0,16.9,1,2,1,2,1,1
1051,39,Female,Africa,Lower-Mid,Master,Full-time Employee,9.17,183,87,66,135,2.0,7.617256377752164,1.9307318576881825,10.566322762804893,12.0,3.1340876647629985,7.2,84.0,0,Android,59.0,39.0,0,0,2,2,1,0
1052,16,Female,Europe,Low,High School,Student,5.39,155,100,106,58,2.0,7.135083291731365,2.8917350478458084,4.887196398199597,6.0,3.21803811900702,4.9,73.0,0,iPhone,69.0,25.6,0,2,1,1,3,3
1053,28,Female,Europe,Low,Bachelor,Full-time Employee,8.97,170,180,105,216,6.0,7.439679303939249,2.1968075230873474,6.470013731497133,7.0,1.6409529017808175,8.3,77.0,0,iPhone,65.29930112427833,38.4,0,2,1,0,1,3
1054,21,Male,Asia,Lower-Mid,Bachelor,Full-time Employee,7.92,162,222,183,129,3.0,8.30172959383602,2.008346750808653,0.0,14.0,1.0,8.3,43.0,0,Laptop,68.0,35.8,1,1,2,0,1,1
1055,49,Female,Africa,Low,High School,Caregiver/Home,3.75,98,284,105,80,7.0,7.824859553947404,2.3861517048916285,7.537678717894214,7.0,1.0,10.0,52.0,0,Tablet,59.0,24.8,0,0,1,1,0,2
1056,31,Female,Asia,Upper-Mid,High School,Part-time/Shift,9.34,212,559,73,0,3.0,5.4414485629900575,1.0,7.635669147033914,14.0,6.938323239669726,3.7,21.0,0,Tablet,58.0,53.1,0,1,3,1,2,2
1057,50,Female,North America,Upper-Mid,High School,Part-time/Shift,15.321028152585416,172,296,0,58,7.0,5.52096718179381,1.26577594030165,16.070219277189665,22.5,9.577638134846362,0.0,43.0,1,iPhone,65.0,61.5,0,4,3,1,2,3
1058,18,Female,Asia,Lower-Mid,Bachelor,Student,6.04,137,632,84,152,1.0,7.695026162313954,2.8027835096846343,4.482719054648653,10.0,1.0843084421315514,6.418568102444702,41.59859976662777,0,Android,77.0,39.0,0,1,2,0,3,0
1059,33,Female,South America,Upper-Mid,Bachelor,Full-time Employee,4.28,99,149,162,135,5.0,8.964468089554085,4.25779504421692,8.147912773622753,6.0,3.977228027900168,8.3,71.0,1,Laptop,65.29930112427833,20.9,0,5,3,0,1,1
1060,19,Male,Europe,Low,Bachelor,Unemployed_Looking,15.321028152585416,309,84,354,95,4.0,4.979204117399998,1.0586703741547991,16.070219277189665,18.0,5.8557735391412375,4.6,63.0,0,Tablet,61.0,62.4,1,2,1,0,4,2
1061,25,Female,Asia,Upper-Mid,Bachelor,Student,12.47,141,272,261,65,4.0,7.248606049499039,1.022204333408994,16.070219277189665,17.0,5.057655772729848,6.418568102444702,59.0,0,Android,73.0,36.68415185296776,0,1,3,0,3,0
1062,32,Female,Middle East,Upper-Mid,Master,Full-time Employee,4.77,99,145,401,0,2.0,5.331653201347757,4.834902335320249,3.571321817020981,1.0,10.0,2.3,42.0,1,Laptop,41.0,22.9,0,3,3,2,1,1
1063,47,Female,North America,Lower-Mid,Bachelor,Caregiver/Home,6.57,45,103,109,71,5.0,9.530351750267863,5.0,3.5188100734674066,4.0,8.869442914659608,9.5,72.0,0,Android,76.0,21.7,0,4,2,0,0,0
1064,49,Male,Asia,High,High School,Unemployed_Looking,6.94,93,135,316,35,5.0,8.184227291165925,3.1499888756269603,3.0,8.0,1.0,8.4,35.0,0,iPhone,65.29930112427833,28.4,1,1,0,1,4,3
1065,33,Male,Africa,High,PhD,Full-time Employee,12.32,278,139,79,266,4.0,7.300581373746263,2.084657117979118,14.0,18.0,9.947401017573076,1.6,81.0,1,Tablet,61.0,55.2,1,0,0,3,1,2
1066,41,Female,Asia,Lower-Mid,Bachelor,Full-time Employee,15.25,282,309,27,170,4.0,5.403687237884583,1.0320902093396325,16.070219277189665,18.0,9.98280581341522,1.1,53.0,1,Tablet,54.0,67.8,0,1,2,0,1,2
1067,44,Female,Europe,Low,Bachelor,Part-time/Shift,6.09,106,165,6,164,0.0,7.030708634490137,1.7316379230493124,7.230960812811279,11.0,1.409982267883721,8.0,51.0,0,iPhone,52.0,27.7,0,2,1,0,2,3
1068,22,Female,Europe,Low,High School,Full-time Employee,2.58,59,79,135,0,1.0,8.24049690119267,2.753748002083188,6.690104967821239,0.0,10.0,2.6,88.0,0,Tablet,77.0,10.6,0,2,1,1,1,2
1069,35,Male,North America,High,High School,Full-time Employee,12.43,252,206,401,154,6.0,5.707427475234826,1.218340728772784,8.0,13.0,5.688274309154987,8.7,29.0,0,iPhone,60.0,55.1,1,4,0,1,1,3
1070,19,Male,Africa,Low,Bachelor,Unemployed_Looking,5.91,122,80,80,137,1.0,7.40157728857042,3.836345853575976,3.0,3.0,4.211876442803868,9.7,65.0,0,iPhone,68.0,23.7,1,0,1,0,4,3
1071,32,Male,South America,Upper-Mid,High School,Full-time Employee,5.95,121,268,73,62,2.0,7.315465650516977,3.8653975177859934,5.0,4.0,2.0162582524527566,9.6,65.0,0,iPhone,65.0,36.68415185296776,1,5,3,1,1,3
1072,28,Male,Asia,Upper-Mid,Bachelor,Full-time Employee,7.4,188,105,315,210,3.0,7.294217131088136,3.0565630082204267,2.0,7.0,5.079137021239308,7.3,55.0,0,Android,70.0,34.3,1,1,3,0,1,0
1073,45,Male,Europe,High,Bachelor,Full-time Employee,8.81,137,429,128,112,6.0,7.413922619462524,2.1698389891940635,9.0,13.0,9.804331222863995,8.9,16.0,0,iPhone,66.0,43.2,1,2,0,0,1,3
1074,22,Female,Europe,Upper-Mid,Bachelor,Student,2.74,78,125,269,0,3.0,9.787325158394497,3.986214204942084,5.027141273106054,2.0,10.0,0.9,58.0,0,iPhone,52.0,14.4,0,2,3,0,3,3
1075,23,Male,Middle East,Low,Bachelor,Student,6.63,97,191,119,0,3.0,7.296750061366435,3.014456235726365,8.0,14.0,1.0616933111115945,4.2,55.0,0,iPhone,75.0,26.3,1,3,1,0,3,3
1076,41,Female,North America,Upper-Mid,PhD,Full-time Employee,6.76,71,319,143,93,3.0,8.343599054705345,2.9681758997336654,7.4108529368706035,2.0,1.0,9.0,23.0,0,Laptop,60.0,36.68415185296776,0,4,3,3,1,1
1077,47,Female,Europe,Low,Master,Full-time Employee,7.06,156,418,108,123,5.0,6.674977159803877,3.1223858209899262,6.32829676335825,8.0,8.688486092623975,7.8,35.0,0,iPhone,49.0,41.1,0,2,1,2,1,3
1078,22,Female,Asia,High,Bachelor,Full-time Employee,6.0,146,352,126,166,3.0,5.597251565062917,1.900597067218652,4.5856545035235445,4.0,7.120612838991822,8.2,33.0,0,iPhone,61.0,33.4,0,1,0,0,1,3
1079,48,Female,Asia,Lower-Mid,Master,Full-time Employee,5.59,135,317,401,181,6.0,5.474848221455445,2.279561380317223,5.520008173639345,10.0,5.574038800615918,9.9,0.0,1,iPhone,80.0,32.4,0,1,2,2,1,3
1080,24,Male,Asia,High,Bachelor,Student,5.86,117,820,203,93,4.0,8.045600086209138,3.043430358254513,6.0,7.0,9.903518315996642,0.5,0.0,0,Tablet,74.0,42.5,1,1,0,0,3,2
1081,23,Female,Asia,Lower-Mid,Bachelor,Full-time Employee,3.14,51,352,125,260,4.0,7.452044452406541,3.078793289584634,5.836780678381036,3.0,1.0,9.4,20.0,1,Laptop,62.0,18.7,0,1,2,0,1,1
1082,13,Male,South America,Low,High School,Student,5.7,119,324,229,94,0.0,7.678889537035707,1.7660224683438672,6.0,3.0,10.0,6.2,26.0,0,Tablet,62.0,28.9,1,5,1,1,3,2
1083,31,Male,Europe,Low,Bachelor,Full-time Employee,6.44,160,397,113,138,2.0,8.190144154635526,3.8607408065434887,4.0,12.0,1.0,7.7,34.0,1,Android,62.0,37.6,1,2,1,0,1,0
1084,13,Male,North America,Low,High School,Student,6.76,136,587,155,117,5.0,7.663164624530492,2.12193323172009,3.0,4.0,1.0,9.0,10.0,0,iPhone,65.29930112427833,36.68415185296776,1,4,1,1,3,3
1085,39,Female,Africa,Low,Bachelor,Caregiver/Home,9.82,232,240,62,195,6.0,6.688061065020355,1.2784184230685844,10.694248575814676,12.0,9.52451186499184,5.3,62.0,0,Tablet,69.0,48.2,0,0,1,0,0,2
1086,37,Male,Middle East,Low,Bachelor,Full-time Employee,2.96,18,571,401,95,1.0,8.228926857408192,4.756411204260596,7.0,0.0,7.251477689392786,9.5,0.0,0,iPhone,69.0,22.0,1,3,1,0,1,3
1087,50,Female,Middle East,Low,Master,Full-time Employee,8.05,96,167,122,293,3.0,6.519506433078377,3.0784362784789976,3.24251244239386,7.0,9.858913454416204,0.0,53.0,0,Laptop,75.0,31.5,0,3,1,2,1,1
1088,34,Female,Europe,Low,PhD,Full-time Employee,7.37,129,213,42,203,3.0,6.515059724623335,3.934796735477321,3.8215309497119065,8.0,10.0,2.2,57.0,0,iPhone,67.0,36.68415185296776,0,2,1,3,1,3
1089,18,Female,North America,Lower-Mid,Bachelor,Part-time/Shift,9.77,189,473,152,97,3.0,6.7354607793790535,1.0,9.61552826304532,20.0,9.992869487880863,6.3,15.0,0,Tablet,62.0,48.7,0,4,2,0,2,2
1090,24,Female,Africa,Lower-Mid,Bachelor,Part-time/Shift,3.32,88,272,289,274,3.0,8.938643681638762,3.9786558257755615,6.790309575566125,8.0,9.864716562327288,0.8,40.0,0,Tablet,63.0,20.2,0,0,2,0,2,2
1091,25,Female,Asia,Lower-Mid,Bachelor,Full-time Employee,13.38,303,548,118,130,3.0,6.053948535656986,2.0824577879581283,16.070219277189665,19.0,3.972143126154324,4.0,18.0,0,Laptop,64.0,69.4,0,1,2,0,1,1
1092,22,Female,Africa,Upper-Mid,Bachelor,Student,3.53,72,170,121,0,7.0,8.619533523262461,3.196030652348557,8.547810874779486,4.0,1.0,9.7,55.0,0,Laptop,65.0,16.6,0,0,3,0,3,1
1093,43,Female,South America,Upper-Mid,High School,Full-time Employee,4.42,93,820,199,119,1.0,8.821585964264589,3.805220301623134,8.91627052281586,1.0,10.0,5.8,0.0,0,Tablet,72.0,40.2,0,5,3,1,1,2
1094,28,Female,Europe,High,High School,Full-time Employee,5.54,134,368,27,102,3.0,8.551618292340992,3.9958536256039614,8.619909826967188,5.0,1.0,9.6,60.0,0,Android,66.0,32.2,0,2,0,1,1,0
1095,33,Female,Europe,Lower-Mid,Bachelor,Full-time Employee,3.77,81,274,401,63,3.0,6.869242436557372,3.9737228726679112,5.015719712000393,8.0,4.0648350958932005,9.9,35.0,0,Tablet,72.0,21.3,0,2,2,0,1,2
1096,40,Male,South America,Low,Bachelor,Full-time Employee,6.95,148,215,48,152,5.0,8.223909719653577,2.1509057454348013,5.0,8.0,7.9187515148247805,7.4,62.0,1,iPhone,64.0,33.9,1,5,1,0,1,3
1097,27,Male,Asia,Low,Master,Part-time/Shift,2.68,61,349,58,218,6.0,6.580859534035837,4.175792651422795,7.0,2.0,3.710049382924162,8.1,36.0,0,Android,66.0,18.6,1,1,1,2,2,0
1098,13,Female,Asia,Lower-Mid,High School,Student,14.33,316,638,100,17,1.0,4.703426458318116,1.0,16.070219277189665,14.0,10.0,2.8,7.0,1,Laptop,45.0,72.54999999999998,0,1,2,1,3,1
1099,35,Male,Africa,Lower-Mid,Master,Full-time Employee,5.73,102,379,184,139,3.0,7.86362876166198,3.964619242383175,2.0,7.0,3.091988389459713,7.1,30.0,0,Tablet,74.0,30.5,1,0,2,2,1,2
1100,32,Male,North America,Upper-Mid,Bachelor,Full-time Employee,6.01,148,820,304,64,3.0,7.52799624871461,1.0,4.0,11.0,4.934361940859601,7.2,0.0,0,Laptop,68.0,47.1,1,4,3,0,1,1
1101,31,Male,Middle East,Low,Master,Part-time/Shift,4.88,67,95,33,115,6.0,8.659037999678983,3.2094599854594,3.0,3.0,1.0,9.6,63.0,0,Android,75.0,17.9,1,3,1,2,2,0
1102,44,Male,Europe,High,Bachelor,Caregiver/Home,5.45,102,91,49,38,3.0,5.4145314320241535,3.95260311005756,7.0,6.0,9.9236553579395,6.418568102444702,74.0,1,Tablet,41.0,24.5,1,2,0,0,0,2
1103,31,Male,South America,Low,Master,Full-time Employee,9.97,229,191,116,9,5.0,4.95398108527694,2.108307402676908,4.0,12.0,1.89764311604536,8.7,62.0,0,iPhone,86.0,45.9,1,5,1,2,1,3
1104,28,Male,Africa,Low,High School,Full-time Employee,13.88,168,373,77,0,6.0,5.091902495855237,1.227719626161341,14.0,18.0,9.59637508300567,6.3,33.0,1,Laptop,64.0,54.9,1,0,1,1,1,1
1105,43,Male,Asia,High,High School,Part-time/Shift,5.77,107,80,42,200,5.0,7.791849261093549,3.0407766872746858,4.0,8.0,1.0,8.6,72.0,0,Tablet,76.0,24.1,1,1,0,1,2,2
1106,35,Female,Asia,Low,Bachelor,Full-time Employee,4.72,110,138,19,103,6.0,7.576223332092278,2.2002398003622514,6.652820081337071,11.0,1.0,6.7,68.0,0,Tablet,55.0,23.2,0,1,1,0,1,2
1107,21,Male,Africa,Upper-Mid,High School,Student,6.61,108,200,125,197,5.0,7.085599695567338,3.247677350215394,4.0,7.0,2.807215491563115,2.6,61.0,0,Android,71.0,27.4,1,0,3,1,3,0
1108,39,Female,Europe,Low,Master,Part-time/Shift,6.49,129,85,130,190,2.0,9.324930104054255,2.837850246828096,6.0,12.0,1.0,9.5,77.0,0,Tablet,54.0,28.0,0,2,1,2,2,2
1109,34,Female,Asia,Upper-Mid,Master,Unemployed_Looking,4.45,78,222,68,93,1.0,7.3588007796480275,3.876546112371839,4.39813628391397,2.0,10.0,2.9,78.0,0,Tablet,59.0,21.8,0,1,3,2,4,2
1110,13,Male,Africa,Low,High School,Student,12.08,316,152,153,130,6.0,5.452732943347769,3.214427111577044,9.0,14.0,9.691389209481118,0.2,45.0,1,Laptop,84.0,56.3,1,0,1,1,3,1
1111,47,Male,Asia,Low,Master,Caregiver/Home,7.14,192,224,34,102,7.0,7.175107184193334,5.0,4.0,2.0,2.756690364128536,5.9,66.0,0,Tablet,63.0,39.0,1,1,1,2,0,2
1112,42,Female,South America,Lower-Mid,Master,Full-time Employee,8.94,257,548,34,238,1.0,8.90967338773024,1.746239004571128,10.253099843592892,9.0,10.0,1.0,25.0,0,Android,67.0,56.4,0,5,2,2,1,0
1113,24,Female,Africa,Low,Master,Student,11.09,287,290,115,130,1.0,6.428233435279068,1.0,7.596986024441255,19.0,1.2246916559455174,6.3,52.0,1,Tablet,74.0,55.7,0,0,1,2,3,2
1114,49,Female,Asia,Low,Bachelor,Full-time Employee,5.95,119,395,121,97,6.0,7.905409355198393,4.284364160822143,3.853422947278391,11.0,6.674518083726467,1.7,24.0,0,Tablet,70.0,34.3,0,1,1,0,1,2
1115,32,Female,Asia,Low,Bachelor,Full-time Employee,6.58,125,154,78,116,4.0,6.192186546578839,2.0324644610780545,8.541107287409611,9.0,1.0,8.8,69.0,1,Android,67.0,28.7,0,1,1,0,1,0
1116,13,Male,Europe,Low,High School,Student,7.35,266,279,89,105,5.0,5.752414237018669,3.1277615906978125,7.0,12.0,2.7740333851465326,7.1,39.0,0,iPhone,69.0,44.0,1,2,1,1,3,3
1117,48,Male,Europe,Lower-Mid,Master,Part-time/Shift,4.91,53,817,300,192,7.0,8.705730623512228,3.342097491637684,6.0,0.0,8.583174196336422,6.3,0.0,0,Android,89.0,36.3,1,2,2,2,2,0
1118,29,Female,Asia,High,Master,Full-time Employee,5.95,115,167,294,98,3.0,7.373932483735754,1.9890839143084489,10.128822708421168,11.0,1.0,8.4,54.0,1,iPhone,64.0,26.5,0,1,0,2,1,3
1119,43,Female,North America,High,High School,Full-time Employee,5.37,136,154,226,86,1.0,7.415010760823479,2.7336572985613894,8.27184185376778,11.0,1.0,6.418568102444702,36.0,0,iPhone,67.0,27.7,0,4,0,1,1,3
1120,23,Female,Europe,Upper-Mid,Bachelor,Student,6.59,75,299,271,113,3.0,6.808844766518262,2.9769847355338936,4.134815481137338,4.0,2.205186798773349,6.4,50.0,0,iPhone,76.0,27.1,0,2,3,0,3,3
1121,24,Female,Europe,Lower-Mid,Bachelor,Part-time/Shift,8.41,214,194,76,258,6.0,8.59868721452818,3.287306051064689,7.606945262127963,10.0,9.635333319838962,0.5,77.0,0,Laptop,76.0,40.6,0,2,2,0,2,1
1122,31,Female,Europe,Upper-Mid,High School,Full-time Employee,5.46,130,357,62,232,3.0,9.355489648765165,2.9701933154177595,6.65687527465157,8.0,2.049010107356848,9.3,56.0,0,iPhone,77.0,31.3,0,2,3,1,1,3
1123,37,Female,Europe,High,Bachelor,Part-time/Shift,4.2,65,130,185,285,0.0,9.3675503298094,2.595311972476991,5.791893019648068,4.0,1.0,8.4,52.0,0,iPhone,71.0,17.6,0,2,0,0,2,3
1124,20,Female,Middle East,Lower-Mid,Bachelor,Full-time Employee,7.19,160,594,219,218,3.0,6.937455351680806,2.9914511243206885,3.786012663577511,12.0,2.0876881399918523,9.3,18.0,0,Tablet,54.0,43.6,0,3,2,0,1,2
1125,21,Female,Middle East,Lower-Mid,Bachelor,Full-time Employee,4.92,125,364,401,155,4.0,8.367968010369328,5.0,7.721650476302777,6.0,3.926078076153545,8.7,17.0,0,Laptop,81.0,28.7,0,3,2,0,1,1
1126,21,Male,Europe,Lower-Mid,Bachelor,Student,6.81,138,153,63,166,4.0,6.797427161467311,2.960470297641832,4.0,5.0,3.911510436468358,8.9,54.0,0,Android,54.0,29.7,1,2,2,0,3,0
1127,34,Female,Europe,Upper-Mid,Bachelor,Unemployed_Looking,5.92,155,217,382,315,4.0,7.451622337725435,1.967964613835204,6.0765765933688405,8.0,2.9668904415153032,7.2,34.0,0,Android,68.0,31.4,0,2,3,0,4,0
1128,21,Female,Asia,Low,High School,Full-time Employee,10.96,287,206,74,169,6.0,7.459706738673005,2.2604496626958497,14.216215185212008,14.0,4.739062657956377,6.6,59.0,0,Tablet,57.0,53.5,0,1,1,1,1,2
1129,20,Female,South America,Low,Bachelor,Full-time Employee,8.18,164,218,79,118,3.0,7.546656221834396,1.9354212374613808,9.135382841320704,9.0,1.016562793563753,8.8,65.0,1,Android,64.0,36.5,0,5,1,0,1,0
1130,38,Male,North America,Low,Master,Caregiver/Home,7.05,117,555,44,156,7.0,6.541186357629676,3.2462041300913675,6.0,8.0,9.486277782091156,1.5,9.0,0,Android,68.0,39.9,1,4,1,2,0,0
1131,36,Female,South America,Low,Bachelor,Full-time Employee,12.37,215,247,401,79,3.0,5.923217089185117,1.0,8.867410179552747,14.0,6.999845602558494,2.6,6.0,0,Android,68.0,52.7,0,5,1,0,1,0
1132,13,Male,North America,Lower-Mid,High School,Student,5.56,182,376,101,68,4.0,5.736389248068601,3.019714868421896,3.0,3.0,7.839042629119547,9.3,40.0,1,Laptop,69.0,35.0,1,4,2,1,3,1
1133,23,Male,Asia,Lower-Mid,Bachelor,Student,2.34,76,79,123,92,4.0,7.593039123583519,4.05692744972678,5.0,5.0,8.877393878210837,2.9,72.0,0,Android,81.0,11.3,1,1,2,0,3,0
1134,24,Male,Africa,Lower-Mid,Bachelor,Unemployed_Looking,8.18,132,102,401,91,1.0,8.254791498398058,1.8021350860757848,4.0,10.0,9.252963075684532,2.7,28.0,0,Laptop,70.0,31.0,1,0,2,0,4,1
1135,25,Female,Europe,Upper-Mid,Bachelor,Full-time Employee,5.19,110,302,28,79,6.0,6.753805775036938,2.151694526526727,8.221579212878904,12.0,2.7464398174778504,5.6,65.0,0,Laptop,63.0,27.4,0,2,3,0,1,1
1136,14,Male,Middle East,Lower-Mid,High School,Student,5.53,138,410,269,142,2.0,7.424700302790945,2.866595841216307,0.0,9.0,6.286228578577557,5.2,24.0,0,Laptop,75.0,32.0,1,3,2,1,3,1
1137,35,Female,Asia,Low,Bachelor,Unemployed_Looking,4.32,64,355,153,190,6.0,8.04904486837139,3.233831971596864,7.938166785845936,6.0,9.674748415645816,4.5,25.0,0,Android,77.0,23.2,0,1,1,0,4,0
1138,36,Male,Africa,Upper-Mid,Bachelor,Full-time Employee,7.91,105,820,222,90,5.0,6.085677952160866,2.1339055639465823,0.0,9.0,9.886223834909144,0.2,0.0,1,Android,53.0,49.8,1,0,3,0,1,0
1139,25,Female,North America,Low,Bachelor,Full-time Employee,4.35,106,376,195,71,1.0,6.437618663848359,3.8081739634280254,6.737950008226047,3.0,1.2747820185582026,8.9,33.0,0,Android,71.0,26.7,0,4,1,0,1,0
1140,23,Female,Africa,Upper-Mid,Bachelor,Full-time Employee,15.01,260,65,310,21,3.0,6.13643774805194,1.068909586800104,16.070219277189665,22.5,10.0,6.1,50.0,0,iPhone,72.0,56.9,0,0,3,0,1,3
1141,21,Male,Europe,Upper-Mid,High School,Student,11.78,256,94,89,14,3.0,6.672022129976978,2.008592251010412,13.0,18.0,6.083377797912804,7.5,87.0,0,Android,62.0,49.7,1,2,3,1,3,0
1142,25,Male,Europe,Upper-Mid,Master,Student,9.34,211,95,180,178,5.0,8.5604593603094,3.174431725175718,5.0,11.0,3.743575269904227,8.4,85.0,0,Android,65.29930112427833,40.1,1,2,3,2,3,0
1143,27,Male,Asia,Upper-Mid,PhD,Student,4.28,80,416,115,214,2.0,9.582756007306848,2.8838573107546304,4.0,8.0,8.005948676130867,4.3,45.0,1,Tablet,63.0,25.7,1,1,3,3,3,2
1144,38,Female,Middle East,Low,Bachelor,Unemployed_Looking,7.92,235,820,401,270,2.0,6.121976325921504,1.0,4.291558664074087,14.0,10.0,0.4,0.0,1,iPhone,66.0,66.7,0,3,1,0,4,3
1145,26,Female,Asia,Lower-Mid,Bachelor,Full-time Employee,6.72,125,84,124,127,6.0,7.300282885815788,3.1901393060551246,8.637359059901494,4.0,1.0,9.8,69.0,0,Android,63.0,26.8,0,1,2,0,1,0
1146,28,Female,South America,Lower-Mid,Bachelor,Full-time Employee,6.72,159,156,59,113,4.0,7.142336002373734,3.090802506614099,6.897173383323724,10.0,2.852341542540095,9.2,48.0,0,Tablet,65.0,31.7,0,5,2,0,1,2
1147,39,Female,South America,High,High School,Full-time Employee,1.36,13,370,31,0,4.0,8.330291025689208,4.046405023132941,14.433703585318964,0.0,2.829360425853497,8.9,49.0,1,Tablet,54.0,13.3,0,5,0,1,1,2
1148,20,Female,Africa,Upper-Mid,Bachelor,Student,9.31,228,221,207,208,4.0,7.52438021771234,1.0630439057844203,13.918910698683298,15.0,9.943644682023116,0.7,53.0,1,Tablet,51.0,45.0,0,0,3,0,3,2
1149,46,Male,Middle East,High,High School,Part-time/Shift,8.34,139,561,80,59,6.0,9.0606367241929,2.219724870639168,0.0,10.0,2.8383575419031906,8.2,21.0,0,Tablet,81.0,45.3,1,3,0,1,2,2
1150,24,Male,Middle East,Lower-Mid,Bachelor,Student,7.59,115,291,47,82,2.0,6.398932753684952,1.0,0.0,12.0,1.1110985708176813,9.4,55.0,0,Android,57.0,33.3,1,3,2,0,3,0
1151,19,Female,Africa,Lower-Mid,Bachelor,Full-time Employee,7.09,174,316,55,100,6.0,5.89877842827865,2.3586037088891976,8.863958005350225,7.0,1.0,3.1,47.0,0,Laptop,55.0,37.4,0,0,2,0,1,1
1152,28,Female,Europe,Upper-Mid,Bachelor,Full-time Employee,10.31,192,157,401,91,3.0,7.151159244408503,1.0,7.62433001852654,16.0,7.029098192327746,8.7,39.0,0,Tablet,43.0,43.6,0,2,3,0,1,2
1153,24,Male,South America,Lower-Mid,Master,Student,4.28,94,274,154,0,2.0,6.348560237927071,2.8583701546364417,1.0,4.0,10.0,2.8,61.0,1,Tablet,59.0,23.2,1,5,2,2,3,2
1154,27,Female,North America,Upper-Mid,PhD,Full-time Employee,3.9,80,741,387,0,0.0,8.2425421593177,2.767091281291448,7.098217455435947,0.0,8.41560298221302,7.5,0.0,0,Laptop,65.29930112427833,33.4,0,4,3,3,1,1
1155,29,Male,Asia,Low,Master,Part-time/Shift,15.321028152585416,286,764,401,152,6.0,4.2882915751061,2.1819358555776502,16.070219277189665,17.0,7.6301655624359315,1.8,0.0,1,Android,81.0,72.54999999999998,1,1,1,2,2,0
1156,41,Female,Middle East,Low,Master,Caregiver/Home,7.61,219,107,401,199,2.0,8.214640624910805,2.877585413076932,6.137484250231768,12.0,10.0,3.3,38.0,0,Laptop,75.0,38.6,0,3,1,2,0,1
1157,40,Female,Europe,High,High School,Full-time Employee,10.54,162,191,308,103,7.0,7.550175980789256,3.2372584014603865,8.832294973253704,9.0,9.583906434628686,2.9,54.0,1,Tablet,58.0,43.1,0,2,0,1,1,2
1158,24,Female,Asia,Low,Bachelor,Student,5.76,135,669,273,134,7.0,7.305624497629715,3.316156845098297,4.0,3.0,2.6826742625943654,6.2,0.0,0,Laptop,88.0,39.4,0,1,1,0,3,1
1159,46,Female,Middle East,Upper-Mid,PhD,Caregiver/Home,5.29,78,93,33,115,2.0,8.160210247820887,2.917368593368584,7.653056513658368,5.0,1.0,9.7,78.0,0,Tablet,65.29930112427833,21.2,0,3,3,3,0,2
1160,22,Female,Africa,Upper-Mid,Bachelor,Student,6.06,140,140,67,0,5.0,6.402207719087565,4.116050058938479,4.439253908613599,8.0,9.85552337671129,7.3,72.0,0,iPhone,65.29930112427833,36.68415185296776,0,0,3,0,3,3
1161,20,Male,Europe,Lower-Mid,Bachelor,Student,5.44,131,319,74,44,3.0,6.664936620824676,3.007781209165138,4.0,3.0,1.9700957077572576,7.4,63.0,0,Laptop,41.0,30.4,1,2,2,0,3,1
1162,28,Female,Asia,Upper-Mid,High School,Unemployed_Looking,11.49,253,320,65,64,2.0,6.611478895324052,1.0,14.260980475947033,14.0,6.102903941487862,6.6,48.0,0,Android,88.0,54.5,0,1,3,1,4,0
1163,33,Female,Asia,High,High School,Full-time Employee,9.43,199,71,77,266,1.0,8.111922750797032,1.7769284174719011,8.935010276023366,9.0,1.959489198399968,9.4,94.0,0,Tablet,51.0,40.2,0,1,0,1,1,2
1164,40,Female,Europe,Upper-Mid,Master,Full-time Employee,12.76,179,443,90,249,7.0,6.457581975474062,1.2830799898176208,16.070219277189665,19.0,6.778595953558543,3.9,22.0,0,Android,49.0,56.5,0,2,3,2,1,0
1165,29,Male,North America,Upper-Mid,High School,Part-time/Shift,15.2,299,129,60,102,2.0,4.391125245447796,1.0,16.070219277189665,20.0,8.187836913100263,3.3,65.0,0,iPhone,65.29930112427833,62.8,1,4,3,1,2,3
1166,41,Male,North America,Lower-Mid,Bachelor,Full-time Employee,6.75,111,459,401,108,3.0,7.558226326167928,1.8846047228701983,3.0,9.0,1.0,9.8,0.0,0,iPhone,89.0,35.9,1,4,2,0,1,3
1167,44,Male,Europe,Low,Master,Caregiver/Home,5.65,93,223,3,114,2.0,9.545916063214836,3.876760932892454,4.0,4.0,1.0,9.5,68.0,0,iPhone,79.0,26.3,1,2,1,2,0,3
1168,14,Male,North America,Lower-Mid,High School,Student,4.06,70,545,190,39,5.0,8.009007012603794,4.166510666287688,5.0,4.0,1.7846018838567848,2.6,30.0,0,Android,71.0,26.3,1,4,2,1,3,0
1169,14,Male,Europe,Lower-Mid,High School,Student,11.31,180,373,86,160,4.0,7.357216521571972,3.1160304379092185,9.0,14.0,7.988117005001699,5.5,40.0,1,Tablet,71.0,48.4,1,2,2,1,3,2
1170,28,Male,Europe,Low,Bachelor,Full-time Employee,12.57,251,208,84,0,5.0,4.3870560059405,3.1044452677743823,4.0,20.0,9.672886990040338,6.7,56.0,1,Android,65.29930112427833,54.4,1,2,1,0,1,0
1171,23,Female,North America,Upper-Mid,Bachelor,Full-time Employee,7.64,203,242,346,57,0.0,8.321680068690151,2.76904723583194,5.983289704743825,15.0,9.34549132118864,1.0,28.0,0,Android,73.0,39.1,0,4,3,0,1,0
1172,38,Female,Asia,High,High School,Unemployed_Looking,3.26,70,322,26,209,3.0,8.497014993233524,4.003867476644918,11.009591491651882,0.0,1.1789308501421676,9.0,47.0,0,Android,68.0,21.0,0,1,0,1,4,0
1173,30,Male,North America,Upper-Mid,High School,Full-time Employee,5.31,127,476,72,172,5.0,7.758461211351246,4.192740070651376,4.0,3.0,2.733538077209708,7.4,27.0,0,Laptop,66.0,33.9,1,4,3,1,1,1
1174,24,Female,Europe,High,Bachelor,Full-time Employee,5.43,96,104,180,0,0.0,8.773384112410481,4.71487689243316,10.631358299168127,0.0,3.363248877833279,6.5,71.0,1,iPhone,64.0,21.6,0,2,0,0,1,3
1175,16,Female,Africa,Low,High School,Student,1.57,65,74,40,154,0.0,7.309202910130409,2.6424614191916262,8.423096109859689,0.0,10.0,2.6,97.0,0,Android,57.0,8.5,0,0,1,1,3,0
1176,28,Female,Asia,Upper-Mid,Bachelor,Part-time/Shift,7.35,203,445,85,84,2.0,6.318761999171046,1.8956650237655133,8.99978087666987,14.0,10.0,2.1,49.0,0,Tablet,62.0,44.4,0,1,3,0,2,2
1177,36,Male,Asia,High,Bachelor,Caregiver/Home,8.66,186,300,350,105,2.0,7.248603548046026,1.0,10.0,9.0,1.153866264113001,7.5,40.0,0,Tablet,48.0,43.4,1,1,0,0,0,2
1178,41,Female,South America,Lower-Mid,PhD,Full-time Employee,11.2,160,671,57,168,2.0,8.167267100028182,1.0,3.5435838277552696,13.0,1.1843232748668848,9.3,5.0,0,iPhone,64.0,56.7,0,5,2,3,1,3
1179,29,Female,Europe,Low,Master,Part-time/Shift,14.44,296,174,401,21,3.0,4.583874291635867,1.0,5.619818179170101,17.0,10.0,2.5,54.0,1,Laptop,55.0,62.4,0,2,1,2,2,1
1180,34,Male,North America,Upper-Mid,Bachelor,Part-time/Shift,4.94,137,106,24,179,5.0,6.044092638204789,3.1148632803671936,5.0,7.0,1.0,7.9,89.0,0,Laptop,54.0,25.2,1,4,3,0,2,1
1181,24,Female,Europe,Upper-Mid,Bachelor,Full-time Employee,8.02,195,158,154,265,5.0,8.006356426047809,4.138887625279441,5.761682403125952,7.0,1.792307382255115,5.1,57.0,1,Android,67.0,37.4,0,2,3,0,1,0
1182,47,Female,Asia,Low,High School,Part-time/Shift,11.88,219,293,76,60,3.0,8.047478521664328,1.0071981905621157,15.641597881474922,12.0,5.880544971646276,6.0,60.0,0,Laptop,79.0,53.9,0,1,1,1,2,1
1183,31,Female,Asia,Upper-Mid,Bachelor,Full-time Employee,11.63,170,142,212,102,4.0,7.557018259909062,2.0335382391740944,11.43991136189678,16.0,7.899462393900906,5.7,49.0,1,Tablet,65.29930112427833,43.9,0,1,3,0,1,2
1184,43,Female,Europe,High,Bachelor,Part-time/Shift,3.64,84,231,136,181,4.0,7.09459400969016,3.071709893668293,7.097421620697762,1.0,1.0,8.9,43.0,0,Laptop,49.0,21.7,0,2,0,0,2,1
1185,17,Female,Europe,Lower-Mid,High School,Student,5.43,111,544,124,89,7.0,10.040298556085224,4.292319749624692,4.4786256117344045,2.0,1.5887325468533158,7.2,31.0,0,iPhone,55.0,33.7,0,2,2,1,3,3
1186,47,Female,North America,High,High School,Part-time/Shift,11.29,170,663,218,165,5.0,6.21012612238846,1.1785843817285733,13.633720432285177,19.0,8.80352705936068,2.6,0.0,0,Android,74.0,57.8,0,4,0,1,2,0
1187,29,Female,Asia,Upper-Mid,High School,Unemployed_Looking,10.61,213,441,38,0,4.0,5.824223313082187,2.042495425782577,15.392327997477777,13.0,10.0,5.5,29.0,1,iPhone,55.0,53.1,0,1,3,1,4,3
1188,23,Female,Africa,Low,Bachelor,Student,2.38,70,83,54,0,0.0,7.454336021091128,2.7284401101621323,0.5000446217580174,8.0,1.0,9.9,70.0,0,Laptop,63.0,11.5,0,0,1,0,3,1
1189,21,Female,Africa,Lower-Mid,High School,Unemployed_Looking,5.67,102,65,79,101,2.0,8.51363888745117,2.873435708744432,4.0,2.0,1.0,9.0,76.0,0,Tablet,71.0,21.3,0,0,2,1,4,2
1190,28,Male,North America,High,Bachelor,Unemployed_Looking,7.86,192,134,80,0,5.0,6.320337807943755,2.123697234936726,2.0,9.0,8.824018151180525,4.8,72.0,0,iPhone,55.0,36.9,1,4,0,0,4,3
1191,22,Female,Asia,Lower-Mid,High School,Full-time Employee,6.72,140,197,271,30,3.0,6.34175112505787,2.9328659683238407,6.285330221563333,10.0,5.9525708596365146,9.3,45.0,0,Laptop,66.0,30.5,0,1,2,1,1,1
1192,14,Male,Asia,Lower-Mid,High School,Student,5.01,188,294,229,76,3.0,8.91236792246483,1.927910510433959,2.0,8.0,1.0,9.8,33.0,0,iPhone,52.0,32.7,1,1,2,1,3,3
1193,20,Female,Europe,Upper-Mid,Bachelor,Student,6.28,135,247,371,234,5.0,9.714316442901362,4.170597931198787,5.854862692209702,8.0,6.833306584998555,9.5,37.0,0,iPhone,59.0,30.3,0,2,3,0,3,3
1194,24,Female,North America,Lower-Mid,Bachelor,Unemployed_Looking,6.94,123,653,60,205,5.0,7.259708709643056,2.077649577775421,2.413586604840672,12.0,4.887825080373025,9.7,16.0,0,Tablet,68.0,41.4,0,4,2,0,4,2
1195,49,Male,Middle East,Upper-Mid,High School,Unemployed_Looking,11.03,258,488,149,59,2.0,6.421702871021816,1.0,11.0,19.0,7.135125647814598,5.8,19.0,0,Android,49.0,61.1,1,3,3,1,4,0
1196,45,Male,Europe,Lower-Mid,Master,Part-time/Shift,8.85,94,693,28,21,2.0,7.983090754713001,1.9429228704579264,7.0,14.0,10.0,1.5,10.0,0,iPhone,69.0,46.3,1,2,2,2,2,3
1197,33,Female,South America,High,Bachelor,Full-time Employee,8.51,178,152,113,87,4.0,6.161387814412612,2.0342899785877124,11.213007210170254,11.0,7.96792681543328,8.9,34.0,0,Tablet,65.0,37.9,0,5,0,0,1,2
1198,23,Male,Europe,Low,Bachelor,Part-time/Shift,12.65,314,268,324,90,2.0,4.9803412398849,1.933592753828656,10.0,14.0,10.0,3.7,0.0,1,Laptop,71.0,36.68415185296776,1,2,1,0,2,1
1199,33,Male,Africa,High,Master,Full-time Employee,9.71,236,285,38,0,4.0,5.383818762836823,1.0223727323015508,6.0,16.0,5.065626177574059,5.7,71.0,1,Laptop,67.0,49.0,1,0,0,2,1,1
1200,38,Female,Middle East,Low,High School,Full-time Employee,13.45,252,199,23,0,6.0,4.747739581332161,3.1591361252138994,13.17994188331696,17.0,9.816359193323583,1.1,49.0,1,iPhone,79.0,57.1,0,3,1,1,1,3
1201,13,Female,Europe,Lower-Mid,High School,Student,8.47,211,302,401,102,0.0,5.9900494946082405,1.6526451512058191,7.754666270237777,10.0,3.433578719294053,8.1,31.0,0,iPhone,66.0,42.5,0,2,2,1,3,3
1202,24,Male,Europe,Upper-Mid,Bachelor,Student,14.55,303,227,73,83,2.0,5.329273388321471,1.0,16.070219277189665,18.0,10.0,3.0,52.0,1,Tablet,61.0,64.0,1,2,3,0,3,2
1203,45,Female,North America,High,Bachelor,Unemployed_Looking,4.88,104,739,168,79,3.0,6.108029301703282,2.9151968156594137,4.923494493520097,5.0,3.934066107189037,9.6,0.0,1,iPhone,66.0,39.0,0,4,0,0,4,3
1204,24,Male,Europe,Upper-Mid,Master,Full-time Employee,5.6,109,238,68,219,4.0,8.421841685206093,4.089284347844147,4.0,3.0,4.983806138380351,8.2,64.0,0,Android,70.0,26.4,1,2,3,2,1,0
1205,26,Male,Africa,Upper-Mid,PhD,Part-time/Shift,7.36,111,820,162,98,5.0,7.127566044386304,3.081812310594982,4.0,3.0,1.854359860698858,7.7,0.0,0,Tablet,65.29930112427833,46.2,1,0,3,3,2,2
1206,21,Male,Asia,Upper-Mid,High School,Student,6.89,139,412,68,112,3.0,9.00853442428834,3.0379095706381256,0.0,6.0,1.0,9.3,42.0,0,Laptop,65.0,36.2,1,1,3,1,3,1
1207,17,Male,Europe,Low,High School,Student,5.72,122,256,99,144,3.0,6.316604115950521,4.08237951097189,5.0,0.0,6.076688259290198,6.4,42.0,0,Android,58.0,27.9,1,2,1,1,3,0
1208,29,Male,South America,Low,Master,Full-time Employee,6.86,162,399,35,0,6.0,8.162814313674149,3.1273678025468925,3.0,4.0,7.753961932985966,2.8,40.0,0,iPhone,58.0,38.7,1,5,1,2,1,3
1209,47,Female,Europe,Upper-Mid,Bachelor,Caregiver/Home,11.15,202,200,75,100,4.0,6.137903040149241,1.0,16.070219277189665,16.0,6.146835959780111,4.7,68.0,1,Laptop,51.0,49.1,0,2,3,0,0,1
1210,33,Female,South America,Upper-Mid,Master,Part-time/Shift,10.44,222,76,57,0,3.0,7.076817405842847,1.0106969679312958,9.876739501244153,16.0,2.031184646749,7.0,75.0,0,Tablet,82.0,43.7,0,5,3,2,2,2
1211,19,Female,Asia,Low,High School,Full-time Employee,7.06,67,486,122,96,3.0,7.10275408913075,2.997692520909425,9.502403074060451,14.0,9.1121864908115,9.2,28.0,0,Android,53.0,32.6,0,1,1,1,1,0
1212,29,Male,Europe,Low,PhD,Part-time/Shift,5.58,118,149,134,81,6.0,7.906549570204455,3.2505403982694188,2.0,9.0,2.680061741137001,8.8,67.0,0,Laptop,58.0,25.6,1,2,1,3,2,1
1213,33,Male,Africa,High,High School,Full-time Employee,13.67,292,187,185,0,3.0,6.553165353960229,1.943352597220916,15.0,20.0,10.0,0.0,59.0,1,Laptop,58.0,60.9,1,0,0,1,1,1
1214,40,Male,Asia,Low,High School,Full-time Employee,4.13,84,608,265,145,3.0,7.412782052270169,5.0,4.0,2.0,5.11242509156375,9.1,0.0,0,Android,74.0,31.5,1,1,1,1,1,0
1215,27,Female,Africa,Low,PhD,Part-time/Shift,11.93,233,92,391,0,3.0,6.403953754625786,1.0,16.070219277189665,14.0,10.0,1.7,59.0,1,iPhone,62.0,48.7,0,0,1,3,2,3
1216,23,Female,Asia,High,Bachelor,Student,3.79,103,268,54,139,0.0,8.622826366049075,3.671538315108684,1.910834665456535,0.0,3.4903578301223064,7.2,72.0,0,iPhone,77.0,36.68415185296776,0,1,0,0,3,3
1217,48,Male,Africa,Low,Master,Caregiver/Home,4.01,52,64,401,0,2.0,7.900327067341973,3.879498306142229,1.0,3.0,3.073050275565332,9.2,52.0,0,iPhone,58.0,15.9,1,0,1,2,0,3
1218,30,Female,Asia,Low,PhD,Part-time/Shift,10.6,146,820,217,85,4.0,6.77789113826672,1.991746673526451,10.081281123428418,16.0,9.891788966882686,1.2,0.0,0,Tablet,68.0,65.4,0,1,1,3,2,2
1219,44,Male,North America,Upper-Mid,Master,Full-time Employee,2.95,44,159,36,116,3.0,9.443173033593814,4.05158744266884,6.0,0.0,6.054269907227033,9.9,51.0,0,iPhone,57.0,14.7,1,4,3,2,1,3
1220,25,Female,North America,Lower-Mid,Bachelor,Full-time Employee,9.96,200,609,64,18,4.0,6.056983150185483,1.018908455197887,9.180128980582474,19.0,7.001231190494881,4.6,0.0,0,Laptop,86.0,53.4,0,4,2,0,1,1
1221,29,Female,Asia,Upper-Mid,High School,Full-time Employee,9.74,201,211,300,115,2.0,6.268075869907996,2.9167799053816075,10.732787189922064,9.0,10.0,0.0,41.0,0,Laptop,53.0,44.2,0,1,3,1,1,1
1222,26,Male,Asia,Lower-Mid,Master,Full-time Employee,13.3,295,820,29,139,3.0,4.497213355663185,1.9485067174920256,15.0,18.0,7.140140223265999,6.5,0.0,0,iPhone,68.0,72.54999999999998,1,1,2,2,1,3
1223,33,Female,Asia,High,PhD,Full-time Employee,5.69,70,236,14,224,2.0,8.14299712563776,2.8613863656562506,6.551085464863906,6.0,4.090857168796859,7.4,63.0,0,Tablet,71.0,24.0,0,1,0,3,1,2
1224,20,Female,North America,Lower-Mid,High School,Student,6.35,184,284,91,43,4.0,7.707073892732494,2.95641230927384,5.374437213847608,7.0,1.8395203630570585,10.0,56.0,0,Tablet,69.0,35.3,0,4,2,1,3,2
1225,32,Male,Africa,Low,Bachelor,Full-time Employee,4.99,84,245,337,68,3.0,9.742974088682567,3.001949104890663,3.0,0.0,10.0,6.2,30.0,0,Android,63.0,23.9,1,0,1,0,1,0
1226,19,Female,North America,Lower-Mid,Bachelor,Student,8.35,157,544,100,97,3.0,6.457741012389173,2.036999437372594,4.130399069791856,10.0,1.031105078256058,8.5,42.0,0,Tablet,64.0,44.5,0,4,2,0,3,2
1227,31,Female,North America,Low,Master,Full-time Employee,6.07,107,499,50,95,1.0,8.59604540012193,4.766472708479361,6.661624917429586,0.0,4.293734314231833,6.7,47.0,0,iPhone,65.0,34.7,0,4,1,2,1,3
1228,22,Male,Middle East,Low,Bachelor,Full-time Employee,6.33,138,506,74,181,7.0,8.35277465648981,3.2143174933782337,6.0,12.0,6.60903588455979,7.1,27.0,0,Laptop,64.0,37.4,1,3,1,0,1,1
1229,24,Male,Africa,Upper-Mid,Master,Student,10.63,197,335,128,127,3.0,5.6093280392989024,1.0122061768780262,6.0,13.0,2.0100779170952774,7.3,35.0,0,Android,75.0,48.0,1,0,3,2,3,0
1230,22,Male,Asia,Lower-Mid,Bachelor,Full-time Employee,9.65,152,192,170,203,2.0,8.190717113143055,1.809843663689064,5.0,10.0,10.0,6.4,69.0,0,Laptop,87.0,37.8,1,1,2,0,1,1
1231,24,Female,South America,Upper-Mid,Bachelor,Student,4.9,75,473,307,76,3.0,8.27977438125351,4.033017021538548,7.712392431369462,0.0,5.039587411928609,7.5,2.0,0,iPhone,59.0,28.0,0,5,3,0,3,3
1232,20,Female,South America,Lower-Mid,Bachelor,Part-time/Shift,6.56,114,46,401,171,3.0,6.800171952880781,2.926820618593404,7.057211961392105,2.0,1.0128809963572871,3.8,60.0,0,Android,51.0,24.3,0,5,2,0,2,0
1233,19,Female,Middle East,Lower-Mid,High School,Student,10.52,213,413,172,288,3.0,7.475486686817292,1.916875737599904,13.170475168270777,13.0,1.0,5.1,46.0,0,Tablet,64.0,51.1,0,3,2,1,3,2
1234,21,Female,Africa,Lower-Mid,Bachelor,Full-time Employee,8.66,179,516,248,179,3.0,6.697569366099811,1.0,8.759241951548992,14.0,10.0,3.6,11.0,0,Android,89.0,45.8,0,0,2,0,1,0
1235,16,Female,North America,Low,High School,Student,7.43,137,312,116,0,4.0,8.589449902481514,2.000018054087321,6.033957836388796,8.0,8.999299851805695,9.8,45.0,0,iPhone,57.0,34.6,0,4,1,1,3,3
1236,25,Male,Middle East,Lower-Mid,Bachelor,Part-time/Shift,5.21,110,219,201,106,1.0,5.555923005344154,3.776915533482958,3.0,1.0,2.2658268969636395,8.0,56.0,0,Tablet,81.0,24.8,1,3,2,0,2,2
1237,48,Female,Middle East,Low,Bachelor,Caregiver/Home,4.12,30,231,0,136,2.0,7.579048647402456,4.909854827777926,7.575020347060601,0.0,10.0,0.4,54.0,0,Laptop,82.0,17.8,0,3,1,0,0,1
1238,14,Male,Africa,Lower-Mid,High School,Student,13.18,267,726,105,75,4.0,6.957917044257661,1.0,16.0,14.0,9.94362300631842,2.6,20.0,1,Tablet,59.0,69.6,1,0,2,1,3,2
1239,31,Male,Middle East,Low,Master,Full-time Employee,4.02,89,378,122,282,5.0,7.339892934283335,3.2139306242310672,2.0,8.0,1.0,8.9,29.0,1,Laptop,71.0,25.1,1,3,1,2,1,1
1240,33,Female,Africa,High,High School,Full-time Employee,6.76,173,204,41,110,3.0,6.632621408811561,2.974222381364421,7.168501779112754,7.0,1.250933530334199,8.8,41.59859976662777,0,Laptop,81.0,36.68415185296776,0,0,0,1,1,1
1241,28,Male,Europe,Low,Bachelor,Full-time Employee,5.79,121,509,62,220,1.0,7.111489109910083,1.747622786927442,2.0,13.0,10.0,3.9,36.0,0,iPhone,61.0,35.3,1,2,1,0,1,3
1242,42,Male,North America,Lower-Mid,Bachelor,Full-time Employee,6.37,95,319,161,0,4.0,6.118868148054782,3.001062749873551,0.0,8.0,2.0099766251675684,8.0,18.0,0,iPhone,63.0,30.9,1,4,2,0,1,3
1243,22,Male,Middle East,Lower-Mid,Bachelor,Part-time/Shift,4.42,85,820,344,99,3.0,7.5018826776170355,4.021622693654175,4.0,0.0,7.084647739001353,8.8,0.0,0,iPhone,59.0,46.1,1,3,2,0,2,3
1244,14,Male,South America,Low,High School,Part-time/Shift,10.09,245,91,52,0,2.0,7.147423460222163,1.0,6.0,15.0,1.1936332408179846,8.0,72.0,0,iPhone,55.0,44.3,1,5,1,1,2,3
1245,21,Female,Middle East,Upper-Mid,High School,Unemployed_Looking,6.21,165,820,199,170,1.0,8.265192850739576,2.881610120411879,9.091332582915124,7.0,7.293157540711373,6.3,0.0,0,Laptop,59.0,57.1,0,3,3,1,4,1
1246,20,Male,Middle East,Lower-Mid,High School,Student,7.94,246,207,47,124,1.0,6.04430032542592,2.7781339453074065,6.0,16.0,3.1621384514210904,7.6,53.0,0,iPhone,53.0,42.8,1,3,2,1,3,3
1247,47,Female,South America,Lower-Mid,Bachelor,Caregiver/Home,4.88,62,581,300,0,6.0,6.258261084790294,4.226523497388949,3.523639514215983,7.0,7.747143249763035,7.7,0.0,1,Tablet,65.0,31.6,0,5,2,0,0,2
1248,30,Male,Middle East,Upper-Mid,High School,Full-time Employee,3.5,25,269,136,196,2.0,7.214377610977767,3.913484126733561,5.0,3.0,1.0,8.7,43.0,1,Tablet,57.0,16.0,1,3,3,1,1,2
1249,13,Female,Europe,Low,High School,Student,4.21,98,117,143,81,3.0,7.75258574388982,3.0068037497537463,8.374743592703954,7.0,5.023330473432151,5.1,73.0,0,Android,67.0,18.1,0,2,1,1,3,0
1250,22,Male,Europe,Low,Bachelor,Full-time Employee,7.27,169,327,213,120,3.0,4.890932652258008,3.028404430912738,5.0,12.0,9.979230103820091,9.1,32.0,1,Android,49.0,38.1,1,2,1,0,1,0
1251,28,Female,North America,Low,Bachelor,Full-time Employee,5.4,105,521,40,102,3.0,8.14767860202886,1.936177179448917,9.807900203919782,6.0,2.065877115213052,9.3,39.0,0,iPhone,68.0,33.2,0,4,1,0,1,3
1252,16,Male,Europe,Lower-Mid,High School,Student,6.22,146,140,196,297,1.0,8.279081626813122,1.8065625741595943,3.0,6.0,10.0,0.0,56.0,0,Laptop,73.0,27.6,1,2,2,1,3,1
1253,24,Male,North America,Lower-Mid,Bachelor,Student,3.55,76,169,59,173,4.0,9.607813989545225,4.021417531058885,6.0,0.0,8.969258313477358,0.0,54.0,0,Android,45.0,17.6,1,4,2,0,3,0
1254,24,Male,Europe,Lower-Mid,Bachelor,Full-time Employee,7.94,214,310,123,0,6.0,8.064821135429511,2.2090637118635903,3.0,10.0,9.740724651778049,6.418568102444702,24.0,0,Android,69.0,42.7,1,2,2,0,1,0
1255,20,Male,North America,Lower-Mid,High School,Unemployed_Looking,12.46,280,279,48,153,1.0,5.436224113084431,1.0,16.070219277189665,22.5,8.201759189260263,3.8,42.0,1,iPhone,77.0,57.6,1,4,2,1,4,3
1256,49,Female,Europe,Lower-Mid,Master,Full-time Employee,8.95,115,688,61,125,3.0,6.84175969298026,1.8893385997281,8.544289719696001,13.0,6.01639922119702,8.3,23.0,0,Android,53.0,49.1,0,2,2,2,1,0
1257,50,Male,Asia,Low,PhD,Unemployed_Looking,15.321028152585416,282,123,76,28,2.0,6.775646084821655,1.0,16.070219277189665,20.0,10.0,0.4,58.0,0,Tablet,82.0,65.7,1,1,1,3,4,2
1258,21,Female,Africa,Lower-Mid,Bachelor,Unemployed_Looking,10.78,271,783,81,197,0.0,6.218603215293304,1.6754273377376725,16.070219277189665,12.0,10.0,2.9,0.0,1,Tablet,69.0,66.0,0,0,2,0,4,2
1259,34,Female,Africa,High,Bachelor,Part-time/Shift,6.21,102,820,102,177,4.0,8.452415895274566,3.036556502353031,7.517192753684235,4.0,9.83902399432602,1.8,0.0,1,Laptop,58.0,53.0,0,0,0,0,2,1
1260,22,Female,Asia,Low,Bachelor,Full-time Employee,5.17,71,419,165,54,3.0,7.96822754921899,4.034237470989441,6.303062725794774,6.0,9.914805289744145,8.7,45.0,1,Tablet,64.0,26.7,0,1,1,0,1,2
1261,16,Female,South America,Lower-Mid,High School,Student,6.9,143,143,56,189,4.0,7.51832487307149,2.068325504237063,7.085258478253545,2.0,9.872615491559769,2.6,83.0,0,Laptop,71.0,29.1,0,5,2,1,3,1
1262,19,Male,North America,Low,Bachelor,Student,15.321028152585416,310,126,159,80,5.0,3.9674128093527297,3.148786159347834,16.070219277189665,22.0,9.907870390649713,2.9,68.0,1,iPhone,66.0,63.9,1,4,1,0,3,3
1263,24,Female,Asia,Lower-Mid,Bachelor,Part-time/Shift,2.97,102,377,109,147,4.0,7.628907078568572,3.992893716073137,9.82789225219332,2.0,10.0,2.4,43.0,0,Laptop,70.0,23.1,0,1,2,0,2,1
1264,19,Male,Middle East,Low,Bachelor,Student,13.84,307,259,93,210,5.0,4.853685871535101,1.079605365143459,16.070219277189665,22.0,9.750276833655038,3.2,56.0,0,Tablet,56.0,63.2,1,3,1,0,3,2
1265,43,Female,Europe,Upper-Mid,Bachelor,Full-time Employee,7.56,96,820,146,0,5.0,6.143169305947236,2.178872481768097,6.912441945340044,12.0,7.848838532386039,3.3,0.0,1,Tablet,67.0,49.8,0,2,3,0,1,2
1266,39,Male,Middle East,Upper-Mid,High School,Caregiver/Home,9.82,226,489,30,75,7.0,7.2867351932683055,2.262121771853948,8.0,8.0,7.757982574480317,4.5,30.0,0,Android,51.0,54.6,1,3,3,1,0,0
1267,13,Female,North America,Lower-Mid,High School,Student,5.17,98,820,239,213,6.0,9.350615279600246,3.1869487118664166,5.765372992657454,9.0,9.750965844137347,4.8,0.0,0,Android,64.0,46.8,0,4,2,1,3,0
1268,26,Male,Asia,High,Bachelor,Part-time/Shift,6.0,120,780,83,243,4.0,6.644794887520241,2.1001225808906283,2.0,14.0,1.0444869050347905,7.1,1.0,0,Tablet,56.0,42.6,1,1,0,0,2,2
1269,20,Male,Europe,Low,Bachelor,Student,8.35,203,58,401,138,3.0,5.796813339953523,2.9195446974726584,6.0,10.0,7.117177625951801,7.3,40.0,1,iPhone,58.0,36.3,1,2,1,0,3,3
1270,18,Female,North America,Low,Bachelor,Part-time/Shift,14.23,316,89,283,83,1.0,5.924858307882006,1.0,15.646449338914572,22.5,10.0,4.0,53.0,1,Android,77.0,64.8,0,4,1,0,2,0
1271,17,Male,Europe,Low,High School,Student,7.37,210,125,88,41,2.0,4.999992803989867,1.894301097452761,2.0,11.0,8.128593844594398,4.6,61.0,1,iPhone,76.0,35.4,1,2,1,1,3,3
1272,17,Male,Asia,Lower-Mid,High School,Part-time/Shift,6.34,126,161,91,25,2.0,6.769072509822391,2.8920214448512143,3.0,9.0,10.0,1.1,61.0,0,Android,71.0,26.9,1,1,2,1,2,0
1273,39,Female,Asia,Lower-Mid,High School,Unemployed_Looking,4.5,140,170,44,0,2.0,7.493060495435896,4.866233949550502,8.723826965868337,0.0,1.152123029515872,9.9,65.0,0,Laptop,65.29930112427833,26.4,0,1,2,1,4,1
1274,24,Female,Asia,High,Bachelor,Student,7.69,183,114,76,0,6.0,7.6543696711706,2.182701546458243,8.583863679991968,12.0,9.791047242233208,3.2,79.0,0,Laptop,65.29930112427833,34.7,0,1,0,0,3,1
1275,30,Male,Asia,Upper-Mid,High School,Full-time Employee,11.32,235,81,66,51,1.0,6.52281342152361,1.0,9.0,15.0,5.282999997585208,9.2,73.0,0,Android,65.29930112427833,47.0,1,1,3,1,1,0
1276,29,Female,Africa,Lower-Mid,Master,Full-time Employee,3.58,54,235,178,102,1.0,7.851002687787452,2.836404338849684,9.168710137120094,0.0,7.015409141100927,8.7,36.0,0,iPhone,66.0,17.4,0,0,2,2,1,3
1277,37,Female,Asia,High,High School,Full-time Employee,10.05,126,313,198,0,7.0,7.694079633853489,3.2581714895523306,3.211107321535932,18.0,1.0,8.9,39.0,0,Android,88.0,40.9,0,1,0,1,1,0
1278,16,Female,North America,Lower-Mid,High School,Student,13.25,235,235,114,54,2.0,6.11020592983335,1.0,16.070219277189665,21.0,9.96880188527608,0.9,50.0,1,Tablet,69.0,54.4,0,4,2,1,3,2
1279,14,Male,Africa,Lower-Mid,High School,Student,8.23,161,325,66,104,3.0,6.01880700414988,1.0,4.0,16.0,1.0513087195975803,6.418568102444702,41.0,0,Tablet,67.0,38.4,1,0,2,1,3,2
1280,26,Male,Europe,Low,Bachelor,Unemployed_Looking,3.13,36,521,135,180,4.0,6.482259074051544,3.9990024938668407,5.0,4.0,7.950005654173564,4.5,21.0,0,Tablet,62.0,21.9,1,2,1,0,4,2
1281,23,Male,North America,Low,Bachelor,Student,10.78,170,561,142,198,2.0,6.20502122286333,2.880265037036956,11.0,11.0,10.0,2.4,9.0,1,Tablet,66.0,52.0,1,4,1,0,3,2
1282,34,Male,Africa,High,High School,Full-time Employee,14.26,249,577,27,102,7.0,5.707047575492863,1.2710360891713437,16.070219277189665,14.0,9.53451380641194,2.8,0.0,1,Laptop,63.0,68.5,1,0,0,1,1,1
1283,33,Male,Asia,Low,PhD,Full-time Employee,6.04,97,380,49,73,4.0,8.189831209251958,3.1023801889242955,2.0,6.0,1.0,8.5,39.0,0,Laptop,72.0,30.8,1,1,1,3,1,1
1284,19,Female,South America,Low,High School,Student,4.37,106,305,220,51,5.0,7.475152467253153,3.113359652472074,3.4485291365077995,9.0,1.0,9.7,37.0,0,Tablet,75.0,24.3,0,5,1,1,3,2
1285,14,Female,Europe,Low,High School,Student,6.54,137,263,65,85,5.0,4.563497685964527,4.117999142874635,3.5795310416201787,11.0,5.72384185871072,6.418568102444702,53.0,0,iPhone,57.0,31.0,0,2,1,1,3,3
1286,26,Male,Africa,Upper-Mid,High School,Student,3.1,47,442,225,233,7.0,6.911303257522906,3.362156284402789,6.0,6.0,2.4939450117132003,6.0,10.0,0,Tablet,52.0,21.0,1,0,3,1,3,2
1287,40,Female,Africa,Low,Master,Caregiver/Home,13.87,134,394,25,83,1.0,4.694637705518727,1.0,16.070219277189665,8.0,6.250294681705021,3.2,38.0,1,Android,47.0,54.2,0,0,1,2,0,0
1288,30,Female,Europe,Low,High School,Full-time Employee,3.74,74,202,59,75,0.0,8.048132892777112,3.815521744751035,8.389539342676315,3.0,1.0,8.6,61.0,0,Laptop,70.0,18.6,0,2,1,1,1,1
1289,19,Female,Europe,Lower-Mid,High School,Student,3.15,154,221,330,239,4.0,10.28882378754365,3.114877268541088,9.004832584084832,3.0,1.0,9.6,43.0,0,Tablet,54.0,23.9,0,2,2,1,3,2
1290,42,Female,Asia,High,Bachelor,Part-time/Shift,11.37,278,319,200,263,3.0,6.663805049688167,1.0,16.070219277189665,13.0,8.082351849180998,5.8,29.0,1,iPhone,43.0,58.8,0,1,0,0,2,3
1291,22,Female,South America,Low,High School,Student,4.43,88,159,401,187,2.0,8.086888650859711,3.941653273864382,5.0612172725208495,0.0,4.085392624747759,9.5,16.0,0,Android,69.0,19.6,0,5,1,1,3,0
1292,30,Female,Asia,Upper-Mid,Bachelor,Full-time Employee,14.52,273,298,58,149,0.0,6.761236856894199,1.0,16.070219277189665,16.0,10.0,2.5,48.0,1,Android,65.29930112427833,63.0,0,1,3,0,1,0
1293,23,Male,North America,Upper-Mid,Bachelor,Student,11.4,316,232,201,163,4.0,6.465498539634361,1.1285656749540638,7.0,12.0,6.89457270103142,8.1,50.0,0,iPhone,65.0,58.0,1,4,3,0,3,3
1294,41,Female,Africa,High,High School,Full-time Employee,6.73,82,177,307,91,2.0,7.695434473477118,2.94156053032321,4.023488139134926,8.0,1.0,8.3,28.0,0,Android,73.0,26.6,0,0,0,1,1,0
1295,25,Female,North America,Low,Master,Full-time Employee,6.88,122,291,61,145,4.0,8.37821172529921,3.100301168083352,8.653657700419416,4.0,1.0,9.7,56.0,0,iPhone,66.0,32.0,0,4,1,2,1,3
1296,25,Female,Middle East,Lower-Mid,Bachelor,Unemployed_Looking,7.48,160,262,159,170,3.0,7.675332559485844,1.9569073225573568,1.0,8.0,1.0,8.3,47.0,0,iPhone,64.0,36.0,0,3,2,0,4,3
1297,23,Male,Europe,Lower-Mid,Bachelor,Full-time Employee,15.26,309,196,254,99,1.0,6.035516903113138,1.7704019833301397,16.070219277189665,15.0,7.199915828672186,8.9,55.0,0,Android,74.0,64.9,1,2,2,0,1,0
1298,39,Male,Middle East,Upper-Mid,Master,Part-time/Shift,6.11,159,820,401,192,5.0,6.804119231818493,3.114198795989778,0.0,7.0,1.0,8.1,0.0,0,Laptop,62.0,48.5,1,3,3,2,2,1
1299,27,Male,Asia,Upper-Mid,Master,Full-time Employee,11.04,233,820,46,0,4.0,6.531709682180219,1.9686855682662547,7.0,14.0,4.746818026517178,5.2,0.0,0,iPhone,68.0,69.3,1,1,3,2,1,3
1300,24,Male,Africa,Lower-Mid,Bachelor,Student,9.36,158,186,221,118,0.0,5.892777654550681,1.0,8.0,10.0,10.0,6.418568102444702,57.0,1,Laptop,68.0,38.2,1,0,2,0,3,1
1301,26,Female,North America,Upper-Mid,High School,Full-time Employee,6.03,118,529,45,217,3.0,5.191237480811729,2.957875726770249,7.999401602414368,9.0,2.842789807227424,7.5,11.0,0,iPhone,58.0,36.1,0,4,3,1,1,3
1302,29,Male,Europe,Lower-Mid,Master,Full-time Employee,5.38,153,128,192,270,4.0,7.437544695282479,4.116491554791141,4.0,5.0,3.017801862477627,7.9,71.0,0,Tablet,75.0,27.1,1,2,2,2,1,2
1303,31,Male,Asia,Upper-Mid,PhD,Part-time/Shift,4.39,82,47,97,147,2.0,9.12264573275667,3.830580752283296,4.0,5.0,7.185543657204971,9.2,64.0,0,Laptop,63.0,17.2,1,1,3,3,2,1
1304,41,Female,Asia,Low,High School,Full-time Employee,8.5,131,94,164,276,3.0,9.257786006477737,2.026171620791245,7.445598000203606,11.0,3.0149863186311867,5.6,68.0,0,Android,57.0,33.3,0,1,1,1,1,0
1305,19,Female,North America,Low,Bachelor,Student,14.21,311,233,131,5,4.0,4.78858266367569,1.0271809854289269,16.070219277189665,22.0,9.97578423102271,2.3,72.0,1,Tablet,70.0,63.3,0,4,1,0,3,2
1306,47,Female,Middle East,Upper-Mid,Bachelor,Unemployed_Looking,6.76,128,696,37,0,3.0,8.429043534160686,2.907821904325676,4.297297072581591,7.0,3.95903355933207,5.7,14.0,0,Laptop,56.0,36.68415185296776,0,3,3,0,4,1
1307,35,Male,North America,Upper-Mid,Bachelor,Part-time/Shift,4.36,77,282,154,19,1.0,6.533159365565035,3.893626990155606,8.0,3.0,1.256095257852367,6.418568102444702,52.0,0,iPhone,65.0,22.9,1,4,3,0,2,3
1308,35,Male,North America,Lower-Mid,Master,Part-time/Shift,6.58,83,141,102,146,1.0,7.346738998855027,1.867636671014657,1.0,5.0,4.313887139680002,9.0,63.0,0,Android,65.0,25.1,1,4,2,2,2,0
1309,22,Male,Asia,Low,Bachelor,Full-time Employee,9.71,197,221,183,70,3.0,8.297708560281219,1.982629995750424,4.0,8.0,7.789736360417843,8.6,35.0,0,Laptop,76.0,42.8,1,1,1,0,1,1
1310,16,Female,Middle East,Lower-Mid,High School,Student,10.08,156,112,64,134,2.0,4.946991132577321,1.8938526254011243,9.086965648316776,12.0,10.0,3.7,72.0,1,Android,70.0,37.0,0,3,2,1,3,0
1311,37,Male,North America,Lower-Mid,Bachelor,Full-time Employee,5.32,86,83,125,158,6.0,7.851065037943488,4.233669806472365,2.0,10.0,1.0,9.6,76.0,0,Android,65.0,21.1,1,4,2,0,1,0
1312,45,Female,Europe,Low,Bachelor,Unemployed_Looking,4.57,87,480,401,0,7.0,7.679716992877493,3.301310378024038,3.435965105777905,9.0,1.0,8.5,0.0,0,Android,73.0,30.0,0,2,1,0,4,0
1313,15,Male,North America,Lower-Mid,High School,Part-time/Shift,6.76,187,383,150,196,3.0,7.051723622881813,2.9324265770325613,6.0,8.0,5.153847646443346,9.7,25.0,0,Android,79.0,36.68415185296776,1,4,2,1,2,0
1314,25,Male,Asia,High,Master,Full-time Employee,7.25,146,88,116,0,7.0,8.219310735013092,4.270976335638921,5.0,5.0,1.0,8.8,42.0,1,Tablet,71.0,29.7,1,1,0,2,1,2
1315,23,Female,North America,Low,Bachelor,Part-time/Shift,4.39,77,250,126,136,4.0,9.089356951091975,3.149960909939828,6.806997598699432,8.0,2.8810739027405248,8.8,46.0,0,Tablet,65.0,21.1,0,4,1,0,2,2
1316,41,Male,Europe,Upper-Mid,High School,Caregiver/Home,9.45,177,276,95,0,6.0,5.861339514765019,1.3453021426628098,7.0,14.0,3.564471403853445,6.5,45.0,0,Laptop,65.29930112427833,44.3,1,2,3,1,0,1
1317,14,Female,North America,Low,High School,Student,9.63,208,526,105,142,2.0,4.495281589643096,1.9702891564059104,10.112321189731867,12.0,10.0,9.1,38.0,1,Tablet,54.0,51.1,0,4,1,1,3,2
1318,50,Female,Asia,High,High School,Full-time Employee,5.79,118,233,0,104,3.0,7.027571501400334,2.995951571749266,6.5259582031482335,7.0,1.01757628893645,9.3,52.0,0,iPhone,62.0,30.1,0,1,0,1,1,3
1319,21,Female,Africa,Low,Bachelor,Part-time/Shift,6.23,119,298,287,72,2.0,7.376846230202895,2.87526827950928,3.1507606845169733,6.0,10.0,1.0,43.0,1,Android,59.0,30.2,0,0,1,0,2,0
1320,31,Female,Asia,Lower-Mid,Master,Full-time Employee,3.01,9,656,112,0,4.0,8.291207599355936,4.012015723643045,10.82788362080996,4.0,6.926568027631286,9.3,0.0,0,Android,63.0,23.2,0,1,2,2,1,0
1321,17,Male,Middle East,Lower-Mid,High School,Student,9.68,218,109,271,65,3.0,5.405571676484202,2.935426254219625,10.0,7.0,4.08817836661958,6.8,65.0,0,Laptop,66.0,41.5,1,3,2,1,3,1
1322,26,Male,South America,High,Master,Full-time Employee,4.76,128,164,53,4,3.0,7.4713827745597,2.944376991806797,4.0,2.0,1.0,8.4,51.0,0,Tablet,70.0,24.3,1,5,0,2,1,2
1323,38,Female,North America,High,High School,Full-time Employee,7.71,129,441,97,185,4.0,6.511172421854302,2.1594832204091814,7.903746168280404,10.0,2.14259737930071,7.6,36.0,1,iPhone,65.29930112427833,39.7,0,4,0,1,1,3
1324,27,Female,North America,Low,Bachelor,Full-time Employee,5.9,100,239,331,0,3.0,8.287173882620651,3.0623544895602643,6.547172632186531,10.0,5.073594371417456,8.0,34.0,0,Tablet,70.0,26.6,0,4,1,0,1,2
1325,41,Female,Asia,High,High School,Unemployed_Looking,7.53,137,176,149,232,0.0,7.269882712861428,1.0,1.6022100758049609,14.0,1.0,8.7,46.0,0,Android,66.0,33.4,0,1,0,1,4,0
1326,35,Male,Europe,High,Master,Unemployed_Looking,14.42,286,389,59,49,6.0,5.4989420779778,1.1636636467107675,16.070219277189665,20.0,6.672832386956205,3.8,32.0,0,iPhone,45.0,67.8,1,2,0,2,4,3
1327,38,Male,Africa,Upper-Mid,High School,Part-time/Shift,2.1,48,483,165,67,6.0,9.299799480771693,3.256347101866961,5.0,6.0,8.686320209764776,7.3,19.0,0,Tablet,56.0,20.8,1,0,3,1,2,2
1328,24,Male,Asia,Low,Bachelor,Part-time/Shift,4.61,77,46,130,68,5.0,7.22881545841827,3.1198788105091206,7.0,2.0,4.704106830116745,6.418568102444702,90.0,0,Tablet,64.0,16.6,1,1,1,0,2,2
1329,14,Female,Africa,Lower-Mid,High School,Student,8.19,119,313,401,116,1.0,4.285633336928738,2.704620615615412,5.977497269072817,6.0,5.253494353202503,7.7,20.0,0,Laptop,53.0,34.8,0,0,2,1,3,1
1330,43,Male,Europe,High,High School,Part-time/Shift,2.64,68,156,29,0,3.0,7.728037702069934,4.986395406611198,3.0,0.0,7.099956948841867,8.6,78.0,0,Laptop,71.0,15.5,1,2,0,1,2,1
1331,29,Female,Asia,Upper-Mid,Master,Unemployed_Looking,6.22,126,549,91,71,2.0,8.503460604135704,2.850060079102674,6.311832539749124,8.0,3.0947232704243057,9.4,26.0,0,iPhone,80.0,37.4,0,1,3,2,4,3
1332,30,Male,Europe,Upper-Mid,High School,Part-time/Shift,4.69,87,366,22,174,5.0,7.282000825168154,4.091406990480149,6.0,0.0,7.759663379584403,9.0,48.0,0,iPhone,77.0,25.9,1,2,3,1,2,3
1333,50,Male,Africa,Upper-Mid,PhD,Full-time Employee,8.58,129,671,401,249,5.0,7.983111040468935,1.1192892622562507,4.0,13.0,1.9455293957906707,6.4,0.0,0,iPhone,63.0,48.7,1,0,3,3,1,3
1334,28,Male,Asia,Low,Bachelor,Full-time Employee,11.63,243,289,121,105,2.0,5.790282583272542,1.0,7.0,15.0,7.029673705944472,5.2,44.0,0,Android,80.0,53.4,1,1,1,0,1,0
1335,40,Male,Middle East,Low,PhD,Full-time Employee,9.08,126,130,142,10,4.0,5.237912065472387,2.050212177382692,6.0,14.0,1.7653411720979588,7.8,56.0,0,Laptop,66.0,34.8,1,3,1,3,1,1
1336,47,Female,Middle East,High,PhD,Full-time Employee,6.09,76,226,118,121,5.0,8.220157641128912,3.1276931344337906,3.0241136004674285,2.0,1.7320216285953414,8.6,39.0,0,Tablet,62.0,26.7,0,3,0,3,1,2
1337,14,Male,Africa,Lower-Mid,High School,Student,7.06,189,421,71,42,4.0,6.837111015953564,3.958134563695512,6.0,6.0,1.0,7.8,37.0,0,iPhone,59.0,40.7,1,0,2,1,3,3
1338,20,Female,Asia,Low,High School,Student,9.46,245,119,70,0,4.0,5.523593354341822,3.1279389177820347,7.42944322129992,12.0,6.96166472734451,0.0,65.0,1,Android,65.29930112427833,43.9,0,1,1,1,3,0
1339,24,Female,North America,Lower-Mid,Master,Unemployed_Looking,3.66,76,107,60,0,1.0,7.099695782912001,1.7631022514001842,9.344031735604236,7.0,10.0,0.9,80.0,0,iPhone,61.0,15.9,0,4,2,2,4,3
1340,38,Male,Europe,High,Bachelor,Full-time Employee,7.71,169,820,233,113,2.0,7.828139240803152,2.844535811887853,3.0,17.0,10.0,0.2,0.0,0,Laptop,67.0,62.3,1,2,0,0,1,1
1341,14,Female,Africa,Low,High School,Student,6.76,198,246,110,145,4.0,7.38019313327186,2.0354973557483778,9.747715187918493,12.0,10.0,4.7,43.0,0,Android,67.0,36.68415185296776,0,0,1,1,3,0
1342,15,Male,South America,Lower-Mid,High School,Student,3.03,76,613,192,87,1.0,8.48637624049416,3.8068543451791537,4.0,8.0,10.0,3.3,9.0,0,Android,65.0,26.3,1,5,2,1,3,0
1343,45,Female,Asia,Low,Master,Caregiver/Home,3.58,52,126,66,38,1.0,8.30093261893205,4.88522007838921,6.959922079395671,1.0,3.312312369542827,8.6,68.0,0,iPhone,69.0,15.8,0,1,1,2,0,3
1344,15,Female,Asia,Low,High School,Part-time/Shift,2.59,85,84,157,42,2.0,9.244790541634128,3.9056269037471214,7.342011418611653,0.0,1.0,8.3,77.0,0,Laptop,77.0,12.2,0,1,1,1,2,1
1345,23,Male,North America,Upper-Mid,Bachelor,Student,6.47,185,243,73,111,1.0,7.243423348598282,2.840594361753095,5.0,6.0,3.2138522167620827,8.8,41.59859976662777,0,iPhone,74.0,34.7,1,4,3,0,3,3
1346,13,Female,North America,Lower-Mid,High School,Student,9.87,228,820,120,244,1.0,7.235492667827183,1.8259978969267825,6.863939218663548,16.0,7.30926704504768,6.418568102444702,0.0,0,Laptop,50.0,61.8,0,4,2,1,3,1
1347,29,Female,South America,Upper-Mid,Bachelor,Unemployed_Looking,3.25,94,86,17,134,2.0,8.323446377332818,3.9037288102693153,10.291217793642538,8.0,1.0,8.1,86.0,0,Laptop,41.0,17.0,0,5,3,0,4,1
1348,29,Male,South America,High,High School,Full-time Employee,9.72,153,437,70,87,5.0,5.456176494505623,2.1472961370890014,8.0,10.0,8.898181634394396,3.7,24.0,1,Laptop,74.0,45.3,1,5,0,1,1,1
1349,24,Male,Europe,Lower-Mid,Bachelor,Part-time/Shift,3.24,78,291,401,208,3.0,5.97931821313689,2.875403667612688,8.0,9.0,1.0,8.9,40.0,0,Android,51.0,20.0,1,2,2,0,2,0
1350,33,Female,Europe,Low,Master,Full-time Employee,5.36,81,195,43,15,0.0,6.030662594949678,2.719890519708884,6.733209128640095,7.0,10.0,1.1,77.0,1,Laptop,63.0,23.3,0,2,1,2,1,1
1351,24,Male,South America,Low,Bachelor,Part-time/Shift,3.83,119,127,265,156,5.0,7.920259665029573,4.189922717463209,7.0,9.0,1.0,8.1,47.0,0,Android,53.0,20.7,1,5,1,0,2,0
1352,23,Female,Asia,Low,Bachelor,Student,3.97,74,244,129,222,3.0,7.328844413427673,3.169156925281469,4.190336719759375,5.0,9.966165515620371,2.3,47.0,0,iPhone,47.0,20.3,0,1,1,0,3,3
1353,50,Female,South America,Upper-Mid,Bachelor,Full-time Employee,7.22,152,609,265,229,5.0,8.35216609679724,1.0715942153076754,8.54025529676739,11.0,6.782917055332741,6.6,0.0,0,Android,65.29930112427833,45.7,0,5,3,0,1,0
1354,30,Female,Asia,Lower-Mid,Bachelor,Unemployed_Looking,10.44,247,820,401,26,0.0,7.502200157025437,1.0,7.0,16.0,8.339255948136415,1.8,0.0,1,Laptop,73.0,72.54999999999998,0,1,2,0,4,1
1355,30,Female,South America,Upper-Mid,High School,Full-time Employee,14.51,293,244,121,61,3.0,6.331877511768278,1.0,6.295189585175175,22.5,6.094880582892054,5.4,51.0,0,Tablet,59.0,64.1,0,5,3,1,1,2
1356,21,Female,Asia,Upper-Mid,Bachelor,Full-time Employee,4.27,150,250,138,166,3.0,6.488867581478984,2.074422969935977,6.0932248073254,6.0,5.004666654059879,7.4,55.0,0,Laptop,41.0,27.6,0,1,3,0,1,1
1357,21,Male,Europe,Upper-Mid,Bachelor,Full-time Employee,13.26,231,257,104,0,0.0,5.525383751210425,1.0,16.070219277189665,22.5,10.0,6.4,68.0,1,Android,60.0,55.4,1,2,3,0,1,0
1358,35,Male,Africa,Lower-Mid,Bachelor,Part-time/Shift,7.09,258,195,34,90,2.0,7.668313598334135,3.9234027056601706,3.0,3.0,8.115671288333452,2.1,70.0,0,Tablet,69.0,42.5,1,0,2,0,2,2
1359,31,Male,Asia,Low,Master,Full-time Employee,11.55,233,233,99,69,7.0,6.477648327758131,1.2212183941529575,7.0,13.0,4.549696445444581,8.7,62.0,0,Android,65.29930112427833,52.1,1,1,1,2,1,0
1360,18,Male,Europe,Low,Bachelor,Part-time/Shift,3.33,89,369,108,74,7.0,7.871674623643487,4.275650615725126,6.0,0.0,9.536507627664092,1.6,48.0,0,Tablet,67.0,22.2,1,2,1,0,2,2
1361,40,Female,Asia,High,Master,Full-time Employee,11.27,184,153,40,63,5.0,6.573848608319165,1.1300939953971605,11.526700317883384,9.0,4.695212439000975,6.8,75.0,0,Tablet,65.0,45.6,0,1,0,2,1,2
1362,33,Female,Africa,High,Master,Unemployed_Looking,3.7,100,205,10,187,6.0,7.997274528351287,4.265178889618389,4.73088453218773,6.0,2.723299175255808,7.3,57.0,0,Android,71.0,21.0,0,0,0,2,4,0
1363,14,Female,North America,Low,High School,Student,5.85,124,105,71,216,3.0,7.997939739968193,2.918182033433208,5.779044870798522,4.0,2.9917830438173896,4.7,58.0,0,Laptop,66.0,24.0,0,4,1,1,3,1
1364,37,Male,Europe,Low,Master,Unemployed_Looking,6.34,52,506,26,23,4.0,7.308367256797837,3.085094170780262,6.0,6.0,5.008068941354916,4.6,37.0,0,Tablet,55.0,31.7,1,2,1,2,4,2
1365,27,Male,North America,Lower-Mid,PhD,Full-time Employee,6.43,99,211,100,293,4.0,6.799720025749993,3.0528639045072903,6.0,7.0,9.814974954851428,0.4,56.0,0,Android,77.0,26.9,1,4,2,3,1,0
1366,39,Male,Middle East,High,High School,Part-time/Shift,5.71,108,512,401,172,3.0,9.631388231999289,3.9856800440554334,1.0,6.0,1.0,9.7,0.0,0,iPhone,63.0,35.0,1,3,0,1,2,3
1367,26,Female,Europe,Low,PhD,Part-time/Shift,6.54,162,215,130,104,2.0,7.22463087684358,1.9400723668786333,7.916748716222533,9.0,3.288824936126865,10.0,59.0,0,Android,65.0,32.8,0,2,1,3,2,0
1368,15,Male,South America,Low,High School,Student,11.85,141,391,200,186,4.0,3.8742382921262744,1.0,11.0,12.0,2.855597880848315,6.3,33.0,0,Android,56.0,47.4,1,5,1,1,3,0
1369,23,Male,South America,High,Master,Full-time Employee,6.39,129,342,195,333,7.0,6.612657114390818,4.332108697785597,5.0,0.0,2.5923054076614203,8.4,55.0,0,iPhone,61.0,32.7,1,5,0,2,1,3
1370,46,Female,Europe,Low,Bachelor,Caregiver/Home,14.91,206,629,401,27,4.0,7.072304546083805,1.0234797756834215,16.070219277189665,16.0,4.833499123590114,8.1,0.0,0,Tablet,56.0,69.0,0,2,1,0,0,2
1371,27,Male,Asia,Upper-Mid,High School,Student,11.47,221,734,243,206,3.0,6.39919803697745,2.026834047489976,11.0,11.0,4.929405299322675,6.2,2.0,0,Laptop,63.0,62.8,1,1,3,1,3,1
1372,32,Female,Africa,High,High School,Full-time Employee,3.11,73,284,146,189,6.0,9.35853898677906,5.0,8.75750650929172,9.0,5.841525804605135,7.1,41.59859976662777,0,Android,82.0,18.9,0,0,0,1,1,0
1373,13,Male,South America,Low,High School,Student,5.46,67,264,141,187,3.0,8.216017078792673,1.961563955665282,2.0,6.0,3.050962659756125,7.9,67.0,0,Laptop,51.0,22.6,1,5,1,1,3,1
1374,21,Female,North America,Upper-Mid,Bachelor,Full-time Employee,3.31,88,191,82,66,4.0,7.556818646190725,3.022423719883352,7.923389872017624,1.0,1.941460949275153,8.0,79.0,1,Laptop,65.29930112427833,18.3,0,4,3,0,1,1
1375,23,Male,Middle East,Low,Bachelor,Unemployed_Looking,7.65,130,101,123,146,3.0,5.999924103934402,2.013205124458901,3.0,8.0,5.901574201535856,9.5,56.0,0,Laptop,80.0,29.2,1,3,1,0,4,1
1376,29,Female,North America,Low,Bachelor,Full-time Employee,1.52,48,386,9,30,2.0,10.37422849159773,2.955203315418423,8.093518204172252,0.0,7.172491669522829,3.1,42.0,0,Android,63.0,15.9,0,4,1,0,1,0
1377,37,Male,Africa,Upper-Mid,Master,Full-time Employee,9.24,216,203,134,100,1.0,8.848424449491377,2.785628510504609,4.0,8.0,3.342898972282682,7.5,79.0,0,Tablet,65.29930112427833,44.7,1,0,3,2,1,2
1378,25,Male,Middle East,Upper-Mid,Bachelor,Part-time/Shift,8.22,185,664,131,102,4.0,8.107187605377863,2.9952746900488227,6.0,12.0,10.0,6.418568102444702,19.0,0,iPhone,75.0,49.8,1,3,3,0,2,3
1379,33,Female,Europe,Upper-Mid,Bachelor,Full-time Employee,3.84,77,735,62,71,3.0,7.585586557599381,5.0,6.37399970761112,0.0,7.090746158713647,9.3,3.0,0,Tablet,59.0,33.2,0,2,3,0,1,2
1380,26,Male,Asia,High,PhD,Full-time Employee,3.44,102,820,93,174,2.0,6.48221066977319,3.819729184042692,8.0,0.0,5.053433512266532,8.3,0.0,0,iPhone,83.0,45.0,1,1,0,3,1,3
1381,44,Male,North America,High,High School,Full-time Employee,6.58,159,150,203,67,1.0,7.906861393141355,2.7469954656684696,1.0,10.0,1.275355089978615,8.8,43.0,0,Laptop,72.0,32.5,1,4,0,1,1,1
1382,34,Female,South America,Lower-Mid,Bachelor,Full-time Employee,14.8,261,820,98,91,3.0,5.510307985333412,1.0,16.070219277189665,21.0,4.090686297183282,3.0,0.0,0,Tablet,65.29930112427833,72.54999999999998,0,5,2,0,1,2
1383,22,Male,South America,Upper-Mid,Bachelor,Unemployed_Looking,3.87,103,494,167,98,3.0,7.761928329711359,1.9512678505891967,4.0,6.0,9.893724013538042,0.6,4.0,1,Tablet,87.0,27.6,1,5,3,0,4,2
1384,26,Male,Middle East,Upper-Mid,PhD,Full-time Employee,2.45,39,493,58,167,0.0,9.37766397994268,2.665569849490088,8.0,6.0,5.267115707413644,7.0,42.0,0,iPhone,59.0,19.9,1,3,3,3,1,3
1385,27,Male,Asia,Lower-Mid,Master,Full-time Employee,8.11,157,91,242,28,3.0,7.326912001272388,1.875100379272056,4.0,10.0,1.108332086084629,9.2,48.0,0,iPhone,72.0,32.8,1,1,2,2,1,3
1386,30,Male,Africa,Low,Master,Full-time Employee,4.13,100,288,239,129,1.0,7.941321284479257,3.755498877830762,3.0,9.0,6.32038887873693,7.8,51.0,0,Laptop,68.0,24.0,1,0,1,2,1,1
1387,15,Male,South America,Low,High School,Student,8.79,251,154,72,116,3.0,7.562758184829932,2.0041640970697654,4.0,12.0,1.0,7.2,62.0,0,Tablet,78.0,42.8,1,5,1,1,3,2
1388,18,Male,Asia,Low,High School,Part-time/Shift,2.69,50,287,401,104,2.0,8.548056242682218,4.828578527538038,7.0,0.0,8.2073940752157,4.0,25.0,0,Tablet,81.0,14.8,1,1,1,1,2,2
1389,37,Male,Africa,Low,Bachelor,Part-time/Shift,4.99,94,115,113,57,3.0,9.288577308012684,2.9550268908434263,3.0,2.0,4.044903772277444,8.6,57.0,1,Laptop,65.0,21.8,1,0,1,0,2,1
1390,25,Male,North America,Upper-Mid,Master,Full-time Employee,8.95,206,70,401,167,5.0,7.063224408972814,3.229144585052929,7.0,9.0,3.886734500455704,8.9,43.0,1,Laptop,57.0,38.7,1,4,3,2,1,1
1391,30,Female,Asia,Upper-Mid,PhD,Full-time Employee,4.94,81,116,43,126,5.0,7.844126235116392,5.0,5.550111133041661,0.0,1.0,8.3,86.0,0,iPhone,70.0,19.9,0,1,3,3,1,3
1392,33,Female,Africa,Low,Bachelor,Full-time Employee,6.46,125,123,103,73,5.0,6.535964538805477,2.148936211421131,10.538948391341538,10.0,1.0,9.0,93.0,0,Android,58.0,28.0,0,0,1,0,1,0
1393,34,Male,North America,High,High School,Part-time/Shift,8.3,144,143,13,56,1.0,6.529493326538906,1.7649690866350407,2.0,9.0,1.3178115185620256,8.4,77.0,0,Tablet,85.0,33.8,1,4,0,1,2,2
1394,29,Male,North America,High,High School,Part-time/Shift,14.23,299,95,61,269,7.0,6.659814902388585,2.399752691813174,16.070219277189665,18.0,5.583121272992654,2.6,89.0,1,Tablet,66.0,59.9,1,4,0,1,2,2
1395,29,Male,North America,High,Bachelor,Part-time/Shift,7.7,132,361,202,50,2.0,5.889848799079092,1.865091006687455,4.0,8.0,1.1452125621680276,7.7,16.0,0,Android,61.0,37.1,1,4,0,0,2,0
1396,37,Male,Asia,High,Bachelor,Full-time Employee,8.89,209,281,41,157,5.0,7.731709980534561,1.120404427712075,8.0,9.0,9.77237205372676,0.4,43.0,0,iPhone,67.0,45.0,1,1,0,0,1,3
1397,27,Female,Asia,Low,Bachelor,Full-time Employee,5.85,110,429,59,104,3.0,6.849426697902816,2.037893308639503,4.585950863902006,14.0,1.1694106162400242,8.4,40.0,0,Tablet,52.0,32.7,0,1,1,0,1,2
1398,25,Female,Asia,Upper-Mid,Master,Full-time Employee,4.01,110,149,153,53,7.0,8.294756608448848,3.2824922368854863,5.349050126526249,4.0,1.0,9.5,69.0,1,iPhone,55.0,20.9,0,1,3,2,1,3
1399,17,Female,Asia,Low,High School,Student,11.03,215,62,291,90,5.0,5.518746161283007,2.134204101068412,9.862281123260257,11.0,1.7504918380729575,8.2,29.0,0,Android,77.0,42.9,0,1,1,1,3,0
1400,49,Female,North America,Upper-Mid,PhD,Unemployed_Looking,8.51,149,698,73,124,4.0,7.567828895950591,3.037840602298436,13.296464340665006,7.0,7.873500569106163,6.6,5.0,0,Laptop,58.0,51.0,0,4,3,3,4,1
1401,16,Female,North America,Low,High School,Student,4.4,96,820,59,53,6.0,8.11638093489405,4.197952686628548,7.790728499552746,5.0,2.7278825740494903,5.7,0.0,0,iPhone,55.0,46.6,0,4,1,1,3,3
1402,31,Male,Asia,Low,Master,Full-time Employee,6.76,174,112,95,7,2.0,7.871641944260984,2.910680831685781,2.0,10.0,1.2040588522164215,9.0,61.0,0,iPhone,70.0,36.68415185296776,1,1,1,2,1,3
1403,26,Female,North America,Lower-Mid,Bachelor,Part-time/Shift,9.59,166,342,54,5,1.0,7.284662840139485,1.0,5.163653408809498,17.0,1.0,9.8,44.0,0,Android,77.0,43.3,0,4,2,0,2,0
1404,22,Male,Africa,Low,Bachelor,Full-time Employee,12.98,271,211,122,23,3.0,5.599263895459605,1.0,10.0,19.0,10.0,0.5,54.0,0,Laptop,72.0,56.7,1,0,1,0,1,1
1405,27,Male,Middle East,Upper-Mid,High School,Student,10.96,171,404,159,23,7.0,5.891718662105697,3.2532749263208207,8.0,12.0,9.63592209135356,2.9,28.0,0,Tablet,75.0,48.6,1,3,3,1,3,2
1406,16,Female,Africa,Lower-Mid,High School,Part-time/Shift,4.74,102,264,111,0,1.0,8.532217902846247,3.78181428310474,10.225364873363468,3.0,4.287621694440729,8.1,30.0,0,iPhone,57.0,24.0,0,0,2,1,2,3
1407,17,Male,South America,Low,High School,Student,6.98,157,290,63,186,3.0,6.817126500743434,3.901977674031146,3.0,10.0,5.029504336839279,9.9,54.0,0,Tablet,51.0,34.9,1,5,1,1,3,2
1408,35,Male,Asia,High,High School,Part-time/Shift,6.76,246,115,104,142,1.0,5.221638370036034,1.0,9.0,11.0,3.251845933991265,4.1,58.0,0,Android,80.0,36.68415185296776,1,1,0,1,2,0
1409,18,Female,Asia,Low,Bachelor,Student,5.13,116,632,106,72,4.0,8.636270498741116,4.0667833756991385,4.1379306188738205,7.0,4.918903991181951,5.1,21.0,0,Android,62.0,35.5,0,1,1,0,3,0
1410,24,Female,Europe,High,Bachelor,Full-time Employee,3.94,75,142,63,91,5.0,9.001649792091598,4.178739452093407,5.933484454658771,3.0,4.905677461610009,9.3,63.0,0,Laptop,62.0,17.3,0,2,0,0,1,1
1411,20,Female,Europe,Low,Bachelor,Unemployed_Looking,12.37,209,452,183,51,3.0,5.891739402130411,1.0155926393983956,16.070219277189665,22.0,7.036645213348884,5.1,29.0,0,Laptop,78.0,55.7,0,2,1,0,4,1
1412,21,Female,Asia,Low,High School,Part-time/Shift,4.55,136,329,67,207,5.0,8.607686771883433,4.012710098277818,6.356563924611971,11.0,1.0,9.7,52.0,0,Tablet,71.0,28.2,0,1,1,1,2,2
1413,15,Female,Asia,Low,High School,Student,3.17,99,478,89,156,5.0,8.176120595044974,4.119556407582488,5.831262215028673,0.0,2.789545982218926,7.3,31.0,0,Laptop,70.0,25.0,0,1,1,1,3,1
1414,23,Male,Africa,Upper-Mid,Bachelor,Full-time Employee,4.18,89,234,69,31,4.0,8.244831745058331,4.996820420558265,4.0,0.0,6.946417884481129,8.2,47.0,1,Android,87.0,20.6,1,0,3,0,1,0
1415,14,Female,Middle East,Low,High School,Student,1.78,61,820,47,0,1.0,8.219746638675083,3.819457959438661,9.620301796747103,2.0,5.185991589064022,6.7,0.0,0,Laptop,59.0,34.7,0,3,1,1,3,1
1416,28,Male,Africa,High,High School,Full-time Employee,2.86,51,454,89,103,5.0,8.814729805306378,4.110918485994182,8.0,0.0,9.921576042691097,7.1,15.0,0,Laptop,74.0,20.7,1,0,0,1,1,1
1417,34,Male,South America,Upper-Mid,Bachelor,Full-time Employee,6.94,174,219,401,165,6.0,7.883760682722934,1.2412899008436384,3.0,11.0,5.651041146700592,3.7,36.0,0,Laptop,66.0,35.6,1,5,3,0,1,1
1418,20,Male,Asia,Lower-Mid,Bachelor,Full-time Employee,7.19,124,480,57,161,5.0,7.032104501752582,4.130852007414584,1.0,3.0,7.798255428546226,6.2,41.59859976662777,0,Tablet,68.0,37.2,1,1,2,0,1,2
1419,31,Male,South America,Upper-Mid,High School,Full-time Employee,7.69,131,268,87,75,4.0,7.157314656617306,2.9571249235919983,4.0,8.0,1.0,8.7,72.0,0,iPhone,80.0,36.68415185296776,1,5,3,1,1,3
1420,18,Male,North America,Lower-Mid,Bachelor,Part-time/Shift,6.0,118,692,247,115,6.0,6.5228520921756985,2.163340011891432,1.0,6.0,6.68942481494422,7.1,0.0,0,Android,70.0,39.0,1,4,2,0,2,0
1421,34,Male,Europe,Upper-Mid,Bachelor,Part-time/Shift,6.37,162,257,114,116,3.0,7.616426369818259,3.9723296304824673,6.0,0.0,4.095079161900589,8.6,49.0,0,Laptop,70.0,34.1,1,2,3,0,2,1
1422,20,Male,Africa,Low,Bachelor,Part-time/Shift,15.321028152585416,312,172,219,99,4.0,5.7212805900821415,1.0564305397994471,16.070219277189665,22.0,9.90543402103721,4.5,57.0,1,Tablet,76.0,66.7,1,0,1,0,2,2
1423,21,Male,Middle East,Lower-Mid,Bachelor,Full-time Employee,9.31,180,388,282,102,0.0,5.35659262442564,2.66210260356566,8.0,12.0,3.468332037175472,8.4,23.0,0,Android,61.0,45.0,1,3,2,0,1,0
1424,19,Female,North America,Low,Bachelor,Full-time Employee,5.08,121,276,234,104,5.0,6.789815126508935,4.054986676757345,4.235383597872752,4.0,2.7587757771967185,9.7,55.0,0,Android,57.0,27.0,0,4,1,0,1,0
1425,17,Male,Europe,Low,High School,Student,4.21,72,462,192,41,4.0,8.45727129638947,4.054737285216552,2.0,1.0,1.0,8.4,37.0,0,Tablet,55.0,25.4,1,2,1,1,3,2
1426,37,Female,Asia,Low,High School,Unemployed_Looking,9.75,216,555,134,147,5.0,6.201807188979134,3.0616262966321246,5.092358670155693,11.0,6.762190904942124,7.3,0.0,0,Tablet,45.0,55.2,0,1,1,1,4,2
1427,27,Male,North America,Upper-Mid,Master,Full-time Employee,4.09,51,183,206,46,2.0,8.95215940180709,4.808724259819337,3.0,0.0,10.0,2.9,59.0,0,Tablet,86.0,16.3,1,4,3,2,1,2
1428,41,Male,Asia,High,Bachelor,Full-time Employee,6.25,117,165,401,131,4.0,7.842532758853746,3.029667992706326,3.0,8.0,1.0,9.2,32.0,0,Tablet,54.0,36.68415185296776,1,1,0,0,1,2
1429,28,Female,South America,Upper-Mid,Bachelor,Part-time/Shift,3.75,75,320,30,169,4.0,9.61884938240888,3.0275027137709603,3.2360143721871424,4.0,1.0,9.5,65.0,0,Laptop,63.0,21.8,0,5,3,0,2,1
1430,39,Female,Asia,High,Bachelor,Full-time Employee,5.12,105,252,190,210,2.0,6.760848671940452,2.848235707277412,3.959513193788197,8.0,7.238870355794447,8.8,56.0,0,Android,62.0,26.8,0,1,0,0,1,0
1431,14,Female,Asia,Lower-Mid,High School,Student,9.37,197,244,107,91,0.0,7.707218635413134,1.697199596114612,8.385291734179747,18.0,1.3044707250477785,8.0,76.0,0,Laptop,68.0,42.1,0,1,2,1,3,1
1432,46,Female,North America,Lower-Mid,High School,Full-time Employee,2.87,58,820,234,74,3.0,8.00299596123651,2.9727321609022543,13.721616809436332,3.0,10.0,3.4,0.0,0,Tablet,73.0,33.8,0,4,2,1,1,2
1433,19,Female,Middle East,Lower-Mid,Bachelor,Student,12.75,223,256,401,228,3.0,5.911258318584332,1.0,15.500929192567549,11.0,9.975762707331173,3.0,17.0,1,Tablet,74.0,52.8,0,3,2,0,3,2
1434,25,Female,Europe,High,Bachelor,Part-time/Shift,5.1,124,483,401,0,6.0,8.19749187381119,3.215229156614651,4.133588168262856,12.0,2.726755741970951,8.4,0.0,0,Tablet,59.0,33.1,0,2,0,0,2,2
1435,43,Male,Africa,Lower-Mid,Master,Full-time Employee,10.12,136,245,212,123,4.0,4.818202432102767,4.032901591532026,9.0,9.0,4.835120615958267,8.4,38.0,0,Laptop,63.0,41.5,1,0,2,2,1,1
1436,15,Male,Africa,Low,High School,Student,3.8,95,233,144,334,2.0,7.659656292778354,3.900538238913709,3.0,3.0,10.0,1.2,46.0,0,iPhone,68.0,20.0,1,0,1,1,3,3
1437,28,Female,Africa,High,High School,Full-time Employee,12.68,224,425,60,18,2.0,6.237268104543603,1.0,16.070219277189665,17.0,7.137220914828336,6.418568102444702,36.0,1,Android,63.0,58.3,0,0,0,1,1,0
1438,28,Female,Europe,High,Bachelor,Part-time/Shift,3.2,88,341,143,43,5.0,6.65882073015583,4.17377205420418,11.285121437737594,0.0,6.969425717472978,9.2,31.0,0,iPhone,81.0,21.6,0,2,0,0,2,3
1439,23,Female,Africa,Upper-Mid,Bachelor,Student,10.97,232,120,79,172,4.0,5.698008339335989,2.116335541891197,8.198610432309039,13.0,5.938830951852925,7.7,68.0,1,Tablet,70.0,46.4,0,0,3,0,3,2
1440,22,Female,Asia,High,High School,Full-time Employee,2.15,139,511,34,95,2.0,9.414969554954936,2.9340630759892345,12.073587118069163,4.0,2.276165823743501,8.9,34.0,0,Android,72.0,27.4,0,1,0,1,1,0
1441,26,Male,Europe,Lower-Mid,Bachelor,Part-time/Shift,3.89,63,220,125,0,3.0,8.126559758864776,2.983968251318225,5.0,7.0,10.0,0.0,41.59859976662777,0,Tablet,72.0,18.1,1,2,2,0,2,2
1442,30,Male,Asia,High,High School,Unemployed_Looking,15.11,239,700,84,4,0.0,4.681989156924083,1.0,16.070219277189665,17.0,8.32585133517419,3.3,0.0,1,iPhone,65.29930112427833,72.0,1,1,0,1,4,3
1443,34,Female,Asia,Low,Master,Full-time Employee,5.6,97,120,401,128,1.0,8.989909242015473,2.792883041406807,8.984095366403643,8.0,1.0,9.9,33.0,0,Android,67.0,23.3,0,1,1,2,1,0
1444,19,Male,North America,Low,High School,Part-time/Shift,9.23,207,580,49,41,2.0,6.590805575816986,1.0,2.0,13.0,4.178753768240038,5.7,21.0,0,Tablet,52.0,52.1,1,4,1,1,2,2
1445,16,Female,Middle East,Lower-Mid,High School,Student,7.9,139,245,195,2,1.0,7.878361145995072,1.8124975521001965,10.522219766468831,13.0,8.19888748909256,8.3,41.0,0,Android,69.0,33.8,0,3,2,1,3,0
1446,27,Female,South America,Upper-Mid,High School,Part-time/Shift,6.09,54,390,230,226,4.0,7.056727463228603,1.0867943922734895,5.054885377346446,12.0,4.968412358968167,5.8,49.0,0,Laptop,58.0,27.3,0,5,3,1,2,1
1447,31,Female,Asia,Lower-Mid,Master,Unemployed_Looking,11.69,295,139,50,0,2.0,7.444229787236133,1.0,16.070219277189665,13.0,9.120384778481556,4.5,51.0,1,iPhone,60.0,55.0,0,1,2,2,4,3
1448,25,Male,Asia,High,Master,Part-time/Shift,2.39,79,175,32,83,4.0,7.665062738557852,4.050064125404704,7.0,6.0,1.0,8.5,51.0,0,Android,71.0,14.7,1,1,0,2,2,0
1449,40,Male,North America,High,Bachelor,Full-time Employee,3.73,72,234,119,101,0.0,7.427343830815629,2.698518332514772,6.0,7.0,3.431695927473436,5.7,40.0,0,iPhone,77.0,19.9,1,4,0,0,1,3
1450,19,Female,Middle East,Low,High School,Student,5.44,89,65,98,83,3.0,6.408196059547139,3.9825080912505153,1.4989762502061994,9.0,3.124874224796508,9.6,76.0,0,Laptop,65.0,19.5,0,3,1,1,3,1
1451,16,Male,Asia,Low,High School,Student,6.23,147,268,145,0,0.0,7.424831262443431,2.7049172747533627,3.0,12.0,1.0,6.3,39.0,0,iPhone,68.0,36.68415185296776,1,1,1,1,3,3
1452,23,Female,Europe,Low,Master,Student,6.16,229,820,38,198,1.0,6.669953021686308,3.775295558982916,1.8093248099740624,0.0,8.284076711978797,6.418568102444702,0.0,0,Laptop,82.0,62.0,0,2,1,2,3,1
1453,20,Male,South America,Upper-Mid,Bachelor,Full-time Employee,8.19,180,549,196,129,6.0,6.3608185113785805,3.177695970784808,2.0,14.0,7.697843052031518,0.2,41.59859976662777,0,iPhone,67.0,46.1,1,5,3,0,1,3
1454,20,Female,North America,Lower-Mid,Bachelor,Full-time Employee,7.94,181,113,300,258,4.0,6.443768992203068,2.077091457030172,4.257866746674221,9.0,9.99756579640643,5.2,56.0,0,Laptop,89.0,33.9,0,4,2,0,1,1
1455,22,Male,Africa,Lower-Mid,Bachelor,Part-time/Shift,9.65,138,297,229,183,3.0,6.708050081825087,1.9672029044746169,0.0,8.0,5.105265129570666,10.0,58.0,0,Laptop,71.0,39.7,1,0,2,0,2,1
1456,32,Female,Asia,Low,PhD,Part-time/Shift,4.19,81,222,80,99,2.0,8.55088467044534,3.870734644644375,6.386313812835168,6.0,8.274854853125078,9.3,69.0,0,Android,47.0,21.6,0,1,1,3,2,0
1457,27,Female,Asia,Upper-Mid,Bachelor,Full-time Employee,15.321028152585416,316,217,217,143,0.0,5.897330950643664,1.0,16.070219277189665,19.0,7.353247864886871,5.0,52.0,0,Android,73.0,68.0,0,1,3,0,1,0
1458,27,Female,Europe,Low,Master,Full-time Employee,10.23,231,141,32,118,7.0,5.519035285260725,2.2708531382547847,9.495784924026822,13.0,3.5979817500237026,7.1,87.0,0,Android,69.0,45.6,0,2,1,2,1,0
1459,23,Female,North America,Lower-Mid,Bachelor,Full-time Employee,10.83,159,348,209,227,2.0,4.731797194916123,1.9484816258286617,8.958573095838792,13.0,9.086548804893482,6.9,46.0,1,Android,78.0,45.5,0,4,2,0,1,0
1460,24,Female,Asia,High,Bachelor,Full-time Employee,2.75,54,566,74,0,2.0,8.364503975001554,2.8434624234597137,9.332454649664784,0.0,10.0,3.1,20.0,0,Tablet,72.0,23.2,0,1,0,0,1,2
1461,25,Female,South America,Upper-Mid,Bachelor,Student,8.86,238,219,135,126,4.0,4.816965850095018,2.0425764426970288,11.022290318162195,13.0,2.806905708757676,7.1,35.0,0,Laptop,64.0,44.8,0,5,3,0,3,1
1462,21,Female,Europe,Lower-Mid,Bachelor,Unemployed_Looking,6.12,161,175,96,56,4.0,6.80460508051984,2.981686757254543,7.046958573384066,9.0,1.992853632045148,8.5,74.0,0,Tablet,53.0,30.6,0,2,2,0,4,2
1463,22,Male,Africa,Upper-Mid,Bachelor,Student,8.93,131,417,110,5,0.0,6.567572908397211,3.7150427243563553,4.0,4.0,10.0,0.2,39.0,0,Tablet,63.0,40.7,1,0,3,0,3,2
1464,31,Male,Africa,Upper-Mid,Bachelor,Full-time Employee,6.28,167,250,74,44,2.0,9.081511071854136,2.808173956259045,2.0,8.0,2.1905979746708346,9.1,52.0,0,Android,56.0,34.2,1,0,3,0,1,0
1465,42,Female,Africa,High,High School,Caregiver/Home,4.59,73,262,160,293,5.0,7.321515796907222,4.169125488062607,5.968628375068095,6.0,9.83531180300728,8.5,49.0,0,iPhone,59.0,23.5,0,0,0,1,0,3
1466,38,Female,Africa,Low,Bachelor,Part-time/Shift,9.88,175,203,85,0,0.0,7.334770167446535,1.0,10.058076591442736,11.0,6.479456334534674,5.8,60.0,0,iPhone,65.29930112427833,42.5,0,0,1,0,2,3
1467,17,Male,Africa,Lower-Mid,High School,Student,5.93,92,284,171,82,3.0,7.933340909716055,5.0,5.0,0.0,3.107038977579303,9.3,44.0,0,Tablet,82.0,25.8,1,0,2,1,3,2
1468,34,Female,Europe,Lower-Mid,Master,Full-time Employee,9.35,203,372,83,75,5.0,9.729337495511595,3.133253285943374,9.930115829405056,8.0,5.775687608777076,0.6,62.0,0,Tablet,69.0,47.6,0,2,2,2,1,2
1469,21,Female,Europe,Low,Bachelor,Student,4.21,142,345,43,250,4.0,7.894118216131749,2.0079314981023884,5.481318959922293,11.0,1.0,8.3,42.0,0,Laptop,53.0,28.8,0,2,1,0,3,1
1470,15,Male,Middle East,Low,High School,Student,4.42,113,274,81,9,3.0,5.884510303607305,2.932023343139337,4.0,10.0,6.966905595271983,8.4,57.0,0,Android,69.0,24.0,1,3,1,1,3,0
1471,27,Female,Europe,Lower-Mid,Bachelor,Full-time Employee,9.53,171,296,320,0,5.0,5.564326682410427,2.208318264695677,7.328302484839613,12.0,7.868356450709179,8.3,34.0,1,Android,77.0,42.5,0,2,2,0,1,0
1472,15,Male,Europe,Lower-Mid,High School,Student,1.74,55,413,168,203,1.0,7.57939398163271,4.884054942737608,7.0,6.0,1.0,8.3,39.0,0,Laptop,59.0,16.6,1,2,2,1,3,1
1473,15,Male,Middle East,Low,High School,Student,3.75,163,434,277,66,1.0,6.284078017303109,3.8183988453951567,7.0,3.0,10.0,2.0,37.0,0,Tablet,64.0,30.9,1,3,1,1,3,2
1474,22,Male,Europe,High,Bachelor,Student,4.92,91,477,81,111,2.0,6.430925991257093,3.86637402944036,6.0,0.0,8.249630223141809,6.4,41.0,0,Android,65.0,29.2,1,2,0,0,3,0
1475,19,Male,Africa,Low,High School,Unemployed_Looking,9.25,153,68,98,28,5.0,5.422471417717369,2.2002408330695764,10.0,11.0,7.753932482571096,4.9,73.0,1,Tablet,57.0,34.3,1,0,1,1,4,2
1476,47,Male,Asia,Low,Bachelor,Unemployed_Looking,4.45,90,766,79,224,3.0,7.364423123232298,3.937315216671894,4.0,1.0,1.0,1.8,12.0,0,Tablet,71.0,37.5,1,1,1,0,4,2
1477,21,Female,Africa,Upper-Mid,Bachelor,Full-time Employee,7.82,207,318,173,195,0.0,6.900023170069052,1.0,11.25435250431536,14.0,3.3581477532411794,7.5,14.0,0,Android,64.0,41.9,0,0,3,0,1,0
1478,33,Male,Middle East,Lower-Mid,Bachelor,Full-time Employee,10.47,150,820,158,75,2.0,6.023103511536768,1.9597535964143,9.0,13.0,10.0,6.0,0.0,1,Android,69.0,66.7,1,3,2,0,1,0
1479,32,Male,Africa,Upper-Mid,High School,Part-time/Shift,5.97,112,162,118,0,2.0,7.276636533770447,2.850338806161145,4.0,5.0,10.0,7.5,71.0,0,Laptop,56.0,26.7,1,0,3,1,2,1
1480,48,Female,Middle East,Lower-Mid,PhD,Full-time Employee,4.88,57,99,210,0,5.0,9.32267939745168,3.1732708412165067,9.796213846327037,8.0,3.6894143926576457,7.7,55.0,0,Laptop,61.0,19.2,0,3,2,3,1,1
1481,14,Male,Africa,Lower-Mid,High School,Part-time/Shift,6.76,188,268,144,103,2.0,4.942414421693747,2.91818377093657,11.0,4.0,8.11833790107203,8.2,63.0,1,Tablet,72.0,36.68415185296776,1,0,2,1,2,2
1482,15,Female,Africa,Lower-Mid,High School,Student,5.52,182,182,315,100,3.0,7.7678958918494,2.9700645476295566,7.644362119575972,8.0,10.0,0.1,36.0,0,Tablet,61.0,30.3,0,0,2,1,3,2
1483,33,Male,Europe,Lower-Mid,Bachelor,Full-time Employee,7.35,86,268,152,0,0.0,6.31683967839143,2.682714763994204,2.0,8.0,4.244764486341262,8.6,40.0,0,iPhone,82.0,36.68415185296776,1,2,2,0,1,3
1484,41,Male,Middle East,Lower-Mid,Master,Full-time Employee,3.87,104,614,104,141,0.0,6.545685502913709,3.696164455945696,5.0,0.0,10.0,0.0,21.0,0,Tablet,61.0,33.2,1,3,2,2,1,2
1485,21,Female,Asia,Low,Bachelor,Student,2.98,92,820,74,20,4.0,8.579367341482218,4.066397571980426,9.803396440789356,3.0,9.964988157764193,0.8,0.0,0,Android,67.0,34.1,0,1,1,0,3,0
1486,40,Male,Europe,Lower-Mid,Bachelor,Caregiver/Home,6.48,77,258,90,21,2.0,7.919178560952844,1.8209888914003072,5.0,15.0,9.121498046247,4.7,40.0,0,Android,74.0,27.6,1,2,2,0,0,0
1487,43,Female,Africa,High,Master,Part-time/Shift,6.16,148,405,58,67,6.0,7.37169894298738,1.2182314984823217,7.096704662855121,9.0,1.0,9.7,47.0,1,Android,51.0,37.5,0,0,0,2,2,0
1488,37,Female,Middle East,High,High School,Part-time/Shift,7.22,121,387,72,194,5.0,7.269196778415368,1.158862211137734,6.111579280948719,14.0,10.0,1.3,44.0,0,iPhone,47.0,36.9,0,3,0,1,2,3
1489,45,Female,Africa,High,High School,Part-time/Shift,1.38,22,481,230,65,3.0,9.475224205100533,5.0,7.18256816992849,0.0,10.0,0.2,20.0,0,iPhone,50.0,17.6,0,0,0,1,2,3
1490,34,Male,Europe,Low,Bachelor,Part-time/Shift,6.57,112,247,401,126,2.0,7.905561358093672,4.822237877421365,4.0,3.0,10.0,1.0,25.0,0,Laptop,78.0,29.8,1,2,1,0,2,1
1491,23,Female,Asia,High,Bachelor,Student,14.29,283,471,166,150,2.0,5.839488487211434,1.0,16.070219277189665,20.0,10.0,1.8,0.0,1,Android,65.29930112427833,67.8,0,1,0,0,3,0
1492,26,Male,Asia,Lower-Mid,Bachelor,Full-time Employee,8.43,152,365,53,218,4.0,7.941755044348965,3.1366931930468898,3.0,7.0,5.951623135173845,8.8,58.0,0,Tablet,89.0,39.5,1,1,2,0,1,2
1493,24,Male,South America,Upper-Mid,Bachelor,Student,9.68,237,90,90,273,2.0,5.908538776458994,1.9126633095300565,7.0,15.0,4.130655255750845,9.2,60.0,0,Tablet,59.0,43.5,1,5,3,0,3,2
1494,24,Male,Asia,Upper-Mid,Bachelor,Student,3.83,79,118,183,49,5.0,7.216987402076525,4.079907232863418,4.0,3.0,2.6731719110698995,1.5,54.0,0,Tablet,65.29930112427833,16.6,1,1,3,0,3,2
1495,34,Male,Asia,Upper-Mid,Bachelor,Part-time/Shift,15.321028152585416,299,364,66,116,6.0,4.746915601742408,1.195288841113397,16.070219277189665,18.0,8.632120490756968,6.3,39.0,1,Laptop,80.0,69.5,1,1,3,0,2,1
1496,34,Male,Africa,High,High School,Full-time Employee,8.92,200,50,283,172,3.0,7.256913531596076,2.969660512485209,5.0,12.0,2.1008735817590694,10.0,36.0,0,Tablet,85.0,37.7,1,0,0,1,1,2
1497,19,Male,South America,Lower-Mid,High School,Student,6.79,211,210,130,198,4.0,6.330829331554333,4.0654481937744205,0.0,1.0,1.0862880542161784,8.6,64.0,0,Laptop,86.0,36.2,1,5,2,1,3,1
1498,39,Female,Middle East,High,Bachelor,Part-time/Shift,8.41,116,268,15,16,4.0,8.647545359012142,3.053024095970073,9.047517568170388,6.0,9.960139874619587,6.5,42.0,0,Android,77.0,36.68415185296776,0,3,0,0,2,0
1499,31,Male,Europe,High,Bachelor,Full-time Employee,5.92,154,138,208,0,3.0,7.217388412407125,2.9860986318858656,4.0,6.0,2.125526162608624,9.5,55.0,0,iPhone,75.0,28.9,1,2,0,0,1,3
1500,24,Female,Europe,Upper-Mid,Master,Full-time Employee,3.89,76,460,100,74,1.0,7.348326677559697,4.807733749680662,10.817107721565254,4.0,7.237844791916519,9.5,24.0,0,Laptop,71.0,25.1,0,2,3,2,1,1
1501,20,Male,Asia,Upper-Mid,Bachelor,Unemployed_Looking,6.35,124,154,40,0,3.0,8.599351775602498,2.985295729466747,0.0,10.0,1.0,9.5,69.0,0,Laptop,73.0,26.8,1,1,3,0,4,1
1502,13,Female,South America,Low,High School,Student,12.8,190,184,296,15,2.0,3.8742382921262744,1.0,14.651273819057716,14.0,9.231070680683722,2.9,50.0,0,Tablet,59.0,48.2,0,5,1,1,3,2
1503,24,Male,Europe,Lower-Mid,Bachelor,Student,4.98,146,161,225,18,5.0,8.032458299784874,4.114900326085528,4.0,4.0,3.9572759672214897,8.9,69.0,0,Android,57.0,26.4,1,2,2,0,3,0
1504,47,Female,Europe,Low,Master,Full-time Employee,9.05,150,45,291,120,7.0,7.049933838754173,1.262777690604334,6.947924970773332,13.0,7.71531580330636,6.4,42.0,1,Android,65.0,35.3,0,2,1,2,1,0
1505,35,Female,Asia,Low,Bachelor,Part-time/Shift,5.72,75,495,166,253,4.0,9.4224400658682,4.147787995063096,5.019885822999539,4.0,9.845457596185357,2.4,14.0,0,Tablet,63.0,31.5,0,1,1,0,2,2
1506,24,Male,South America,Lower-Mid,Bachelor,Part-time/Shift,3.18,60,714,39,170,4.0,8.514169924361344,4.125120057646609,6.0,3.0,1.0,6.418568102444702,40.0,0,Laptop,60.0,28.8,1,5,2,0,2,1
1507,44,Female,South America,Upper-Mid,Bachelor,Caregiver/Home,5.1,113,357,54,0,4.0,8.293309223263174,3.079689727838573,4.763049774761866,4.0,2.9529686169742466,9.4,53.0,0,Tablet,72.0,30.3,0,5,3,0,0,2
1508,33,Female,Europe,Low,Bachelor,Full-time Employee,8.88,133,65,365,81,2.0,7.556987843776464,3.9584211810077634,4.955740701193312,10.0,6.123018121393562,9.0,41.59859976662777,0,Tablet,75.0,32.4,0,2,1,0,1,2
1509,25,Female,North America,Upper-Mid,Bachelor,Full-time Employee,11.28,316,463,95,334,5.0,6.412069262341489,1.171732728883545,8.539927147320398,18.0,2.85528238756038,3.5,23.0,0,iPhone,66.0,64.4,0,4,3,0,1,3
1510,15,Female,North America,Lower-Mid,High School,Student,6.7,114,586,302,334,3.0,6.489416816074333,2.9811039327168376,3.4905133191753803,4.0,4.1029256452786695,8.6,8.0,0,Tablet,80.0,37.1,0,4,2,1,3,2
1511,20,Male,Africa,Lower-Mid,Bachelor,Unemployed_Looking,5.66,132,268,123,13,0.0,7.216434265233405,3.657107876899876,3.0,3.0,3.4370428548885976,8.8,35.0,0,Tablet,54.0,36.68415185296776,1,0,2,0,4,2
1512,42,Male,North America,Lower-Mid,PhD,Full-time Employee,12.53,149,320,26,73,3.0,8.410932801674665,1.0,12.0,21.0,3.172149112522876,3.0,48.0,0,Android,63.0,50.1,1,4,2,3,1,0
1513,22,Male,Asia,Low,Bachelor,Unemployed_Looking,9.37,220,295,382,102,3.0,6.87169022742988,1.955288480140217,8.0,11.0,10.0,0.1,1.0,0,iPhone,58.0,46.3,1,1,1,0,4,3
1514,19,Male,Asia,Low,High School,Student,5.55,174,225,168,61,0.0,7.241621900757924,1.6757326852962522,5.0,9.0,3.2476954215450413,9.1,46.0,0,Android,46.0,31.6,1,1,1,1,3,0
1515,16,Male,North America,Lower-Mid,High School,Student,11.09,279,196,189,139,5.0,5.589471849532413,3.05750154820432,8.0,11.0,4.852912551608288,6.5,57.0,0,Android,64.0,52.1,1,4,2,1,3,0
1516,23,Male,South America,Upper-Mid,Bachelor,Full-time Employee,3.45,55,96,142,40,3.0,8.073984200586757,3.996676342069486,9.0,1.0,3.187984382839938,0.2,71.0,0,Laptop,64.0,13.1,1,5,3,0,1,1
1517,21,Male,Europe,Low,Bachelor,Part-time/Shift,3.8,91,748,322,7,6.0,6.905575139718208,5.0,3.0,8.0,6.679582857161797,4.2,0.0,0,Laptop,80.0,32.9,1,2,1,0,2,1
1518,17,Female,Middle East,Lower-Mid,High School,Student,3.96,94,133,68,0,1.0,7.41537481761328,2.7539012385442376,5.090682594096102,0.0,5.3052529747682735,9.7,69.0,0,Android,71.0,17.8,0,3,2,1,3,0
1519,28,Male,Europe,High,Master,Part-time/Shift,6.81,165,189,102,230,0.0,7.559028167549809,1.6950925186290506,0.0,7.0,10.0,2.7,47.0,0,Tablet,65.29930112427833,33.5,1,2,0,2,2,2
1520,34,Female,North America,Lower-Mid,Master,Full-time Employee,6.52,70,820,92,72,4.0,6.3916298718674325,3.109986131995601,6.265907651489731,6.0,4.946082006003712,9.0,0.0,0,Laptop,84.0,41.8,0,4,2,2,1,1
1521,40,Male,South America,High,High School,Full-time Employee,2.83,41,341,72,76,0.0,10.36991185457803,3.688501618275032,9.0,4.0,3.357372052415684,8.5,40.0,0,Laptop,77.0,17.9,1,5,0,1,1,1
1522,19,Female,Europe,Low,Bachelor,Student,8.66,195,164,364,328,1.0,7.411296295319033,2.820811032744309,8.660793519168198,12.0,3.1764308801454644,9.2,40.0,0,Laptop,71.0,38.5,0,2,1,0,3,1
1523,43,Female,Africa,Upper-Mid,Bachelor,Part-time/Shift,11.72,238,297,347,33,2.0,8.089649899358326,1.0,16.070219277189665,17.0,1.9612593926805184,0.7,24.0,0,Tablet,63.0,55.3,0,0,3,0,2,2
1524,29,Female,Middle East,High,Master,Full-time Employee,11.46,153,346,81,318,5.0,7.305881683846657,3.157127835487754,16.070219277189665,18.0,3.73530572755401,5.1,37.0,0,Tablet,55.0,47.6,0,3,0,2,1,2
1525,21,Female,South America,Low,Bachelor,Student,3.79,93,167,154,164,2.0,9.274508669307716,3.849350348511555,6.20768376551162,3.0,1.112568026545229,5.6,65.0,0,Laptop,61.0,18.9,0,5,1,0,3,1
1526,32,Male,Africa,Low,Master,Full-time Employee,8.07,176,469,105,143,5.0,8.884775028536902,3.136313835811656,5.0,13.0,1.0,7.7,23.0,1,Tablet,76.0,44.4,1,0,1,2,1,2
1527,31,Male,Middle East,Upper-Mid,High School,Unemployed_Looking,2.25,32,105,258,111,5.0,9.909038414106638,4.140245790801945,7.0,4.0,3.816003539099022,9.5,33.0,0,Laptop,84.0,8.7,1,3,3,1,4,1
1528,41,Male,Asia,Lower-Mid,High School,Full-time Employee,6.74,161,330,148,143,3.0,9.601341331958771,2.9835494150525954,5.0,5.0,4.995757442831702,6.418568102444702,37.0,0,Tablet,80.0,37.1,1,1,2,1,1,2
1529,29,Male,Europe,Low,Master,Full-time Employee,5.97,184,464,313,0,2.0,8.5441367204525,3.896109424042507,3.0,11.0,8.072513523117891,9.8,3.0,0,Laptop,60.0,40.1,1,2,1,2,1,1
1530,32,Male,Europe,Lower-Mid,PhD,Full-time Employee,8.12,109,660,91,70,0.0,7.616816058608537,2.7496169099805656,0.0,12.0,10.0,0.0,2.0,0,Android,65.29930112427833,44.3,1,2,2,3,1,0
1531,47,Male,South America,Low,PhD,Full-time Employee,13.77,280,815,116,56,1.0,7.053566043381269,1.9218596041501588,16.070219277189665,17.0,6.358973789917624,3.6,0.0,0,Laptop,65.29930112427833,72.54999999999998,1,5,1,3,1,1
1532,32,Male,Middle East,Upper-Mid,High School,Part-time/Shift,7.59,94,67,79,17,6.0,7.157041491577375,3.3397591943699645,5.0,10.0,1.0,7.5,92.0,0,Laptop,47.0,26.8,1,3,3,1,2,1
1533,32,Male,Europe,High,High School,Full-time Employee,4.54,66,156,39,131,6.0,7.4115024202499376,2.179733498492073,4.0,8.0,9.766232901938798,3.2,84.0,0,iPhone,68.0,18.9,1,2,0,1,1,3
1534,32,Female,South America,High,High School,Full-time Employee,13.39,295,820,103,129,7.0,4.833969568757742,1.1756668001105424,16.070219277189665,19.0,8.493179048118474,5.1,0.0,1,iPhone,64.0,72.54999999999998,0,5,0,1,1,3
1535,22,Female,Africa,Upper-Mid,High School,Unemployed_Looking,4.3,77,134,401,87,2.0,8.412952499787808,2.921930496180475,7.631978394763154,3.0,1.0,8.4,41.0,1,Laptop,60.0,18.0,0,0,3,1,4,1
1536,42,Female,South America,Low,Bachelor,Part-time/Shift,1.84,15,66,34,0,4.0,8.426374870570264,5.0,8.108361374649736,0.0,10.0,0.3,73.0,0,iPhone,49.0,7.3,0,5,1,0,2,3
1537,19,Female,Asia,Low,Bachelor,Part-time/Shift,8.87,145,110,401,102,5.0,6.981731573730887,2.18486175489383,10.672568741969558,11.0,4.91400982344035,7.8,17.0,0,Tablet,70.0,33.5,0,1,1,0,2,2
1538,26,Female,South America,Low,Master,Full-time Employee,4.53,122,312,38,69,3.0,8.982292847964983,3.986284669726901,4.079912993723421,0.0,2.914279242886376,9.2,50.0,0,Android,60.0,27.3,0,5,1,2,1,0
1539,19,Female,Africa,Lower-Mid,Bachelor,Student,15.321028152585416,306,820,112,11,2.0,4.477425272209914,2.8950859281206625,16.070219277189665,21.0,10.0,3.9,0.0,0,Laptop,53.0,72.54999999999998,0,0,2,0,3,1
1540,32,Female,Europe,High,Master,Full-time Employee,4.44,91,180,47,34,5.0,6.620078886065829,3.1882549917285123,7.661914696224911,5.0,4.853301658700016,8.6,87.0,0,iPhone,41.0,22.3,0,2,0,2,1,3
1541,18,Male,Asia,Lower-Mid,Bachelor,Student,2.6,66,436,105,132,2.0,7.845219503125741,3.9555947605650688,3.0,6.0,3.082819681432067,9.9,31.0,0,iPhone,65.0,20.2,1,1,2,0,3,3
1542,13,Male,Asia,Lower-Mid,High School,Student,8.96,246,162,53,202,2.0,7.8435671734522545,1.8228277282053265,6.0,8.0,1.0,9.6,60.0,0,iPhone,83.0,42.7,1,1,2,1,3,3
1543,28,Female,Europe,Lower-Mid,High School,Full-time Employee,5.44,120,820,77,0,7.0,6.53341543460699,3.250748639771188,8.877498791520825,6.0,9.619133991430424,9.1,0.0,0,Tablet,82.0,51.4,0,2,2,1,1,2
1544,19,Male,Asia,Lower-Mid,Bachelor,Unemployed_Looking,15.03,308,72,331,167,7.0,5.846425923664479,1.2862993011637334,16.070219277189665,22.5,9.548207407219476,0.0,43.0,1,Tablet,60.0,61.2,1,1,2,0,4,2
1545,26,Female,Asia,Upper-Mid,High School,Student,8.22,162,106,65,156,5.0,7.60653074527903,3.13673154313088,12.089078075379543,12.0,1.0,9.5,67.0,1,Laptop,59.0,34.2,0,1,3,1,3,1
1546,26,Female,Asia,Lower-Mid,PhD,Full-time Employee,7.33,140,545,277,84,0.0,7.431258083054142,2.721087283783248,4.31436708742749,8.0,4.328443645937726,7.5,5.0,0,iPhone,70.0,41.1,0,1,2,3,1,3
1547,27,Male,South America,Low,Master,Full-time Employee,2.59,82,820,101,0,6.0,8.441493686783224,2.233404664424504,4.0,3.0,9.707046852785735,6.9,0.0,0,Tablet,55.0,39.9,1,5,1,2,1,2
1548,47,Female,North America,Low,High School,Full-time Employee,11.16,232,256,266,78,4.0,8.180620769368423,1.1017302578037478,11.4111144209088,21.0,9.930040018688487,0.8,32.0,1,Laptop,68.0,52.6,0,4,1,1,1,1
1549,24,Male,Europe,Low,Master,Full-time Employee,13.19,287,417,57,23,4.0,6.805253669703889,1.138060503873929,10.0,13.0,8.860047450302384,4.8,41.0,1,Tablet,73.0,63.9,1,2,1,2,1,2
1550,20,Male,South America,Upper-Mid,Bachelor,Full-time Employee,6.93,125,523,73,258,4.0,7.310277152472463,2.0808706695265378,4.0,10.0,9.913149879845417,4.1,14.0,0,Laptop,77.0,37.5,1,5,3,0,1,1
1551,30,Male,Asia,Low,Master,Full-time Employee,8.81,170,447,177,52,5.0,6.249084213614382,3.0891929780119955,5.0,9.0,3.683659914454912,8.5,32.0,0,iPhone,64.0,45.1,1,1,1,2,1,3
1552,27,Male,Asia,Lower-Mid,Bachelor,Full-time Employee,7.4,144,323,228,95,3.0,8.920374208370461,2.964671563481244,5.0,9.0,3.0621626255746,1.8,41.0,1,Laptop,63.0,36.3,1,1,2,0,1,1
1553,38,Female,Europe,Lower-Mid,Bachelor,Part-time/Shift,5.89,95,554,213,155,1.0,7.766710558303506,3.808503475484641,4.353171260853637,2.0,2.021803183535883,3.6,16.0,0,Tablet,56.0,35.6,0,2,2,0,2,2
1554,44,Male,Europe,Low,High School,Full-time Employee,7.39,98,491,69,175,4.0,8.564061305127618,2.0776570303369506,2.0,11.0,5.907607435781453,5.6,41.0,0,Android,57.0,38.3,1,2,1,1,1,0
1555,32,Female,Asia,Low,Bachelor,Full-time Employee,6.27,94,216,52,31,6.0,6.692237080978914,3.231102707203106,2.7895779572035115,7.0,1.0,9.9,57.0,0,Laptop,63.0,27.0,0,1,1,0,1,1
1556,15,Female,North America,Lower-Mid,High School,Student,9.54,180,820,140,0,3.0,7.833873906549267,2.07456020729671,7.299333735975543,15.0,9.952532245363168,0.1,0.0,0,Android,69.0,55.9,0,4,2,1,3,0
1557,28,Female,North America,Upper-Mid,Master,Part-time/Shift,3.9,63,437,84,84,6.0,8.373199120029815,3.188618648768664,8.0,0.0,4.775055342250713,5.9,32.0,0,Laptop,74.0,23.7,0,4,3,2,2,1
1558,41,Male,Asia,Lower-Mid,High School,Part-time/Shift,4.78,53,261,178,334,3.0,8.289815059812343,2.991277901429475,4.0,0.0,4.129738117314825,9.6,42.0,0,iPhone,57.0,22.2,1,1,2,1,2,3
1559,15,Male,North America,Low,High School,Student,5.5,146,143,115,144,3.0,7.4924133311068974,4.08977594462834,3.0,0.0,6.772647504145363,8.8,83.0,0,Tablet,80.0,25.7,1,4,1,1,3,2
1560,13,Male,North America,Lower-Mid,High School,Student,6.96,130,128,149,0,5.0,6.694592466340938,3.102549317089471,2.0,3.0,1.0,8.7,64.0,0,iPhone,62.0,27.8,1,4,2,1,3,3
1561,25,Male,South America,Lower-Mid,Master,Full-time Employee,2.78,80,511,119,79,1.0,7.439758599970469,3.819528522356136,5.0,5.0,10.0,0.7,24.0,0,Tablet,65.0,24.4,1,5,2,2,1,2
1562,49,Female,Middle East,Low,Bachelor,Full-time Employee,15.321028152585416,277,73,77,0,2.0,6.764654307847748,1.0,16.070219277189665,16.0,10.0,6.8,64.0,1,Android,58.0,63.3,0,3,1,0,1,0
1563,40,Male,Africa,Upper-Mid,Bachelor,Full-time Employee,1.9,15,163,97,68,1.0,7.945168855428184,3.81637543252899,6.0,0.0,5.249731519724669,9.5,41.59859976662777,0,Tablet,41.0,10.0,1,0,3,0,1,2
1564,14,Male,Europe,Lower-Mid,High School,Student,15.14,316,635,61,257,3.0,5.06110545410897,1.0,16.070219277189665,20.0,8.838675981472287,2.9,18.0,1,Android,74.0,72.54999999999998,1,2,2,1,3,0
1565,18,Female,South America,Lower-Mid,High School,Full-time Employee,5.3,124,176,369,92,5.0,8.674307173554832,2.1841497071092184,6.841786015942117,8.0,2.978240853053521,9.0,37.0,0,Tablet,72.0,24.7,0,5,2,1,1,2
1566,21,Male,North America,Upper-Mid,Bachelor,Unemployed_Looking,5.12,124,449,54,194,2.0,8.930806267188261,2.899521674095946,2.0,7.0,1.0,8.1,43.0,0,Android,62.0,31.8,1,4,3,0,4,0
1567,31,Male,Asia,Low,Bachelor,Full-time Employee,7.58,155,267,401,74,0.0,7.002061356092514,4.685616580951746,3.0,6.0,5.288896200165624,2.6,7.0,0,iPhone,66.0,36.5,1,1,1,0,1,3
1568,31,Male,Asia,Upper-Mid,High School,Full-time Employee,5.09,112,91,69,97,4.0,8.450531319260348,4.093953403227476,2.0,3.0,1.0479969964160245,9.8,67.0,0,Laptop,70.0,22.2,1,1,3,1,1,1
1569,27,Male,South America,Upper-Mid,Master,Part-time/Shift,4.19,98,339,16,54,2.0,8.056907084737896,2.901139033087956,5.0,7.0,1.0,9.1,39.0,0,Laptop,49.0,25.5,1,5,3,2,2,1
1570,29,Female,Middle East,Upper-Mid,Bachelor,Unemployed_Looking,10.02,170,402,144,54,3.0,6.915851166085071,3.0196813136023075,11.853541082982384,9.0,4.938945817663688,9.7,46.0,0,Tablet,60.0,47.0,0,3,3,0,4,2
1571,20,Male,North America,Low,Bachelor,Student,4.38,138,635,87,205,5.0,7.691376000077836,4.074426530537264,5.0,9.0,9.64029734219354,0.7,24.0,0,iPhone,73.0,35.6,1,4,1,0,3,3
1572,44,Male,Asia,Lower-Mid,High School,Full-time Employee,4.56,115,210,192,80,3.0,7.467411311614718,1.0,4.0,9.0,3.1813631160683005,6.0,50.0,0,Tablet,52.0,26.0,1,1,2,1,1,2
1573,25,Female,Asia,Upper-Mid,Master,Unemployed_Looking,8.83,163,279,71,0,5.0,7.105102714472347,3.1704767466668864,6.367520499133288,2.0,2.8508414938048925,8.0,45.0,0,Laptop,68.0,39.8,0,1,3,2,4,1
1574,29,Male,Africa,Lower-Mid,High School,Unemployed_Looking,9.0,192,142,361,94,1.0,6.335048657404545,1.0,6.0,18.0,5.303057359791056,6.6,43.0,0,iPhone,51.0,40.0,1,0,2,1,4,3
1575,13,Male,Middle East,Lower-Mid,High School,Student,7.98,129,288,401,92,2.0,5.954856724671499,3.829205594795969,5.0,8.0,6.167872457187642,5.4,26.0,0,Laptop,70.0,33.9,1,3,2,1,3,1
1576,23,Male,Asia,Upper-Mid,Master,Full-time Employee,3.36,39,599,123,0,0.0,7.172637884948574,2.7303060691823404,4.0,2.0,5.402719495623753,0.2,10.0,0,Android,65.0,24.4,1,1,3,2,1,0
1577,35,Male,Asia,High,Master,Part-time/Shift,2.72,44,277,205,309,2.0,10.461544267830682,2.953561495833423,6.0,2.0,6.150038575585844,6.6,38.0,0,iPhone,49.0,16.6,1,1,0,2,2,3
1578,50,Female,Africa,Low,Bachelor,Unemployed_Looking,2.59,66,344,95,290,0.0,6.9184872623751215,3.788682960482563,3.549803608091035,0.0,10.0,1.4,39.0,0,Android,77.0,20.5,0,0,1,0,4,0
1579,33,Female,Africa,Lower-Mid,Bachelor,Full-time Employee,5.49,104,416,63,268,6.0,8.926750774412511,3.1902728837936305,8.095529272305091,5.0,9.726349200855957,4.1,39.0,0,Laptop,58.0,31.4,0,0,2,0,1,1
1580,27,Female,Africa,Low,PhD,Full-time Employee,4.24,106,229,101,69,2.0,7.9807351839558756,2.8280014593255545,9.907544999036666,7.0,6.095105014028622,7.4,47.0,0,iPhone,57.0,23.3,0,0,1,3,1,3
1581,24,Female,North America,Lower-Mid,Bachelor,Unemployed_Looking,5.32,112,203,401,229,4.0,6.223745937681106,4.030366032320414,10.573607757178529,3.0,2.927036660998969,10.0,12.0,0,Laptop,67.0,25.1,0,4,2,0,4,1
1582,23,Male,Africa,Low,Bachelor,Student,6.95,144,543,401,220,1.0,6.927956621224805,1.788847205011023,3.0,8.0,4.27219278246411,7.4,8.0,1,Laptop,76.0,36.68415185296776,1,0,1,0,3,1
1583,24,Female,South America,Low,Bachelor,Part-time/Shift,3.75,97,596,86,187,4.0,8.576907552002695,3.074247357503132,4.99098040314445,12.0,1.0,9.8,29.0,1,iPhone,55.0,30.5,0,5,1,0,2,3
1584,34,Female,Europe,High,Bachelor,Part-time/Shift,6.91,47,191,85,82,3.0,10.058789810573543,4.966790299595929,1.0,5.0,9.91905773172489,2.8,45.0,0,Android,66.0,24.0,0,2,0,0,2,0
1585,32,Female,Africa,Lower-Mid,Bachelor,Full-time Employee,3.22,103,195,343,326,4.0,7.323618080943155,4.014261807751036,6.994060232851078,6.0,1.8231677087274705,9.1,42.0,0,Android,69.0,19.9,0,0,2,0,1,0
1586,31,Male,Europe,Upper-Mid,High School,Unemployed_Looking,14.47,272,156,125,107,0.0,6.271578831049603,1.0,16.070219277189665,16.0,9.4434453894455,4.0,48.0,0,Tablet,72.0,59.7,1,2,3,1,4,2
1587,14,Male,Middle East,Lower-Mid,High School,Student,2.6,52,820,108,201,0.0,7.681540142874154,3.739407737323102,5.0,8.0,10.0,8.6,0.0,0,Tablet,67.0,34.6,1,3,2,1,3,2
1588,36,Male,Africa,Upper-Mid,Master,Full-time Employee,4.49,100,155,134,166,2.0,8.203433272941991,2.913926513780924,3.0,3.0,4.19057038623704,0.6,53.0,0,Tablet,61.0,22.2,1,0,3,2,1,2
1589,32,Female,South America,Lower-Mid,Master,Unemployed_Looking,10.69,212,202,71,127,4.0,9.527149838233184,1.0,13.544929002785128,14.0,8.843397049438352,2.0,62.0,0,iPhone,57.0,47.4,0,5,2,2,4,3
1590,34,Female,Asia,Lower-Mid,Bachelor,Full-time Employee,11.37,219,323,34,131,5.0,7.657920120142977,1.0105964183997866,6.474929481845969,16.0,1.7064021139554095,4.4,50.0,0,Tablet,66.0,52.6,0,1,2,0,1,2
1591,44,Male,North America,Low,High School,Part-time/Shift,3.37,53,206,105,27,5.0,8.999629341186537,2.0599323728624306,5.0,1.0,1.756766055084595,9.8,55.0,0,Android,54.0,17.8,1,4,1,1,2,0
1592,41,Female,South America,High,High School,Full-time Employee,6.92,143,536,27,236,0.0,6.551907781886341,2.708359272670521,10.361692769619534,14.0,2.3390128690704737,5.4,30.0,0,Laptop,41.0,42.5,0,5,0,1,1,1
1593,14,Female,South America,Low,High School,Student,12.28,102,406,87,150,2.0,7.611356996537376,2.9209735320250667,12.990930376917923,12.0,5.090581134531412,4.4,42.0,0,Tablet,69.0,44.9,0,5,1,1,3,2
1594,44,Female,South America,Lower-Mid,High School,Full-time Employee,3.89,82,270,74,98,5.0,8.135043390506988,5.0,5.610365509415982,0.0,1.0,10.0,41.0,0,Laptop,74.0,22.5,0,5,2,1,1,1
1595,31,Female,South America,Upper-Mid,High School,Full-time Employee,3.97,57,162,401,73,6.0,9.506153784573453,4.291336908750009,7.827170765121185,4.0,1.732102790081118,9.3,41.0,0,Laptop,41.0,17.6,0,5,3,1,1,1
1596,24,Female,Africa,Upper-Mid,Bachelor,Student,6.1,170,173,76,123,2.0,9.296858537621556,3.900684032482882,3.0,9.0,10.0,2.4,70.0,0,Tablet,55.0,31.5,0,0,3,0,3,2
1597,44,Female,Africa,Upper-Mid,Bachelor,Part-time/Shift,9.68,120,387,0,89,0.0,7.957800036052893,1.8004011935983557,8.681396467014736,9.0,2.3891707270579,6.5,27.0,0,Android,71.0,36.68415185296776,0,0,3,0,2,0
1598,46,Female,Europe,Low,Master,Full-time Employee,7.84,97,358,192,33,7.0,7.522288933438182,3.247280445004461,8.247628548834232,14.0,9.418224002395526,3.0,33.0,0,Laptop,86.0,35.2,0,2,1,2,1,1
1599,35,Female,Europe,Lower-Mid,Master,Full-time Employee,3.7,68,240,68,134,5.0,10.172633654969994,4.157002658643275,6.886392987041605,5.0,1.0,8.4,43.0,0,Laptop,65.0,19.5,0,2,2,2,1,1
1600,33,Male,Europe,Lower-Mid,Master,Part-time/Shift,3.55,47,217,110,79,4.0,7.823322153651701,4.056184814836432,7.0,7.0,1.0,8.6,49.0,0,Android,58.0,16.9,1,2,2,2,2,0
1601,34,Female,Europe,Upper-Mid,High School,Full-time Employee,9.21,201,311,32,273,3.0,6.120858904589154,1.0129246903938622,8.955887162410558,11.0,4.055722193722061,3.7,53.0,0,Tablet,63.0,45.7,0,2,3,1,1,2
1602,26,Female,North America,Lower-Mid,High School,Full-time Employee,4.55,80,248,124,142,7.0,8.162469849283521,4.279889380748181,3.851729426846209,2.0,9.549253343216003,1.1,62.0,0,Android,79.0,21.6,0,4,2,1,1,0
1603,16,Male,Africa,Lower-Mid,High School,Student,7.01,194,388,140,94,2.0,8.375553464663218,1.915816491594756,4.0,12.0,3.3152092412313,10.0,36.0,0,Android,65.29930112427833,40.3,1,0,2,1,3,0
1604,33,Female,Africa,Upper-Mid,Bachelor,Part-time/Shift,6.64,116,331,23,144,4.0,8.115190711836728,3.1070347842764527,6.39036556236466,8.0,10.0,5.3,51.0,0,Tablet,57.0,33.0,0,0,3,0,2,2
1605,29,Male,South America,High,PhD,Part-time/Shift,9.8,133,151,106,9,3.0,7.637732948850468,1.9394815600465456,0.0,10.0,1.9779338490090133,8.9,71.0,0,Tablet,60.0,36.9,1,5,0,3,2,2
1606,20,Female,Asia,Low,High School,Student,4.36,78,250,116,0,0.0,6.769951196803823,2.7444986555753426,4.540623970149107,6.0,1.3466294612824976,9.6,39.0,0,Laptop,55.0,21.2,0,1,1,1,3,1
1607,26,Female,Africa,Lower-Mid,High School,Full-time Employee,10.07,183,216,401,116,2.0,5.462328644641922,1.797762619283259,8.82460471494105,14.0,7.163360204046102,4.3,26.0,0,Laptop,66.0,42.9,0,0,2,1,1,1
1608,23,Male,North America,Low,Master,Student,9.03,217,175,200,188,0.0,7.10779917712748,2.767511594904028,2.0,6.0,1.4258912004571154,8.7,52.0,0,iPhone,81.0,41.6,1,4,1,2,3,3
1609,30,Female,Europe,Upper-Mid,High School,Full-time Employee,6.99,134,820,103,113,6.0,8.23014665758765,3.309427432704534,5.1390291685510725,9.0,1.0,7.9,0.0,0,iPhone,68.0,53.5,0,2,3,1,1,3
1610,26,Male,North America,Low,Master,Full-time Employee,6.55,129,287,143,150,5.0,6.46085599986718,3.0695878595472164,3.0,8.0,1.0,7.5,36.0,0,Laptop,62.0,32.0,1,4,1,2,1,1
1611,18,Male,South America,Low,Bachelor,Student,2.27,40,139,105,204,3.0,9.497180295794726,4.967471311719738,6.0,0.0,3.9798748092091496,9.3,62.0,0,Android,62.0,9.7,1,5,1,0,3,0
1612,35,Male,Africa,Upper-Mid,Bachelor,Full-time Employee,8.23,179,336,48,168,3.0,8.443755194371816,1.0160644397868404,4.0,19.0,1.0369209566350106,9.0,62.0,0,iPhone,49.0,42.6,1,0,3,0,1,3
1613,21,Male,Europe,Lower-Mid,Bachelor,Unemployed_Looking,6.92,196,211,91,135,1.0,7.998422884965897,1.0,6.0,20.0,10.0,4.2,64.0,0,Android,74.0,35.8,1,2,2,0,4,0
1614,43,Female,Europe,Low,High School,Full-time Employee,7.95,138,199,195,102,7.0,7.486711508229628,4.299833926702829,8.628218467964295,8.0,5.645455096671994,9.5,37.0,0,Android,64.0,35.3,0,2,1,1,1,0
1615,26,Female,Asia,High,Master,Part-time/Shift,6.5,197,148,33,10,2.0,5.183345297724586,1.8726057590681944,6.5888881291614885,6.0,1.0819191643449635,8.5,72.0,0,Tablet,63.0,34.0,0,1,0,2,2,2
1616,44,Male,North America,Upper-Mid,Bachelor,Unemployed_Looking,9.01,120,524,160,0,2.0,7.495349498024931,2.870748118489981,6.0,10.0,5.195662180690948,9.7,17.0,0,iPhone,65.29930112427833,43.7,1,4,3,0,4,3
1617,17,Female,North America,Low,High School,Part-time/Shift,4.07,125,582,148,38,5.0,7.430188376228801,3.127474954255382,8.212116447464105,8.0,9.79329499697688,2.4,15.0,0,Android,68.0,32.3,0,4,1,1,2,0
1618,24,Female,North America,Upper-Mid,Bachelor,Full-time Employee,5.31,124,806,88,86,3.0,8.070212021753813,3.974123945848103,10.602459783816116,9.0,10.0,3.0,0.0,0,iPhone,57.0,41.7,0,4,3,0,1,3
1619,24,Female,Asia,Lower-Mid,Master,Full-time Employee,13.85,303,224,44,33,3.0,5.161443699189033,1.0,16.070219277189665,18.0,8.239440333811443,6.8,64.0,0,iPhone,61.0,62.3,0,1,2,2,1,3
1620,32,Female,Asia,Upper-Mid,Bachelor,Full-time Employee,6.76,121,292,48,189,0.0,6.385099429375737,1.0,13.973392019908928,22.0,3.3281119650567024,7.7,51.0,1,Android,76.0,36.68415185296776,0,1,3,0,1,0
1621,28,Male,Europe,Upper-Mid,PhD,Full-time Employee,9.26,146,319,23,0,3.0,7.268472742671232,1.050467071676601,8.0,18.0,4.101407913123263,5.0,57.0,1,iPhone,66.0,40.7,1,2,3,3,1,3
1622,20,Female,Asia,Low,Bachelor,Student,10.31,251,282,226,234,4.0,6.510978609201161,2.030968328658448,13.900754523268134,13.0,9.871135175653125,2.2,41.59859976662777,1,Tablet,51.0,50.9,0,1,1,0,3,2
1623,21,Female,Africa,Low,Bachelor,Student,6.9,155,458,137,160,6.0,7.89857970275413,3.149831556387678,5.356293427624202,12.0,9.708759824582817,0.7,16.0,0,iPhone,74.0,38.5,0,0,1,0,3,3
1624,13,Female,North America,Low,High School,Student,11.63,247,179,401,134,3.0,4.314173470177789,1.9644695713418128,12.61700571614185,16.0,8.039644483294921,4.5,0.0,1,Tablet,65.29930112427833,50.2,0,4,1,1,3,2
1625,29,Male,North America,Upper-Mid,High School,Part-time/Shift,7.12,187,309,138,36,6.0,9.0944440582591,4.175963664925194,0.0,6.0,1.0,9.8,41.0,1,Laptop,84.0,38.5,1,4,3,1,2,1
1626,26,Male,Africa,Upper-Mid,Bachelor,Full-time Employee,7.44,196,324,61,99,1.0,5.927967176871678,2.745353996281521,4.0,12.0,8.447346311705177,3.7,42.0,0,Android,76.0,40.3,1,0,3,0,1,0
1627,32,Male,Asia,High,High School,Full-time Employee,6.31,54,520,208,132,4.0,7.7826965360857345,4.058883441424524,4.0,7.0,9.906239196241872,3.4,1.0,0,Laptop,61.0,31.6,1,1,0,1,1,1
1628,20,Male,North America,Lower-Mid,Bachelor,Part-time/Shift,11.58,152,199,401,102,6.0,7.206004967631959,3.176180203673855,12.0,13.0,3.764689049060911,7.4,7.0,0,Laptop,78.0,42.6,1,4,2,0,2,1
1629,29,Female,North America,Upper-Mid,High School,Unemployed_Looking,3.43,60,820,265,334,1.0,7.061915000710804,3.781035379204954,5.0,7.0,7.095898267057301,8.8,0.0,0,iPhone,66.0,39.6,0,4,3,1,4,3
1630,50,Female,Europe,Upper-Mid,Bachelor,Full-time Employee,9.17,114,640,15,81,1.0,7.863321457909618,1.819942456566888,7.345300886216646,14.0,2.2848649416727445,6.3,13.0,0,Laptop,74.0,36.68415185296776,0,2,3,0,1,1
1631,48,Male,North America,High,High School,Part-time/Shift,4.34,40,231,7,2,5.0,9.40498245912096,2.0551509321665344,6.0,6.0,1.0,6.3,72.0,1,Android,70.0,19.5,1,4,0,1,2,0
1632,50,Female,Asia,Upper-Mid,Master,Caregiver/Home,7.48,131,184,401,102,3.0,10.121838184040348,1.8849618922285785,4.0,5.0,1.0,10.0,41.0,0,Android,57.0,34.0,0,1,3,2,0,0
1633,21,Female,Europe,Upper-Mid,Bachelor,Student,4.0,76,159,378,254,4.0,9.057049536610911,5.0,5.696339672739078,1.0,7.72994887093291,8.6,53.0,0,Android,59.0,17.8,0,2,3,0,3,0
1634,22,Female,Africa,Lower-Mid,Bachelor,Student,6.69,130,285,55,105,4.0,8.463746527976733,2.9553833383016888,6.46131506073746,8.0,1.0,9.8,50.0,0,Android,75.0,31.6,0,0,2,0,3,0
1635,26,Female,Middle East,Low,PhD,Full-time Employee,5.71,101,81,161,230,5.0,8.421345653873882,3.0829757771692834,7.521250981895678,11.0,1.0,8.2,70.0,0,Laptop,62.0,22.4,0,3,1,3,1,1
1636,21,Female,Asia,Low,High School,Student,4.43,106,84,73,0,2.0,8.048253676004972,1.802163754374955,4.542585608978971,11.0,1.0,8.4,77.0,0,Laptop,61.0,19.4,0,1,1,1,3,1
1637,27,Female,Asia,High,Bachelor,Full-time Employee,3.38,73,105,58,129,6.0,8.380962205643323,4.187387482188967,7.946429690424577,1.0,2.878613168791196,8.4,64.0,0,Tablet,55.0,15.3,0,1,0,0,1,2
1638,23,Male,Asia,Upper-Mid,Bachelor,Unemployed_Looking,10.71,198,472,131,68,3.0,5.505702474768328,1.993443312123693,4.0,8.0,4.006875208297129,5.6,38.0,0,iPhone,69.0,51.9,1,1,3,0,4,3
1639,47,Male,Africa,Lower-Mid,Bachelor,Caregiver/Home,4.61,61,339,28,138,7.0,7.481416227866522,4.297195846564787,5.0,2.0,3.542725017936288,9.5,27.0,0,Android,86.0,24.1,1,0,2,0,0,0
1640,29,Female,Middle East,Upper-Mid,High School,Full-time Employee,14.81,213,213,401,179,5.0,6.211874467198504,1.251403331407515,16.070219277189665,19.0,9.730900359977417,0.0,14.0,1,Laptop,54.0,57.3,0,3,3,1,1,1
1641,37,Female,Asia,High,Master,Full-time Employee,6.91,162,176,90,101,5.0,7.446972062591509,4.186155442824101,3.55484079106121,8.0,3.84010007344966,8.9,77.0,1,Laptop,65.0,33.7,0,1,0,2,1,1
1642,44,Female,Europe,Low,Bachelor,Full-time Employee,9.41,95,392,148,95,5.0,5.783355210341917,3.085251769426821,9.614043880743756,9.0,5.862602124792613,7.0,39.0,0,Laptop,79.0,39.6,0,2,1,0,1,1
1643,30,Female,South America,Low,Bachelor,Part-time/Shift,4.17,98,632,29,0,3.0,8.712532022437331,3.912187624499814,4.459200436434358,2.0,3.993627068796147,9.8,9.0,1,Tablet,64.0,32.7,0,5,1,0,2,2
1644,42,Female,North America,Low,High School,Full-time Employee,4.9,77,219,129,59,0.0,8.056659198725251,2.867720840999635,7.003555308972462,6.0,5.4191126943902495,7.4,48.0,0,iPhone,70.0,23.1,0,4,1,1,1,3
1645,23,Male,Asia,Low,Bachelor,Student,6.76,143,175,73,86,7.0,7.671340621259568,4.344707549414835,2.0,6.0,1.0,9.1,61.0,0,iPhone,54.0,36.68415185296776,1,1,1,0,3,3
1646,34,Female,North America,Upper-Mid,Bachelor,Full-time Employee,8.5,122,190,316,89,5.0,5.8132986635457335,3.161278142298129,7.876215403379957,7.0,2.8277123192587235,8.3,49.0,0,Android,69.0,34.0,0,4,3,0,1,0
1647,30,Female,Europe,Upper-Mid,High School,Part-time/Shift,13.58,297,595,89,10,4.0,5.980179594429987,2.055667608948674,16.070219277189665,22.5,6.8585734645566125,1.3,22.0,0,iPhone,63.0,71.1,0,2,3,1,2,3
1648,30,Female,Middle East,Lower-Mid,PhD,Part-time/Shift,6.75,140,263,345,213,0.0,8.386288928310563,2.746062522324611,4.018355546617586,7.0,10.0,3.3,30.0,0,Laptop,75.0,32.8,0,3,2,3,2,1
1649,39,Male,Africa,High,High School,Part-time/Shift,8.15,140,289,340,111,1.0,7.85914358031802,1.738167423773497,6.0,14.0,8.055924792788572,8.3,13.0,1,Android,77.0,37.5,1,0,0,1,2,0
1650,47,Female,Middle East,High,High School,Unemployed_Looking,8.58,167,99,168,103,5.0,7.309538044928168,1.1396616204444894,8.636191603507406,12.0,4.843116749222975,6.418568102444702,47.0,0,Laptop,89.0,36.3,0,3,0,1,4,1
1651,49,Male,North America,Lower-Mid,High School,Caregiver/Home,7.52,135,127,16,0,1.0,6.81497797917118,1.815832657420569,1.0,13.0,4.25241251970297,9.5,77.0,0,Tablet,71.0,32.6,1,4,2,1,0,2
1652,28,Male,Europe,Low,High School,Part-time/Shift,7.52,89,268,114,113,4.0,5.973243288804298,4.0067180761828185,2.0,7.0,7.945844961503302,6.5,0.0,0,iPhone,68.0,36.68415185296776,1,2,1,1,2,3
1653,38,Female,Europe,Lower-Mid,High School,Part-time/Shift,2.65,61,300,118,124,3.0,9.958110426055567,2.945114052062711,9.472609210702718,0.0,4.077625021590318,9.2,37.0,1,Android,67.0,18.2,0,2,2,1,2,0
1654,32,Female,Africa,High,Bachelor,Part-time/Shift,3.24,51,338,66,175,6.0,9.790498363454786,3.287453125203587,8.594792519047582,0.0,7.748606644872699,3.0,32.0,0,Tablet,61.0,19.3,0,0,0,0,2,2
1655,13,Female,South America,Low,High School,Student,15.321028152585416,265,413,146,191,3.0,5.205893936562746,1.0,16.070219277189665,8.0,10.0,3.1,14.0,1,Android,68.0,68.1,0,5,1,1,3,0
1656,28,Female,Asia,Upper-Mid,High School,Full-time Employee,9.21,153,385,21,166,3.0,5.935238893315063,2.07559893986779,8.81230933743516,8.0,6.041172943798174,5.0,50.0,1,iPhone,65.29930112427833,43.0,0,1,3,1,1,3
1657,25,Female,Europe,Upper-Mid,Master,Full-time Employee,11.81,288,405,114,184,2.0,5.259321301828747,1.0,16.070219277189665,18.0,7.031447045138471,3.5,42.0,0,Tablet,67.0,60.7,0,2,3,2,1,2
1658,32,Female,South America,High,Bachelor,Full-time Employee,9.99,234,340,58,83,4.0,6.7353108033988125,1.0258185090266054,7.884739517693772,11.0,7.884068990560989,4.6,43.0,0,Laptop,78.0,50.5,0,5,0,0,1,1
1659,15,Male,Middle East,Low,High School,Student,6.99,109,256,132,204,3.0,6.723550173338687,2.8946764471787887,5.0,10.0,5.041317184639831,0.3,50.0,0,Android,55.0,29.7,1,3,1,1,3,0
1660,28,Female,Middle East,Low,Master,Full-time Employee,7.69,156,609,401,66,6.0,7.247428119683353,4.151223182836818,8.213105850871143,9.0,1.6588726398851323,8.7,0.0,0,Tablet,76.0,44.9,0,3,1,2,1,2
1661,45,Female,North America,High,Master,Unemployed_Looking,6.69,40,396,144,31,4.0,8.926490179574149,3.010514733054928,8.48113582909334,6.0,1.0,9.1,46.0,0,Tablet,78.0,28.8,0,4,0,2,4,2
1662,22,Female,Africa,Lower-Mid,High School,Part-time/Shift,4.83,104,252,174,124,1.0,10.09748546558748,4.828036568886148,7.881435823672721,0.0,1.0,8.8,32.0,0,Tablet,64.0,24.5,0,0,2,1,2,2
1663,49,Female,Europe,Lower-Mid,High School,Caregiver/Home,1.9,12,768,59,171,4.0,8.209084724502617,3.065266326891912,12.294146460605797,3.0,8.948071075116008,5.1,10.0,0,iPhone,44.0,25.9,0,2,2,1,0,3
1664,19,Male,Middle East,Low,Bachelor,Full-time Employee,7.92,193,128,142,176,5.0,8.643725341302623,2.0978451459532708,6.0,15.0,3.833579036632359,9.0,64.0,0,iPhone,59.0,36.0,1,3,1,0,1,3
1665,23,Male,North America,Lower-Mid,Bachelor,Unemployed_Looking,12.37,147,169,66,102,6.0,6.937590189663887,1.10030432766458,6.0,22.0,5.777443133446954,8.8,75.0,1,iPhone,78.0,43.5,1,4,2,0,4,3
1666,33,Male,North America,Upper-Mid,Master,Part-time/Shift,5.24,102,593,118,0,6.0,8.156950019140954,4.285578949183017,2.0,10.0,5.789804219880385,7.3,15.0,0,iPhone,65.0,34.9,1,4,3,2,2,3
1667,34,Female,Europe,Lower-Mid,Master,Part-time/Shift,3.09,99,457,105,206,6.0,8.474305757476136,2.1974060697295914,6.137060167342138,2.0,9.773263534835555,4.9,8.0,0,iPhone,55.0,26.5,0,2,2,2,2,3
1668,25,Male,South America,Upper-Mid,Bachelor,Full-time Employee,6.84,129,421,86,0,5.0,5.427463281162988,3.075995153419594,4.0,8.0,5.655773287976482,5.0,40.0,0,Tablet,60.0,36.0,1,5,3,0,1,2
1669,19,Male,South America,Low,High School,Full-time Employee,8.7,193,170,401,177,1.0,7.933940454763379,2.8260176266011228,6.0,12.0,1.0,8.9,35.0,0,Tablet,73.0,38.5,1,5,1,1,1,2
1670,14,Male,Middle East,Low,High School,Student,7.45,119,96,348,0,1.0,6.611675174564974,1.8224933460737769,4.0,15.0,10.0,8.2,49.0,0,Laptop,70.0,27.0,1,3,1,1,3,1
1671,14,Female,Middle East,Lower-Mid,High School,Student,3.99,89,398,134,0,3.0,9.141369584368494,2.9559065514911365,11.155636595759368,5.0,9.998709557599437,6.418568102444702,33.0,0,iPhone,63.0,24.2,0,3,2,1,3,3
1672,45,Female,Asia,Upper-Mid,Bachelor,Full-time Employee,8.03,100,465,124,178,3.0,8.706785149266867,1.0,8.463564865888745,13.0,6.056211253358982,6.418568102444702,26.0,0,Android,61.0,39.3,0,1,3,0,1,0
1673,17,Male,Europe,Lower-Mid,High School,Student,3.52,96,278,401,240,7.0,6.885362603353952,3.2338274571077665,7.0,5.0,1.5399615334186476,8.4,10.0,0,Laptop,61.0,20.9,1,2,2,1,3,1
1674,29,Female,Europe,Low,PhD,Full-time Employee,1.71,29,427,391,0,5.0,6.293660306608277,5.0,11.321501285353794,3.0,4.66838350354856,8.4,17.0,1,Laptop,56.0,16.0,0,2,1,3,1,1
1675,49,Male,Asia,Low,Master,Full-time Employee,9.07,122,341,273,32,4.0,6.90608896453872,2.002081663600049,2.0,8.0,3.871669420972752,8.8,26.0,0,Android,81.0,40.3,1,1,1,2,1,0
1676,39,Male,North America,High,High School,Full-time Employee,6.76,45,265,114,281,3.0,7.857991040070272,3.941761891975963,3.0,4.0,1.994068377188065,9.3,51.0,0,Laptop,62.0,36.68415185296776,1,4,0,1,1,1
1677,24,Female,Africa,Lower-Mid,Master,Student,9.96,163,268,99,104,7.0,4.869406555448776,2.324019039935746,2.5158622128419643,13.0,5.582840009320965,4.6,0.0,0,Laptop,77.0,36.68415185296776,0,0,2,2,3,1
1678,38,Male,North America,Lower-Mid,Master,Caregiver/Home,6.77,150,269,89,17,1.0,8.359706215133999,3.87246903579813,5.0,8.0,1.0,9.6,38.0,0,Laptop,65.29930112427833,34.4,1,4,2,2,0,1
1679,27,Male,Asia,Upper-Mid,High School,Student,7.99,136,302,67,0,4.0,7.255563380288783,2.13121374674021,5.0,15.0,2.872092628870764,6.6,49.0,0,iPhone,75.0,36.0,1,1,3,1,3,3
1680,28,Male,Africa,High,Bachelor,Full-time Employee,9.18,134,820,27,0,6.0,5.586938484747741,2.2644842174547377,3.0,8.0,9.71686042022785,3.4,0.0,1,iPhone,61.0,36.68415185296776,1,0,0,0,1,3
1681,28,Male,South America,Low,Master,Full-time Employee,3.17,73,735,130,13,2.0,7.59091538122803,4.875952121954287,7.0,0.0,10.0,5.2,0.0,0,Tablet,69.0,30.6,1,5,1,2,1,2
1682,20,Female,North America,Lower-Mid,High School,Full-time Employee,4.67,99,259,177,66,2.0,7.430556781342005,2.815104077689353,9.378702884373414,2.0,1.0,9.1,70.0,0,Tablet,65.0,23.6,0,4,2,1,1,2
1683,33,Female,Africa,Lower-Mid,Bachelor,Full-time Employee,12.53,271,393,73,82,7.0,6.961395968810358,1.361831728408312,12.869310764289342,15.0,6.665760919940905,2.7,40.0,0,iPhone,65.29930112427833,61.7,0,0,2,0,1,3
1684,13,Male,Africa,Low,High School,Student,5.95,94,359,322,180,4.0,6.6226433754881535,3.120459817783141,4.0,3.0,6.121197661909302,8.2,12.0,0,iPhone,68.0,28.1,1,0,1,1,3,3
1685,15,Male,Europe,Lower-Mid,High School,Student,5.03,145,80,203,235,2.0,7.71090786190717,2.858556923476702,3.0,11.0,10.0,4.4,63.0,0,Laptop,53.0,36.68415185296776,1,2,2,1,3,1
1686,13,Female,Asia,Low,High School,Student,4.21,102,192,64,8,7.0,9.075177249800843,4.337638401019396,6.402780700336816,0.0,1.6306763124953834,9.2,65.0,1,Android,77.0,20.1,0,1,1,1,3,0
1687,28,Female,Africa,Lower-Mid,High School,Full-time Employee,7.83,95,285,231,199,4.0,6.2967835813150215,3.035316128641356,5.511515723258183,0.0,5.881145498482729,9.7,38.0,0,Laptop,65.29930112427833,32.2,0,0,2,1,1,1
1688,48,Female,Asia,Low,Master,Caregiver/Home,12.68,234,820,84,94,5.0,6.744841166077062,2.2068735061102376,16.070219277189665,21.0,9.847753572221052,4.5,0.0,1,Android,67.0,72.54999999999998,0,1,1,2,0,0
1689,33,Male,Middle East,Low,Master,Full-time Employee,6.03,90,253,91,59,0.0,6.783474451053804,3.706643210830671,2.0,0.0,10.0,3.4,57.0,0,Tablet,68.0,27.0,1,3,1,2,1,2
1690,29,Female,Africa,Upper-Mid,High School,Part-time/Shift,8.06,182,344,309,204,3.0,5.082770215246124,3.07097293911856,6.864916286550043,9.0,1.996214453224701,6.6,33.0,0,Android,62.0,41.8,0,0,3,1,2,0
1691,19,Female,South America,Low,Bachelor,Part-time/Shift,7.82,119,820,72,120,4.0,5.782869300965383,2.091231045717805,10.566299570715074,15.0,5.9934651539563735,4.6,0.0,0,Tablet,71.0,50.3,0,5,1,0,2,2
1692,31,Male,Europe,Lower-Mid,PhD,Part-time/Shift,8.51,143,686,401,133,4.0,5.829717257300528,2.141802260572192,9.0,13.0,7.818918801041593,2.3,0.0,1,Laptop,60.0,48.5,1,2,2,3,2,1
1693,22,Female,North America,Lower-Mid,Bachelor,Part-time/Shift,9.0,175,146,147,195,0.0,6.093687027467077,2.709196580468366,4.3260827184024695,4.0,1.3372660878891858,8.1,66.0,0,Android,74.0,37.4,0,4,2,0,2,0
1694,17,Female,Asia,Lower-Mid,High School,Student,10.01,172,104,106,195,5.0,5.086161731984421,2.1520611421568607,11.99985911213248,17.0,1.0,9.3,74.0,0,iPhone,52.0,38.7,0,1,2,1,3,3
1695,24,Female,Europe,Low,Master,Full-time Employee,9.3,239,293,401,102,2.0,5.6761801010222745,1.843691771227158,12.884597805034051,13.0,7.120785626666797,3.3,0.0,0,Laptop,65.29930112427833,47.7,0,2,1,2,1,1
1696,44,Male,South America,Lower-Mid,Bachelor,Full-time Employee,9.67,136,219,401,48,3.0,6.775354134328205,2.0142398373470947,3.0,9.0,4.020739148070812,9.8,21.0,0,Android,84.0,39.3,1,5,2,0,1,0
1697,40,Female,Europe,High,Master,Full-time Employee,3.39,101,268,14,102,5.0,7.054651692387602,4.176761738576508,9.17690800592343,3.0,5.81323091519175,7.0,69.0,0,Tablet,55.0,36.68415185296776,0,2,0,2,1,2
1698,15,Female,South America,Low,High School,Student,14.62,316,253,184,178,6.0,4.629755519249062,1.3315455014414683,16.070219277189665,22.0,9.6508928267031,1.2,58.0,1,Laptop,58.0,67.4,0,5,1,1,3,1
1699,16,Male,North America,Low,High School,Student,5.09,127,186,134,277,1.0,8.324012558360987,2.836373077408601,0.0,9.0,10.0,2.8,60.0,0,Android,70.0,24.6,1,4,1,1,3,0
1700,25,Male,Europe,High,Bachelor,Full-time Employee,7.56,228,260,180,59,2.0,6.440830492508415,2.9283604412696813,2.0,14.0,8.062349344720339,5.5,37.0,0,Tablet,67.0,41.8,1,2,0,0,1,2
1701,14,Female,Middle East,Lower-Mid,High School,Student,12.58,261,733,261,276,3.0,5.135407855458542,1.9484988559159453,15.41357941383364,22.0,10.0,6.418568102444702,41.59859976662777,1,Tablet,69.0,67.6,0,3,2,1,3,2
1702,34,Male,North America,Low,PhD,Full-time Employee,7.71,156,319,14,17,3.0,7.388907568108473,2.9991093433728966,3.0,10.0,4.070371332207744,9.4,51.0,0,Tablet,70.0,38.3,1,4,1,3,1,2
1703,37,Female,North America,High,High School,Full-time Employee,8.76,230,299,97,73,5.0,7.262708093496117,3.112815101500272,6.36283503204046,11.0,2.748364031990415,7.7,68.0,0,Tablet,71.0,46.8,0,4,0,1,1,2
1704,27,Female,Asia,Upper-Mid,High School,Part-time/Shift,7.64,134,86,33,38,2.0,8.270703884529896,2.8979487690864763,8.601884538739132,11.0,6.149640698824625,8.4,76.0,0,iPhone,76.0,29.5,0,1,3,1,2,3
1705,44,Male,North America,Upper-Mid,Bachelor,Caregiver/Home,6.77,116,146,192,0,4.0,7.553263232839975,5.0,3.0,9.0,4.857996068396567,9.0,59.0,0,Android,69.0,29.2,1,4,3,0,0,0
1706,32,Female,South America,Lower-Mid,Bachelor,Full-time Employee,5.05,176,65,250,110,2.0,5.997531250167032,3.874540487476918,6.948559707298496,3.0,10.0,6.8,47.0,1,Laptop,65.29930112427833,27.3,0,5,2,0,1,1
1707,22,Male,Africa,Lower-Mid,Bachelor,Unemployed_Looking,5.45,134,310,69,85,7.0,8.97083722716605,3.2947262039552667,2.0,10.0,1.0,9.6,46.0,0,Android,72.0,29.7,1,0,2,0,4,0
1708,22,Female,Asia,Lower-Mid,Bachelor,Full-time Employee,4.51,64,515,32,99,5.0,8.60226097698585,4.11304490344898,7.734618627334765,0.0,9.771942016548577,2.9,40.0,0,Android,84.0,26.4,0,1,2,0,1,0
1709,31,Female,North America,High,Master,Full-time Employee,5.71,98,538,196,96,4.0,7.908951370866503,3.032938462086201,7.622918112219271,8.0,5.832828641547697,6.0,13.0,0,iPhone,64.0,34.2,0,4,0,2,1,3
1710,31,Male,South America,High,High School,Part-time/Shift,4.31,117,205,223,281,6.0,8.242877463806732,2.2655275381065225,0.0,12.0,2.609125027808717,4.4,51.0,0,Android,55.0,24.2,1,5,0,1,2,0
1711,31,Male,Africa,Upper-Mid,High School,Unemployed_Looking,13.35,258,458,72,97,4.0,5.613308021839905,2.060695700429213,14.0,19.0,7.058063865486727,9.6,23.0,0,iPhone,76.0,63.4,1,0,3,1,4,3
1712,26,Male,North America,Upper-Mid,Master,Full-time Employee,13.67,288,186,81,66,5.0,6.332100434660644,1.1491629755446648,16.0,22.5,9.867675758000138,0.7,58.0,0,Tablet,64.0,59.7,1,4,3,2,1,2
1713,40,Male,Asia,High,Bachelor,Unemployed_Looking,7.62,213,92,99,218,3.0,6.746092744442235,1.0,4.0,10.0,1.048502974401197,9.9,85.0,0,Laptop,43.0,38.5,1,1,0,0,4,1
1714,21,Male,Europe,Lower-Mid,Bachelor,Full-time Employee,9.09,217,213,401,15,3.0,7.067839844068134,1.0,4.0,11.0,3.9847533432774,6.418568102444702,24.0,0,Laptop,73.0,42.8,1,2,2,0,1,1
1715,30,Female,Asia,High,High School,Part-time/Shift,3.92,78,500,155,80,3.0,9.730698906218503,3.9985615479398966,8.525893994369302,0.0,6.109888445228895,7.9,30.0,0,Laptop,60.0,27.3,0,1,0,1,2,1
1716,18,Female,North America,Lower-Mid,Bachelor,Full-time Employee,7.2,225,162,85,79,1.0,7.099708326824377,1.7923541564131806,9.458311806144344,9.0,5.184367421453779,9.5,78.0,0,Tablet,64.0,37.6,0,4,2,0,1,2
1717,30,Male,Europe,Low,Bachelor,Part-time/Shift,5.81,80,210,67,206,3.0,7.775990885816864,2.076291858554169,5.0,7.0,8.100770643891561,10.0,72.0,0,iPhone,68.0,24.3,1,2,1,0,2,3
1718,43,Male,Africa,Upper-Mid,High School,Part-time/Shift,5.04,93,403,251,13,4.0,7.561582080736906,3.9374636551286897,4.0,0.0,1.0,9.7,15.0,0,iPhone,67.0,29.7,1,0,3,1,2,3
1719,32,Female,South America,Lower-Mid,Master,Part-time/Shift,6.43,180,249,401,69,4.0,7.167524724954114,2.0911433751264203,9.065025813049523,5.0,1.0,9.1,17.0,0,iPhone,72.0,35.3,0,5,2,2,2,3
1720,23,Female,Asia,Upper-Mid,Bachelor,Student,12.17,182,176,47,7,1.0,6.081873395625499,1.0,16.070219277189665,12.0,4.310967807492609,2.7,68.0,1,iPhone,61.0,46.7,0,1,3,0,3,3
1721,34,Female,South America,Upper-Mid,Master,Full-time Employee,8.82,182,138,167,179,5.0,7.069212012682367,2.1588888085346216,7.697790133597879,12.0,2.893359971619593,7.5,66.0,0,Android,70.0,38.6,0,5,3,2,1,0
1722,13,Female,Asia,Lower-Mid,High School,Student,5.97,117,820,95,0,4.0,9.820041691658194,3.060735653619824,7.784217058739403,4.0,9.978564476927884,0.1,0.0,0,Android,62.0,48.5,0,1,2,1,3,0
1723,37,Female,Asia,Lower-Mid,High School,Unemployed_Looking,15.23,290,50,173,150,2.0,6.538846450252471,2.9196896972756283,16.070219277189665,22.5,10.0,3.0,70.0,1,Tablet,72.0,60.9,0,1,2,1,4,2
1724,23,Male,Europe,High,Master,Part-time/Shift,8.56,151,127,74,95,0.0,6.462297207403254,1.7757952179286547,6.0,11.0,3.3210799254743604,8.2,87.0,0,Tablet,71.0,33.9,1,2,0,2,2,2
1725,23,Female,South America,Lower-Mid,Master,Student,10.69,217,268,114,0,1.0,6.278330717714502,1.7759767083560185,10.241295692659206,17.0,5.262857115899057,6.4,46.0,0,iPhone,56.0,36.68415185296776,0,5,2,2,3,3
1726,31,Female,Asia,High,Master,Full-time Employee,3.56,60,297,13,190,2.0,8.429634814638295,3.907115512253381,10.66889083475512,5.0,2.075849881521357,8.7,46.0,0,Laptop,76.0,19.4,0,1,0,2,1,1
1727,22,Male,Asia,Low,Bachelor,Student,4.17,79,625,229,84,1.0,6.563814695289858,2.803105245446453,4.0,1.0,1.359982237413519,8.6,0.0,1,Android,60.0,30.4,1,1,1,0,3,0
1728,48,Male,Asia,Upper-Mid,Bachelor,Part-time/Shift,5.9,40,332,112,0,3.0,6.799143731333805,1.9173519547298592,2.0,5.0,2.84512374482911,9.9,20.0,0,iPhone,65.29930112427833,25.7,1,1,3,0,2,3
1729,37,Female,North America,High,High School,Part-time/Shift,8.84,196,785,106,106,3.0,7.462000636701762,1.007898873471799,8.208646751344336,11.0,1.0,8.8,0.0,0,iPhone,69.0,56.5,0,4,0,1,2,3
1730,20,Male,Europe,Lower-Mid,High School,Part-time/Shift,3.59,94,134,132,58,2.0,7.112626367603361,3.863937709910175,6.0,4.0,1.1030270382445782,9.5,57.0,0,Tablet,83.0,16.9,1,2,2,1,2,2
1731,16,Male,Asia,Low,High School,Student,7.81,205,150,80,0,2.0,7.475948961143654,1.0,2.0,11.0,3.916276865292424,8.7,86.0,0,Android,63.0,37.0,1,1,1,1,3,0
1732,33,Female,Asia,Low,PhD,Full-time Employee,7.98,152,144,141,260,6.0,7.022632774030532,2.1847387724963268,5.67917449624881,11.0,1.606042595539226,8.3,60.0,0,Tablet,62.0,34.3,0,1,1,3,1,2
1733,32,Male,South America,Low,Bachelor,Full-time Employee,5.0,108,281,70,91,4.0,8.398595510303867,3.0119800734332363,2.0,1.0,9.980789803219508,3.1,58.0,1,iPhone,65.0,26.8,1,5,1,0,1,3
1734,25,Male,Europe,Lower-Mid,Bachelor,Full-time Employee,8.44,161,570,91,0,2.0,7.5534096903774,2.943579681603882,1.0,7.0,3.146215049398402,5.7,32.0,0,Tablet,62.0,46.3,1,2,2,0,1,2
1735,22,Male,Europe,Lower-Mid,Bachelor,Student,7.71,102,167,258,82,4.0,7.903116418888143,2.0595846753657967,5.0,9.0,4.056617523979575,7.5,57.0,0,Tablet,73.0,28.7,1,2,2,0,3,2
1736,35,Female,Europe,High,PhD,Unemployed_Looking,8.05,171,184,28,102,5.0,6.4979310100914525,4.200928799219148,2.310327685209634,6.0,2.9478718997579176,9.3,64.0,0,Tablet,49.0,37.7,0,2,0,3,4,2
1737,38,Female,Asia,High,High School,Part-time/Shift,5.03,139,448,71,92,3.0,8.729153886515396,1.9387125631794824,8.877093565063468,10.0,1.0,8.5,31.0,0,Laptop,54.0,34.6,0,1,0,1,2,1
1738,29,Male,Middle East,Upper-Mid,Bachelor,Full-time Employee,6.3,126,108,128,59,1.0,7.439285734131924,3.855979581142443,3.0,11.0,4.2753642765232325,7.2,70.0,0,Android,54.0,27.1,1,3,3,0,1,0
1739,46,Female,North America,Low,Master,Caregiver/Home,4.48,78,212,25,132,1.0,9.37945317265312,4.954252233288014,8.256162867584854,4.0,1.0,8.1,73.0,0,Tablet,75.0,22.3,0,4,1,2,0,2
1740,24,Male,Africa,Low,Bachelor,Full-time Employee,9.53,208,518,62,13,4.0,6.607779326472821,5.0,2.0,8.0,1.7183600807857835,9.7,32.0,0,iPhone,82.0,50.9,1,0,1,0,1,3
1741,22,Male,Asia,High,Bachelor,Part-time/Shift,5.28,101,664,304,96,4.0,6.810696273721162,3.0950074614540504,2.0,3.0,5.8192018811500565,4.7,14.0,0,Android,64.0,35.8,1,1,0,0,2,0
1742,38,Male,North America,Lower-Mid,High School,Caregiver/Home,8.26,113,320,76,33,4.0,6.611619490437266,2.086600901549163,4.0,14.0,2.938820682464057,7.2,41.0,1,iPhone,63.0,36.5,1,4,2,1,0,3
1743,49,Female,North America,Low,Master,Caregiver/Home,6.42,85,321,65,178,4.0,8.584590223269062,3.9808212519666015,6.811366730484376,12.0,5.980048698915956,6.5,51.0,0,Android,66.0,30.7,0,4,1,2,0,0
1744,46,Male,South America,Upper-Mid,Bachelor,Full-time Employee,4.84,108,475,205,102,0.0,8.727656844396321,2.761677308824233,2.0,6.0,1.3799916597032378,8.4,5.0,0,Android,77.0,32.3,1,5,3,0,1,0
1745,40,Female,Europe,Lower-Mid,Master,Full-time Employee,13.01,259,268,224,97,3.0,5.255014399049393,1.0,16.070219277189665,18.0,6.965882302927901,3.8,35.0,0,Android,56.0,36.68415185296776,0,2,2,2,1,0
1746,30,Male,Asia,Lower-Mid,High School,Part-time/Shift,6.86,101,338,131,25,7.0,8.572589829109985,3.278591579958252,2.0,10.0,1.0,9.4,37.0,0,Tablet,67.0,31.8,1,1,2,1,2,2
1747,15,Female,Middle East,Lower-Mid,High School,Student,7.54,156,40,156,164,3.0,7.699107908266918,2.9278385560308906,4.313142754694496,7.0,5.1558750226455246,8.1,66.0,1,Laptop,75.0,29.0,0,3,2,1,3,1
1748,32,Female,Asia,Lower-Mid,PhD,Unemployed_Looking,10.3,187,820,59,0,3.0,6.377355518830073,1.0067395367574865,9.171134782718266,13.0,10.0,1.9,0.0,0,Android,70.0,62.2,0,1,2,3,4,0
1749,13,Male,Africa,Lower-Mid,High School,Part-time/Shift,6.01,158,181,56,175,3.0,5.897461965865627,2.923420187760604,4.0,8.0,1.1164474467123915,9.4,78.0,0,Laptop,67.0,29.1,1,0,2,1,2,1
1750,30,Male,Africa,Upper-Mid,High School,Part-time/Shift,6.84,130,145,329,48,3.0,7.291076790219797,4.07872265497523,2.0,8.0,4.992541436508737,8.3,51.0,0,Tablet,65.29930112427833,29.1,1,0,3,1,2,2
1751,24,Male,North America,Low,Master,Student,2.93,81,268,39,83,4.0,8.43759750452641,4.0576334725123,5.0,4.0,3.0168413720322067,6.2,54.0,0,iPhone,41.0,36.68415185296776,1,4,1,2,3,3
1752,16,Female,North America,Lower-Mid,High School,Student,8.14,162,164,170,125,5.0,7.976000426129551,3.070644309545326,3.378544629542848,8.0,9.835914475233343,0.2,85.0,0,Laptop,72.0,34.2,0,4,2,1,3,1
1753,39,Male,Asia,Low,High School,Caregiver/Home,10.53,184,306,54,78,0.0,6.77040454928934,1.7066866300344432,9.0,19.0,10.0,5.9,37.0,1,Laptop,58.0,47.8,1,1,1,1,0,1
1754,48,Male,Europe,Low,Master,Unemployed_Looking,6.96,121,461,53,0,6.0,7.959038470221778,3.1977875886169183,3.0,11.0,4.746975473384098,9.4,35.0,0,Android,47.0,39.2,1,2,1,2,4,0
1755,19,Male,South America,Low,High School,Unemployed_Looking,9.01,260,276,62,92,0.0,5.340537304608821,1.8530052766470524,8.0,11.0,1.3470991062969535,9.0,46.0,0,Laptop,70.0,47.8,1,5,1,1,4,1
1756,20,Female,South America,Lower-Mid,Bachelor,Part-time/Shift,3.75,101,173,112,70,2.0,8.356339345036657,2.847926283803901,4.113713872106285,8.0,4.07499216046438,6.1,62.0,0,Android,79.0,19.0,0,5,2,0,2,0
1757,25,Male,Europe,High,Bachelor,Full-time Employee,13.68,213,820,119,10,4.0,4.790607871724315,1.0461141551753237,14.0,19.0,9.92419570913182,2.9,0.0,1,Laptop,65.29930112427833,69.6,1,2,0,0,1,1
1758,28,Female,Africa,Upper-Mid,Master,Full-time Employee,10.11,248,206,150,95,4.0,5.433748367690541,1.0250335998446416,10.470430070214318,19.0,10.0,3.4,57.0,1,Laptop,75.0,48.3,0,0,3,2,1,1
1759,50,Male,South America,Upper-Mid,Master,Full-time Employee,9.96,233,234,207,35,3.0,6.596030238024126,1.9970032990202176,8.0,15.0,2.001961435920121,10.0,37.0,0,Android,81.0,49.2,1,5,3,2,1,0
1760,25,Female,Asia,Upper-Mid,Bachelor,Full-time Employee,3.43,40,106,53,28,1.0,7.979711609468645,2.7861769168623662,9.891282313041186,7.0,6.321772997611827,8.1,84.0,0,Android,78.0,11.8,0,1,3,0,1,0
1761,45,Female,Middle East,Lower-Mid,Bachelor,Unemployed_Looking,7.11,139,132,401,178,1.0,8.013775109506458,2.755318254240633,6.565825159172595,10.0,4.30927087025259,9.9,48.0,0,Laptop,81.0,31.4,0,3,2,0,4,1
1762,24,Male,South America,Lower-Mid,Bachelor,Full-time Employee,3.08,72,301,369,191,7.0,8.639859081738228,3.281814220138357,5.0,4.0,1.0,9.1,27.0,0,iPhone,72.0,18.8,1,5,2,0,1,3
1763,30,Female,Asia,Lower-Mid,Master,Full-time Employee,7.36,134,292,34,29,2.0,9.194535222376444,3.877186038977764,7.390058552629008,6.0,2.254896366763731,8.2,38.0,0,Tablet,66.0,34.7,0,1,2,2,1,2
1764,45,Male,Africa,Low,Master,Unemployed_Looking,9.09,89,106,3,193,4.0,7.097524377232174,2.0223127994566923,7.0,13.0,1.0,9.7,86.0,0,iPhone,49.0,32.1,1,0,1,2,4,3
1765,13,Male,North America,Low,High School,Student,15.21,300,157,182,96,3.0,4.066878395447083,1.0,16.070219277189665,22.5,7.158043249354164,3.8,56.0,0,Tablet,65.29930112427833,62.5,1,4,1,1,3,2
1766,32,Male,Middle East,High,Bachelor,Part-time/Shift,9.96,300,190,77,138,4.0,7.309202897363776,1.111159808231943,9.0,9.0,3.965496800739421,4.2,60.0,0,Tablet,57.0,52.8,1,3,0,0,2,2
1767,24,Male,Europe,High,Master,Student,3.96,58,333,207,118,5.0,7.986697157727627,4.115822651221276,4.0,8.0,7.822984510610851,4.1,33.0,0,Android,87.0,20.0,1,2,0,2,3,0
1768,33,Male,South America,High,Master,Full-time Employee,4.76,60,239,98,40,7.0,7.780586114148457,4.234872566004245,3.0,4.0,2.540203957402098,8.1,64.0,0,iPhone,63.0,21.2,1,5,0,2,1,3
1769,14,Female,Middle East,Low,High School,Student,7.85,141,248,121,116,4.0,7.239775455288581,4.0288192201479,6.893341959727424,6.0,1.92370582380534,5.6,58.0,0,Tablet,66.0,33.8,0,3,1,1,3,2
1770,19,Female,Europe,Lower-Mid,Bachelor,Part-time/Shift,3.6,147,164,55,275,5.0,6.491367147460385,4.13452644490792,5.034203887933625,4.0,1.0,9.7,43.0,0,Laptop,71.0,36.68415185296776,0,2,2,0,2,1
1771,40,Female,Asia,Upper-Mid,High School,Unemployed_Looking,5.71,82,268,77,48,3.0,6.462627767852044,2.905226892913567,6.473747098904696,3.0,6.9366157895250815,8.4,0.0,0,Laptop,65.0,36.68415185296776,0,1,3,1,4,1
1772,19,Male,Europe,Lower-Mid,Bachelor,Part-time/Shift,6.38,117,268,249,190,7.0,8.183397362675889,2.372877847128488,6.0,4.0,4.593818834011697,7.9,0.0,0,Laptop,82.0,36.68415185296776,1,2,2,0,2,1
1773,26,Female,South America,Lower-Mid,Master,Part-time/Shift,15.04,300,243,295,204,3.0,6.297862433072375,1.0154193486164482,16.070219277189665,19.0,9.972975245937388,0.8,22.0,1,Tablet,59.0,65.6,0,5,2,2,2,2
1774,29,Male,South America,Lower-Mid,Master,Full-time Employee,10.07,266,129,150,132,3.0,7.068370685461435,1.0435490119220736,9.0,14.0,1.0841588418634565,8.5,54.0,0,Android,67.0,48.0,1,5,2,2,1,0
1775,26,Male,South America,Lower-Mid,Bachelor,Full-time Employee,3.52,50,696,74,0,4.0,9.244052237476463,4.071531424612277,10.0,0.0,6.035269080274399,5.9,27.0,0,Laptop,58.0,28.6,1,5,2,0,1,1
1776,14,Male,Asia,Low,High School,Student,3.5,70,266,199,133,2.0,6.638049291886489,3.787470858637872,5.0,3.0,10.0,3.1,48.0,0,iPhone,52.0,18.3,1,1,1,1,3,3
1777,13,Female,South America,Lower-Mid,High School,Student,11.66,279,314,197,7,6.0,4.659298715438281,1.2884609913633347,16.070219277189665,12.0,3.854725544227475,3.1,50.0,1,Laptop,59.0,56.4,0,5,2,1,3,1
1778,34,Male,North America,Low,High School,Part-time/Shift,13.85,264,728,22,51,2.0,6.75073203986477,1.0,10.0,19.0,7.133508275723354,6.3,3.0,0,Android,65.0,72.54999999999998,1,4,1,1,2,0
1779,32,Female,Asia,Upper-Mid,Bachelor,Full-time Employee,11.49,179,475,143,144,3.0,6.573650996491812,1.0,13.341639061981455,6.0,9.959277789550072,9.2,40.0,1,Laptop,61.0,53.3,0,1,3,0,1,1
1780,21,Female,Africa,Upper-Mid,Bachelor,Full-time Employee,4.63,115,374,76,120,4.0,8.845122349409857,3.0597412755356648,2.4945877160263,6.0,3.9913870246327976,5.3,44.0,0,Laptop,58.0,28.1,0,0,3,0,1,1
1781,23,Female,Europe,Low,Bachelor,Part-time/Shift,3.59,89,73,123,65,3.0,8.897802479217129,1.040951867074642,9.570732275884495,9.0,1.00156314208475,0.2,57.0,0,Tablet,51.0,16.1,0,2,1,0,2,2
1782,22,Male,South America,Lower-Mid,Bachelor,Unemployed_Looking,13.04,251,62,178,155,5.0,6.332080095130308,1.1844740186322709,15.0,16.0,1.0,7.7,86.0,0,Android,64.0,51.6,1,5,2,0,4,0
1783,29,Female,Europe,Upper-Mid,High School,Part-time/Shift,2.31,48,688,170,1,4.0,6.3707752847997865,4.097239074346694,5.8201452523253385,2.0,1.898424382679177,8.4,0.0,0,iPhone,50.0,25.9,0,2,3,1,2,3
1784,48,Male,North America,Lower-Mid,High School,Caregiver/Home,12.13,200,287,87,239,2.0,6.763669565699949,1.0,14.0,20.0,5.078453323924973,4.1,50.0,0,Android,73.0,52.9,1,4,2,1,0,0
1785,29,Male,South America,Upper-Mid,High School,Part-time/Shift,13.75,311,181,55,109,4.0,5.537202338260251,2.035544642033287,16.070219277189665,15.0,9.988686404808297,3.4,55.0,1,iPhone,66.0,62.0,1,5,3,1,2,3
1786,21,Female,Europe,Low,High School,Part-time/Shift,4.47,120,399,145,61,7.0,8.084856455362722,5.0,5.758493781324543,0.0,4.588323955597575,8.5,27.0,1,Tablet,50.0,29.0,0,2,1,1,2,2
1787,34,Male,South America,High,High School,Part-time/Shift,5.77,103,153,401,106,3.0,6.567512341934763,1.0,5.0,11.0,1.0,8.9,40.0,1,Tablet,62.0,25.2,1,5,0,1,2,2
1788,37,Female,Asia,Upper-Mid,Master,Unemployed_Looking,11.15,240,98,86,63,5.0,5.548063863051799,1.1762755573011183,13.227950303465745,12.0,6.868338594024407,2.9,69.0,0,iPhone,57.0,48.6,0,1,3,2,4,3
1789,16,Male,North America,Low,High School,Student,7.09,145,95,169,5,4.0,5.85160781069607,2.093430901562654,1.0,9.0,8.834320054134242,5.9,59.0,0,Laptop,68.0,28.6,1,4,1,1,3,1
1790,14,Female,Asia,Lower-Mid,High School,Student,7.86,149,450,87,13,0.0,6.355729536754665,1.7619535100094954,7.234311372057423,12.0,6.264557260918166,6.3,32.0,0,Android,78.0,39.3,0,1,2,1,3,0
1791,45,Female,North America,Low,Master,Unemployed_Looking,11.38,246,820,98,211,3.0,6.519539484682152,1.0,12.42281869831734,16.0,10.0,1.5,0.0,1,iPhone,46.0,71.4,0,4,1,2,4,3
1792,40,Male,Europe,Low,PhD,Full-time Employee,7.09,115,808,33,138,2.0,8.73623823197506,1.89855514932824,0.0,12.0,10.0,4.7,0.0,0,Laptop,66.0,46.4,1,2,1,3,1,1
1793,43,Female,Asia,High,High School,Full-time Employee,5.21,50,709,316,0,5.0,7.220176639001623,4.126366967898016,10.408042145932535,0.0,6.6389381955329325,9.1,0.0,0,iPhone,63.0,34.4,0,1,0,1,1,3
1794,29,Female,North America,Low,Bachelor,Full-time Employee,5.47,64,281,40,125,3.0,7.831500789470614,1.9804416548291115,3.0,12.0,7.087108419142074,8.1,53.0,0,Tablet,72.0,23.7,0,4,1,0,1,2
1795,25,Female,Africa,Upper-Mid,Bachelor,Full-time Employee,7.31,179,282,139,138,3.0,8.475983114076598,2.9343241428138143,8.222503719998011,6.0,10.0,0.0,41.59859976662777,0,Android,67.0,37.6,0,0,3,0,1,0
1796,30,Female,South America,Low,Master,Full-time Employee,7.78,131,529,401,169,3.0,6.610895684983443,1.9058010792211733,9.588161530183928,13.0,1.0198670906541043,7.2,0.0,0,iPhone,57.0,41.7,0,5,1,2,1,3
1797,30,Female,Africa,Upper-Mid,Bachelor,Unemployed_Looking,4.28,54,282,227,144,5.0,8.81305102542958,3.154966585933403,2.5692064537398047,1.0,1.0,8.8,41.0,0,iPhone,62.0,20.4,0,0,3,0,4,3
1798,27,Female,North America,Low,Bachelor,Full-time Employee,4.58,50,327,68,69,1.0,9.227735777488144,2.794456021661015,7.204678956267454,4.0,10.0,0.4,52.0,0,Android,57.0,21.9,0,4,1,0,1,0
1799,35,Male,Europe,Low,Master,Caregiver/Home,8.06,223,118,123,84,7.0,7.482325221719343,2.320313598813548,4.0,9.0,1.0,10.0,63.0,0,Laptop,76.0,39.7,1,2,1,2,0,1
1800,39,Male,Asia,High,Bachelor,Unemployed_Looking,7.04,144,596,67,206,4.0,6.773043066792509,4.018379299453654,7.0,6.0,7.048855832181404,7.9,14.0,0,Tablet,65.0,43.4,1,1,0,0,4,2
1801,24,Female,South America,Lower-Mid,Master,Student,8.02,142,353,91,145,3.0,8.03232398049363,4.042835906765768,8.283828816430187,8.0,5.919181061920402,5.8,45.0,1,Tablet,84.0,37.4,0,5,2,2,3,2
1802,23,Female,Africa,Low,Master,Student,5.08,100,180,149,42,4.0,8.777838277321829,3.101978260466431,8.903472860501967,9.0,5.966356635550313,5.5,41.0,0,Android,64.0,23.0,0,0,1,2,3,0
1803,13,Male,North America,Lower-Mid,High School,Student,10.46,245,820,282,19,4.0,6.405928675457797,1.066766373765187,10.0,13.0,9.98213632252627,5.3,0.0,0,Laptop,58.0,72.54999999999998,1,4,2,1,3,1
1804,38,Male,Africa,Low,PhD,Unemployed_Looking,9.61,215,181,343,154,3.0,8.422122604186594,1.9613759540718367,6.0,16.0,3.976507359478484,8.1,20.0,0,Tablet,50.0,45.3,1,0,1,3,4,2
1805,32,Female,Europe,Upper-Mid,High School,Full-time Employee,14.03,268,615,338,334,4.0,5.491337395329018,1.0945454622278026,16.070219277189665,18.0,4.848867886593918,3.6,0.0,0,Laptop,65.29930112427833,70.8,0,2,3,1,1,1
1806,24,Male,Asia,Low,Bachelor,Part-time/Shift,7.12,140,233,326,0,6.0,8.170734494707396,2.23132169629328,4.0,11.0,3.7991148630917335,8.2,31.0,0,Tablet,49.0,33.1,1,1,1,0,2,2
1807,21,Female,Middle East,Lower-Mid,Bachelor,Part-time/Shift,10.63,178,347,60,122,1.0,7.104078183021687,2.8242002969441486,10.852491624067682,13.0,10.0,0.0,37.0,1,Android,68.0,46.7,0,3,2,0,2,0
1808,27,Male,Europe,Lower-Mid,Bachelor,Unemployed_Looking,7.76,186,123,385,191,2.0,7.991418687036983,1.944299001622357,2.0,11.0,2.0952592432141195,10.0,45.0,0,Android,70.0,35.3,1,2,2,0,4,0
1809,38,Male,North America,High,Bachelor,Full-time Employee,2.6,40,531,8,222,3.0,8.434765085997356,3.0433671824614668,2.0,2.0,5.108264217341934,8.0,12.0,0,Laptop,49.0,22.7,1,4,0,0,1,1
1810,22,Female,Africa,Lower-Mid,High School,Part-time/Shift,6.76,131,167,401,92,2.0,7.931713300946905,2.8295351719200994,5.371110934840102,8.0,1.0,9.8,63.0,1,Tablet,74.0,36.68415185296776,0,0,2,1,2,2
1811,26,Female,South America,Lower-Mid,PhD,Full-time Employee,3.82,56,217,125,167,5.0,8.605097221645483,4.07929045656716,6.043758957164274,0.0,6.680482290676804,6.8,55.0,0,Tablet,60.0,17.5,0,5,2,3,1,2
1812,28,Female,Africa,Upper-Mid,High School,Full-time Employee,7.53,120,186,192,177,2.0,7.257469499865564,2.8531426948704364,7.551294793563454,10.0,5.283557090038446,6.7,32.0,1,Laptop,66.0,31.0,0,0,3,1,1,1
1813,24,Female,Africa,Lower-Mid,Bachelor,Full-time Employee,11.18,235,255,266,112,3.0,7.331897794095225,1.0,8.951774175648122,18.0,5.9948786396427565,6.9,46.0,0,Laptop,81.0,50.4,0,0,2,0,1,1
1814,21,Male,Asia,Lower-Mid,Bachelor,Part-time/Shift,4.47,98,628,188,155,6.0,8.125380964305048,4.208556879252952,0.0,0.0,1.0,9.7,15.0,0,Laptop,74.0,32.2,1,1,2,0,2,1
1815,42,Female,North America,Lower-Mid,High School,Part-time/Shift,6.1,110,234,156,0,6.0,6.412960846294519,3.241700128293634,6.515772818731607,5.0,4.73820366614423,8.8,34.0,0,iPhone,62.0,29.4,0,4,2,1,2,3
1816,44,Female,Asia,Lower-Mid,High School,Part-time/Shift,6.67,150,103,0,54,0.0,7.436405807212475,2.7313155292032434,8.941516808020197,5.0,2.4068242184925124,9.6,69.0,0,Tablet,56.0,31.1,0,1,2,1,2,2
1817,47,Male,Africa,Lower-Mid,High School,Full-time Employee,6.71,147,667,135,136,4.0,8.841525256626017,3.025218936257248,4.0,6.0,3.0876549855194604,5.4,17.0,0,Laptop,43.0,46.0,1,0,2,1,1,1
1818,31,Female,Africa,High,High School,Full-time Employee,6.41,129,159,109,188,3.0,7.549673075817448,1.0283632625975925,4.5218087930135,14.0,1.0,3.2,70.0,0,Laptop,58.0,36.68415185296776,0,0,0,1,1,1
1819,16,Female,Europe,Lower-Mid,High School,Student,4.17,123,54,401,16,5.0,7.456975038979023,5.0,7.460903492789045,7.0,5.890329960801208,6.5,33.0,1,Laptop,63.0,19.0,0,2,2,1,3,1
1820,14,Female,Europe,Lower-Mid,High School,Student,7.43,165,222,401,190,4.0,8.474769536903018,3.069074166706209,6.693365642265247,13.0,1.0,9.8,13.0,0,iPhone,55.0,34.5,0,2,2,1,3,3
1821,28,Female,Africa,Upper-Mid,High School,Full-time Employee,2.47,58,166,98,105,6.0,8.861935149782303,3.269406045776397,8.778461406534438,6.0,1.0,9.2,60.0,0,Laptop,64.0,13.3,0,0,3,1,1,1
1822,35,Female,Asia,Lower-Mid,Bachelor,Full-time Employee,7.4,142,231,15,72,4.0,7.637256543146698,3.0457629213953363,6.029196036846466,14.0,8.99374853780144,3.5,62.0,0,Android,66.0,34.3,0,1,2,0,1,0
1823,29,Female,Asia,Upper-Mid,High School,Full-time Employee,5.96,111,228,32,37,0.0,7.742294799099858,3.835397147582094,6.525507155184339,9.0,7.43155999614311,3.1,59.0,0,iPhone,63.0,27.8,0,1,3,1,1,3
1824,18,Female,Europe,Low,Bachelor,Student,3.75,87,138,110,64,4.0,7.10140943365655,4.029534268144305,6.483201497029363,3.0,9.820209619417184,2.9,59.0,0,Laptop,58.0,17.3,0,2,1,0,3,1
1825,16,Female,Middle East,Lower-Mid,High School,Student,14.85,316,430,65,170,3.0,6.301543664146456,1.0719377849667795,16.070219277189665,18.0,10.0,5.3,65.0,1,Tablet,67.0,70.5,0,3,2,1,3,2
1826,43,Female,Asia,Lower-Mid,High School,Unemployed_Looking,5.55,45,294,229,184,0.0,7.733552718326211,2.683649684855239,9.343085419545703,5.0,10.0,0.0,25.0,0,Laptop,69.0,24.0,0,1,2,1,4,1
1827,44,Male,Africa,Lower-Mid,Master,Caregiver/Home,8.94,175,227,214,25,2.0,7.329207263680572,2.9180299762883983,1.0,10.0,4.052967055975063,9.4,38.0,0,iPhone,54.0,41.9,1,0,2,2,0,3
1828,17,Female,Middle East,Low,High School,Student,5.53,96,355,155,70,2.0,7.312004191088442,2.8600291227040646,7.962347030340805,5.0,10.0,2.4,40.0,0,Laptop,79.0,27.1,0,3,1,1,3,1
1829,22,Female,North America,Low,Bachelor,Full-time Employee,13.85,242,466,286,215,4.0,3.8742382921262744,1.1079033241869474,16.070219277189665,20.0,10.0,0.2,27.0,1,Laptop,64.0,63.0,0,4,1,0,1,1
1830,34,Male,Asia,Upper-Mid,High School,Unemployed_Looking,5.38,59,310,99,46,1.0,8.681299939077356,2.788359457154697,1.0,4.0,1.0,9.9,43.0,0,Tablet,65.0,24.4,1,1,3,1,4,2
1831,39,Female,Middle East,Upper-Mid,High School,Full-time Employee,6.16,127,204,122,256,2.0,7.565587115847824,2.9066992906765807,5.895096312714568,6.0,10.0,0.0,61.0,1,Tablet,72.0,29.6,0,3,3,1,1,2
1832,14,Male,Asia,Low,High School,Student,6.75,113,145,140,194,6.0,9.14488327890576,3.1791672057293305,2.0,6.0,1.0,10.0,63.0,0,Tablet,67.0,26.2,1,1,1,1,3,2
1833,36,Female,Africa,Low,Bachelor,Caregiver/Home,10.81,230,460,232,52,2.0,7.490768613332331,1.9390169898277072,10.63298343404112,12.0,4.119766907068927,6.6,16.0,1,Laptop,75.0,55.6,0,0,1,0,0,1
1834,42,Male,Africa,Low,Bachelor,Full-time Employee,7.74,105,524,54,81,5.0,6.700762454711643,3.099022098902694,4.0,8.0,9.729978847052678,6.418568102444702,14.0,0,Android,68.0,40.1,1,0,1,0,1,0
1835,33,Female,North America,Upper-Mid,Bachelor,Full-time Employee,15.321028152585416,224,272,22,163,4.0,5.418961913502055,1.136095760575026,16.070219277189665,22.0,9.897387855397078,5.4,60.0,0,iPhone,59.0,61.2,0,4,3,0,1,3
1836,46,Male,Africa,Lower-Mid,Bachelor,Part-time/Shift,8.01,114,303,25,135,3.0,5.662744763113221,2.922240519393065,0.0,10.0,2.146942847049616,8.7,65.0,0,iPhone,69.0,36.2,1,0,2,0,2,3
1837,24,Male,Asia,Lower-Mid,Bachelor,Student,2.25,65,250,166,41,5.0,9.279606809672162,4.064528266018244,6.0,3.0,2.8299229838515427,9.5,48.0,0,iPhone,54.0,15.4,1,1,2,0,3,3
1838,26,Female,Asia,Upper-Mid,Bachelor,Student,8.77,163,268,296,149,4.0,7.183906036548189,2.099502622241847,3.7152164137968295,10.0,1.0852193029406436,9.8,49.0,0,iPhone,66.0,36.68415185296776,0,1,3,0,3,3
1839,17,Female,Asia,Low,High School,Student,14.2,270,159,242,114,4.0,5.812861086118442,1.022342836324717,16.070219277189665,18.0,9.989801436317116,6.418568102444702,51.0,1,Tablet,65.0,57.9,0,1,1,1,3,2
1840,47,Female,Middle East,Lower-Mid,Bachelor,Caregiver/Home,5.99,128,820,71,0,3.0,8.660035944842832,2.9716785090686577,5.589837434845845,6.0,1.985694785433675,8.8,0.0,0,iPhone,63.0,55.7,0,3,2,0,0,3
1841,29,Female,Africa,Lower-Mid,PhD,Part-time/Shift,8.82,176,260,67,0,1.0,6.04898355092387,1.7961590298558323,10.520727572538837,11.0,1.254391320960382,8.1,53.0,0,iPhone,64.0,40.8,0,0,2,3,2,3
1842,29,Male,Middle East,Lower-Mid,Bachelor,Part-time/Shift,5.01,90,302,116,141,1.0,8.381453623610224,2.746640674189984,7.0,6.0,10.0,2.7,62.0,0,Android,46.0,26.1,1,3,2,0,2,0
1843,37,Female,South America,High,Bachelor,Full-time Employee,3.57,36,470,157,188,6.0,8.206883380442221,5.0,10.089588414472823,6.0,9.66426628350622,1.3,23.0,0,Laptop,60.0,22.7,0,5,0,0,1,1
1844,43,Male,Middle East,High,Bachelor,Full-time Employee,6.62,150,99,91,45,1.0,7.768198393598333,3.8755168822962336,2.0,13.0,1.0,8.7,81.0,0,Laptop,66.0,30.6,1,3,0,0,1,1
1845,34,Female,Middle East,Low,PhD,Part-time/Shift,6.84,156,256,196,149,7.0,5.453505162888432,2.3417357992934456,5.849389015325527,8.0,4.692718028631815,9.5,42.0,1,Laptop,67.0,34.8,0,3,1,3,2,1
1846,26,Female,North America,Low,Bachelor,Full-time Employee,4.49,43,92,401,0,3.0,8.67344008177422,3.983630012872431,10.062545493986963,4.0,5.106167339465688,6.9,46.0,0,Android,55.0,15.0,0,4,1,0,1,0
1847,23,Female,Asia,Lower-Mid,Bachelor,Full-time Employee,11.64,278,561,181,40,3.0,7.911691676382317,1.02765378939289,16.070219277189665,16.0,1.0,7.6,7.0,0,iPhone,78.0,62.9,0,1,2,0,1,3
1848,24,Male,North America,Low,Bachelor,Full-time Employee,4.07,51,820,319,122,6.0,7.220429405632763,3.1587183762967004,0.0,7.0,1.0,9.8,0.0,0,Android,56.0,33.3,1,4,1,0,1,0
1849,20,Male,Asia,Lower-Mid,Bachelor,Student,5.19,111,323,52,35,4.0,8.998542936512303,2.0356523018926427,6.0,8.0,1.0,8.5,57.0,0,Android,75.0,27.2,1,1,2,0,3,0
1850,47,Male,Europe,Lower-Mid,Bachelor,Full-time Employee,11.21,185,506,110,0,1.0,6.417795067779393,1.8320613345841288,6.0,17.0,9.400834919751798,1.5,17.0,1,Android,69.0,55.1,1,2,2,0,1,0
1851,20,Male,North America,Lower-Mid,High School,Full-time Employee,4.67,142,157,58,126,2.0,7.232409935162486,3.885634989803521,4.0,8.0,6.290441490346041,7.1,68.0,0,Tablet,59.0,36.68415185296776,1,4,2,1,1,2
1852,45,Male,Europe,High,High School,Full-time Employee,4.92,59,493,28,36,3.0,8.601081788376701,3.9596992082173066,8.0,4.0,9.918952357297352,0.8,38.0,0,Android,83.0,28.5,1,2,0,1,1,0
1853,20,Female,North America,Low,Bachelor,Student,8.79,157,426,401,151,3.0,6.923894091115327,1.0,2.038719610523436,13.0,1.0,6.6,15.0,0,Android,53.0,42.9,0,4,1,0,3,0
1854,22,Female,Asia,Upper-Mid,Bachelor,Student,3.64,85,278,111,271,0.0,7.568676312125795,3.6283193745187248,7.75330605583167,3.0,1.2765150494950956,9.2,64.0,0,iPhone,74.0,20.3,0,1,3,0,3,3
1855,22,Female,Africa,Low,Bachelor,Student,5.95,87,536,104,190,0.0,8.910866937875138,3.773279765198342,4.155446710032507,3.0,4.281302823265592,8.1,26.0,0,iPhone,75.0,32.6,0,0,1,0,3,3
1856,30,Male,Asia,Lower-Mid,PhD,Full-time Employee,6.72,151,450,113,116,3.0,6.937527206175116,2.9842014534037458,4.0,5.0,3.0631556894859853,9.6,29.0,0,Tablet,58.0,38.8,1,1,2,3,1,2
1857,28,Female,Europe,High,Master,Full-time Employee,5.6,101,180,248,110,1.0,7.788338549907993,1.857371006458123,3.379742655323116,11.0,1.0,4.5,46.0,0,Android,79.0,24.3,0,2,0,2,1,0
1858,28,Female,Asia,High,Master,Full-time Employee,4.12,95,551,158,202,2.0,7.738909545289576,2.8702939340364577,8.058670373019034,8.0,6.309600241735167,10.0,30.0,0,iPhone,62.0,30.2,0,1,0,2,1,3
1859,23,Male,Africa,Low,Bachelor,Part-time/Shift,4.65,182,199,185,96,3.0,5.64969326379252,3.936401480499755,6.0,1.0,1.1896538909116847,8.2,39.0,0,Laptop,68.0,29.3,1,0,1,0,2,1
1860,24,Male,Europe,Upper-Mid,Master,Student,6.16,111,252,130,149,5.0,6.905248705545674,3.132137060266482,4.0,6.0,5.823736856560809,8.3,52.0,0,Laptop,68.0,28.3,1,2,3,2,3,1
1861,35,Male,Asia,Upper-Mid,High School,Full-time Employee,3.81,52,200,21,213,3.0,7.834600362518192,4.014750357171775,10.0,3.0,7.193705597637137,6.2,60.0,0,Laptop,64.0,17.5,1,1,3,1,1,1
1862,37,Male,Africa,High,Bachelor,Part-time/Shift,5.49,145,184,19,286,2.0,8.554580230646353,2.8805831203949936,2.0,14.0,1.0,9.7,56.0,0,Tablet,73.0,28.9,1,0,0,0,2,2
1863,26,Female,Asia,Low,Bachelor,Full-time Employee,12.77,260,277,206,79,2.0,5.136056306195957,1.0,16.070219277189665,15.0,10.0,0.0,34.0,1,iPhone,73.0,57.3,0,1,1,0,1,3
1864,26,Male,Europe,Low,Bachelor,Part-time/Shift,3.22,105,479,112,138,0.0,6.692313239822119,4.682071043671206,1.0,1.0,7.196080847210141,9.7,23.0,0,iPhone,48.0,27.4,1,2,1,0,2,3
1865,25,Male,North America,High,Bachelor,Full-time Employee,10.25,224,820,190,0,0.0,5.301282883997308,2.724314087292367,7.0,12.0,9.339380603935329,3.2,0.0,1,Android,78.0,63.6,1,4,0,0,1,0
1866,13,Female,Africa,Lower-Mid,High School,Student,4.37,136,158,115,201,1.0,5.954271461824593,3.8087653803437167,3.891403810783684,6.0,5.198735446116898,9.1,57.0,0,Laptop,48.0,23.3,0,0,2,1,3,1
1867,29,Male,Africa,Upper-Mid,Bachelor,Full-time Employee,3.8,82,659,103,46,1.0,7.9195869997069295,3.8735905847437135,3.0,0.0,10.0,0.4,6.0,0,Laptop,75.0,30.9,1,0,3,0,1,1
1868,17,Female,Africa,Low,High School,Student,14.38,316,342,401,265,3.0,5.2999027303828505,1.0,16.070219277189665,22.5,10.0,0.3,0.0,1,iPhone,76.0,66.5,0,0,1,1,3,3
1869,35,Male,Middle East,High,Bachelor,Unemployed_Looking,8.69,119,479,124,334,2.0,8.074554726223788,2.9794596070590864,6.0,12.0,9.148833771186103,10.0,33.0,0,Android,54.0,42.1,1,3,0,0,4,0
1870,46,Male,Africa,Upper-Mid,High School,Full-time Employee,6.92,110,117,66,150,1.0,8.628649793598887,1.744886847550244,4.0,12.0,1.2921999959135086,9.9,69.0,0,Android,65.29930112427833,28.8,1,0,3,1,1,0
1871,19,Female,Asia,Low,High School,Part-time/Shift,5.37,133,583,401,0,1.0,8.941308800087647,3.818767032768182,4.368538361512118,7.0,1.0,9.2,0.0,0,Laptop,54.0,36.6,0,1,1,1,2,1
1872,29,Female,South America,High,High School,Part-time/Shift,12.59,205,166,47,97,0.0,5.730138474338678,1.0,6.755343776145146,20.0,9.389726896937765,4.8,69.0,1,iPhone,63.0,49.9,0,5,0,1,2,3
1873,23,Female,North America,High,Bachelor,Full-time Employee,11.79,301,358,212,176,5.0,7.292083010752361,2.162814321813994,16.070219277189665,19.0,8.789084491845772,3.4,27.0,1,Tablet,62.0,60.6,0,4,0,0,1,2
1874,28,Male,Europe,High,Bachelor,Part-time/Shift,6.64,143,72,401,3,2.0,7.383042612631661,2.851487734321932,3.0,8.0,4.15979093446326,0.7,36.0,0,iPhone,73.0,27.7,1,2,0,0,2,3
1875,27,Male,North America,Lower-Mid,Bachelor,Unemployed_Looking,7.17,170,728,203,109,4.0,7.527899066833743,2.1361473353084346,0.0,0.0,6.007359429834718,6.5,0.0,0,Tablet,78.0,47.7,1,4,2,0,4,2
1876,32,Male,Europe,Lower-Mid,Master,Full-time Employee,5.71,100,438,173,0,5.0,9.620410886188274,3.132457859008239,4.0,10.0,1.0,9.9,11.0,0,Laptop,79.0,31.5,1,2,2,2,1,1
1877,33,Female,North America,Upper-Mid,PhD,Part-time/Shift,13.9,182,473,86,46,1.0,5.182543119287721,1.0,16.070219277189665,16.0,10.0,0.0,41.0,1,iPhone,59.0,59.3,0,4,3,3,2,3
1878,32,Female,North America,Upper-Mid,Bachelor,Full-time Employee,10.94,253,120,147,0,6.0,5.016243684311357,1.2108930560107285,8.717981026794192,13.0,6.708258187235812,6.1,71.0,0,Laptop,63.0,49.2,0,4,3,0,1,1
1879,23,Female,North America,Low,Master,Full-time Employee,5.59,149,91,84,0,3.0,6.837741126880871,3.956382298597129,11.5689329761869,0.0,9.996137982619503,4.2,59.0,0,Android,48.0,26.5,0,4,1,2,1,0
1880,22,Female,Middle East,Lower-Mid,High School,Full-time Employee,2.84,68,373,65,61,0.0,8.454941480144676,4.871548201063226,7.9659104723992415,4.0,1.0,8.8,20.0,0,Laptop,57.0,19.9,0,3,2,1,1,1
1881,27,Male,Asia,Lower-Mid,Bachelor,Full-time Employee,10.9,250,258,126,109,2.0,6.84241757262307,2.944652911120627,4.0,9.0,10.0,7.8,54.0,0,Tablet,75.0,51.6,1,1,2,0,1,2
1882,15,Male,Africa,Lower-Mid,High School,Student,6.7,153,224,76,6,3.0,9.126811666442771,3.9745234425265457,0.0,6.0,1.0,8.7,35.0,0,Laptop,81.0,31.2,1,0,2,1,3,1
1883,27,Female,Europe,Low,Master,Full-time Employee,8.21,150,229,82,168,4.0,8.059833162173405,3.0463291840779325,4.146331117106017,5.0,3.8739731115799776,1.8,50.0,0,Laptop,53.0,36.6,0,2,1,2,1,1
1884,50,Female,Asia,Low,PhD,Unemployed_Looking,4.21,82,292,238,102,2.0,6.307500288681773,3.9397085742684497,3.5486410457664133,5.0,2.2311567913892687,9.3,43.0,0,iPhone,59.0,24.9,0,1,1,3,4,3
1885,13,Male,Asia,Low,High School,Student,2.26,50,621,231,114,6.0,7.1141169254515,5.0,4.0,0.0,1.0,9.6,2.0,0,iPhone,65.0,22.3,1,1,1,1,3,3
1886,35,Male,Asia,High,High School,Full-time Employee,6.43,110,820,102,199,5.0,6.812856403654148,1.9862321659686184,2.0,11.0,1.8610574153578163,8.6,0.0,0,Laptop,68.0,47.9,1,1,0,1,1,1
1887,19,Male,South America,Low,Bachelor,Full-time Employee,6.25,190,233,115,205,1.0,9.449215903672972,1.844420745284285,4.0,6.0,2.4083616247015813,8.6,54.0,0,Android,57.0,34.6,1,5,1,0,1,0
1888,26,Female,Asia,Upper-Mid,High School,Part-time/Shift,13.86,231,224,65,277,1.0,5.572806358598021,1.0,15.24148681924391,8.0,10.0,5.9,53.0,1,iPhone,69.0,56.1,0,1,3,1,2,3
1889,23,Male,Asia,Upper-Mid,Bachelor,Part-time/Shift,6.47,174,177,132,200,0.0,7.811618914534967,2.666829252861511,7.0,4.0,1.0,6.9,51.0,0,Android,60.0,32.6,1,1,3,0,2,0
1890,41,Male,Asia,Low,Master,Caregiver/Home,3.7,72,31,100,252,6.0,9.08309173176576,4.255705012512618,2.0,10.0,7.851449252685572,1.3,73.0,0,Tablet,65.0,15.1,1,1,1,2,0,2
1891,23,Male,Europe,Low,Bachelor,Full-time Employee,9.73,151,231,102,47,2.0,5.189948977112604,1.0044651318222897,3.0,10.0,4.225967683277398,0.8,45.0,0,iPhone,70.0,39.4,1,2,1,0,1,3
1892,43,Male,Asia,Upper-Mid,Bachelor,Full-time Employee,3.87,39,820,135,151,1.0,9.942291828448615,3.840110884889008,3.0,2.0,10.0,0.2,0.0,0,Laptop,65.0,42.7,1,1,3,0,1,1
1893,14,Male,Middle East,Lower-Mid,High School,Student,6.68,137,155,173,108,2.0,9.087700155311651,3.94717715325722,4.0,7.0,5.195160979194053,4.8,61.0,0,iPhone,61.0,28.5,1,3,2,1,3,3
1894,31,Male,Middle East,Upper-Mid,Bachelor,Full-time Employee,3.44,41,596,252,157,5.0,7.703568578952511,2.222015616532872,4.0,7.0,3.721263496636305,9.2,10.0,0,Android,64.0,25.4,1,3,3,0,1,0
1895,17,Male,Africa,Lower-Mid,High School,Student,3.04,79,317,44,23,4.0,8.306366156580593,5.0,2.0,0.0,1.0,9.5,41.59859976662777,0,Laptop,64.0,19.2,1,0,2,1,3,1
1896,25,Male,Africa,Upper-Mid,Bachelor,Full-time Employee,3.47,123,521,248,149,3.0,7.301230355742204,1.8791618024827887,0.0,11.0,5.9889054858146,8.8,4.0,0,Laptop,61.0,30.0,1,0,3,0,1,1
1897,13,Male,Africa,Lower-Mid,High School,Student,4.35,99,196,94,3,3.0,7.91925024579055,3.00488367790661,4.0,8.0,4.216528469959097,8.6,59.0,0,Android,62.0,20.7,1,0,2,1,3,0
1898,13,Male,Europe,Lower-Mid,High School,Student,1.7,59,414,79,191,1.0,9.893466886917931,3.799890510725546,7.0,0.0,1.0,8.0,33.0,0,iPhone,81.0,16.0,1,2,2,1,3,3
1899,27,Male,Asia,Low,PhD,Part-time/Shift,6.16,147,231,83,121,4.0,8.31083283080824,2.9832163457193155,7.0,1.0,1.0,8.5,47.0,0,Tablet,71.0,31.0,1,1,1,3,2,2
1900,14,Male,Africa,Lower-Mid,High School,Student,10.62,274,200,125,158,7.0,6.308547274298511,1.2876704523213776,10.0,16.0,2.527714389409192,5.0,41.0,0,Laptop,62.0,50.6,1,0,2,1,3,1
1901,21,Female,Europe,Lower-Mid,Bachelor,Full-time Employee,9.45,129,341,143,152,2.0,5.290746835566086,1.928533099833908,10.946320002274271,9.0,1.1885772994286257,8.7,45.0,0,Laptop,72.0,39.5,0,2,2,0,1,1
1902,26,Female,Africa,Upper-Mid,Bachelor,Full-time Employee,8.67,151,163,99,53,4.0,7.216510374328922,3.044476435099675,10.862425346120109,14.0,8.942176353629653,1.0,68.0,0,Android,62.0,35.7,0,0,3,0,1,0
1903,50,Male,Africa,Low,High School,Part-time/Shift,6.28,118,547,257,155,1.0,7.28293523069534,1.7729297060108664,3.0,8.0,6.337245934765301,7.4,0.0,0,Laptop,77.0,38.8,1,0,1,1,2,1
1904,32,Female,North America,Upper-Mid,Master,Full-time Employee,5.64,90,363,76,213,5.0,7.387078371379905,3.1206343089198256,7.854268341950038,6.0,4.877954557373321,2.5,41.0,0,Laptop,69.0,28.8,0,4,3,2,1,1
1905,20,Female,Europe,Low,Bachelor,Full-time Employee,8.91,143,216,65,107,2.0,6.667307286271083,2.891181907879309,0.1585347468164601,15.0,1.0333611707362391,6.418568102444702,53.0,1,Tablet,64.0,36.68415185296776,0,2,1,0,1,2
1906,44,Male,South America,Lower-Mid,Bachelor,Caregiver/Home,11.26,170,183,54,220,4.0,7.403612519318791,1.0,6.0,11.0,9.866184420615314,0.0,69.0,1,Laptop,69.0,45.4,1,5,2,0,0,1
1907,17,Male,North America,Lower-Mid,High School,Student,10.23,189,165,186,118,5.0,4.102090604916178,3.124670914276116,8.0,14.0,9.933480083949195,7.7,74.0,1,Tablet,49.0,42.2,1,4,2,1,3,2
1908,24,Male,North America,Low,Bachelor,Full-time Employee,6.18,155,199,107,158,4.0,7.34244665919388,2.9847079947306483,5.0,4.0,1.0,8.3,61.0,0,Laptop,54.0,31.1,1,4,1,0,1,1
1909,37,Female,Asia,High,PhD,Part-time/Shift,9.93,188,175,185,58,1.0,6.2014782118392695,1.845222385148673,8.95457682937964,19.0,1.345312562044617,7.0,55.0,0,Tablet,53.0,43.4,0,1,0,3,2,2
1910,37,Male,Europe,High,Master,Full-time Employee,8.22,113,296,175,118,4.0,6.407047378520861,2.973872889558554,1.0,12.0,9.918792166382918,3.8,41.59859976662777,0,Android,66.0,35.7,1,2,0,2,1,0
1911,21,Female,Asia,Upper-Mid,Bachelor,Student,13.02,225,272,174,0,2.0,6.435866831280613,1.0,16.070219277189665,14.0,6.066379844211083,2.6,49.0,0,Android,82.0,54.1,0,1,3,0,3,0
1912,39,Female,North America,Low,Bachelor,Caregiver/Home,6.98,99,207,131,116,3.0,4.233125008110206,1.9515821212804376,6.0998075287230415,11.0,10.0,0.0,54.0,0,Tablet,87.0,28.8,0,4,1,0,0,2
1913,28,Female,Europe,Upper-Mid,Bachelor,Full-time Employee,4.96,118,155,80,117,6.0,7.797971477529823,2.1845455201928083,8.30130409732764,6.0,1.6402969423141456,9.4,62.0,0,Android,71.0,23.8,0,2,3,0,1,0
1914,33,Female,Europe,Upper-Mid,High School,Full-time Employee,5.23,151,271,347,111,1.0,8.92075068166374,3.826993817412717,5.0,8.0,1.0,8.3,34.0,1,iPhone,70.0,30.7,0,2,3,1,1,3
1915,37,Male,Africa,Low,Bachelor,Full-time Employee,6.67,117,53,38,144,5.0,8.267755660883404,1.0885079396734814,6.0,13.0,1.840327840612352,7.7,77.0,0,Tablet,47.0,26.7,1,0,1,0,1,2
1916,24,Male,Africa,Upper-Mid,Bachelor,Unemployed_Looking,5.44,95,194,146,163,2.0,7.397068811131516,3.90609301885088,2.0,0.0,1.1847207657036862,9.7,70.0,0,Laptop,60.0,23.9,1,0,3,0,4,1
1917,25,Female,Africa,Lower-Mid,Master,Part-time/Shift,9.76,208,140,36,102,3.0,5.365818650593505,1.0,6.3257127577769765,10.0,5.91006419448481,8.5,84.0,0,Laptop,57.0,42.6,0,0,2,2,2,1
1918,22,Male,Asia,Low,Bachelor,Student,3.22,96,255,56,97,1.0,7.336628819699434,2.78443436193138,5.0,1.0,1.0,8.6,47.0,0,Laptop,59.0,20.2,1,1,1,0,3,1
1919,43,Female,Asia,Upper-Mid,Master,Full-time Employee,6.1,90,217,21,74,2.0,8.860156326346843,2.912423439610833,10.605100345677858,4.0,4.096863099629385,10.0,56.0,0,iPhone,63.0,27.3,0,1,3,2,1,3
1920,49,Female,Asia,Low,Bachelor,Unemployed_Looking,12.7,143,214,52,106,1.0,6.558852186212694,1.0,16.070219277189665,22.0,10.0,4.4,40.0,0,Android,60.0,48.0,0,1,1,0,4,0
1921,42,Female,North America,Lower-Mid,Bachelor,Unemployed_Looking,8.42,107,590,145,222,2.0,7.204379605216486,1.8289388660562589,8.0,7.0,3.1544071280048107,8.3,15.0,0,iPhone,45.0,44.2,0,4,2,0,4,3
1922,19,Female,Europe,Low,High School,Student,8.75,183,351,169,0,6.0,6.802527756745048,3.2241055809019263,5.074052739605797,8.0,1.6737047761429842,8.4,42.0,1,Tablet,65.29930112427833,42.5,0,2,1,1,3,2
1923,29,Male,Europe,Upper-Mid,Bachelor,Full-time Employee,2.84,57,74,171,137,6.0,8.325550101263488,5.0,4.0,5.0,3.828311965545855,7.7,64.0,0,iPhone,65.29930112427833,12.1,1,2,3,0,1,3
1924,46,Female,North America,Low,Master,Unemployed_Looking,3.14,59,152,60,0,2.0,8.95646946493954,2.900590368384846,8.08048937175833,5.0,1.0,9.0,65.0,0,Android,65.29930112427833,16.1,0,4,1,2,4,0
1925,31,Male,Asia,High,High School,Part-time/Shift,5.81,133,268,401,323,2.0,7.987960784706329,2.908537692980448,4.0,0.0,5.238338621989528,8.2,21.0,1,iPhone,86.0,36.68415185296776,1,1,0,1,2,3
1926,21,Male,South America,Upper-Mid,Bachelor,Full-time Employee,7.95,204,404,309,190,1.0,7.118287306233131,2.815139865237968,6.0,16.0,5.210712400963952,7.9,27.0,0,Laptop,56.0,44.3,1,5,3,0,1,1
1927,46,Male,North America,Upper-Mid,PhD,Unemployed_Looking,8.42,143,198,0,49,1.0,8.135548709361403,1.0,5.0,10.0,1.1733053098096298,8.9,82.0,0,Laptop,41.0,37.8,1,4,3,3,4,1
1928,19,Female,Europe,Low,Bachelor,Student,7.03,125,178,67,109,3.0,6.027150077072078,2.976912189090068,6.106307325250228,6.0,1.0438418946962031,9.5,58.0,0,Laptop,62.0,29.3,0,2,1,0,3,1
1929,40,Male,South America,Lower-Mid,PhD,Full-time Employee,4.08,97,68,70,0,6.0,9.017321465849896,4.111329110547644,5.0,1.0,1.0,9.8,80.0,0,Laptop,76.0,18.7,1,5,2,3,1,1
1930,40,Male,Middle East,High,Bachelor,Full-time Employee,7.26,86,415,170,13,2.0,7.415234653038313,3.804761501411284,1.0,4.0,2.095086505480296,9.0,20.0,0,Laptop,85.0,33.9,1,3,0,0,1,1
1931,34,Female,Asia,Upper-Mid,High School,Full-time Employee,8.16,114,187,43,86,1.0,9.621709980336409,1.9086685465597224,11.686654909763424,12.0,7.156246460869819,8.3,74.0,0,Laptop,53.0,32.9,0,1,3,1,1,1
1932,21,Female,North America,Upper-Mid,Bachelor,Student,6.01,82,820,25,272,4.0,6.958885196430912,4.051928611690836,7.922520352327042,5.0,5.927445204674697,3.9,0.0,0,Tablet,70.0,43.7,0,4,3,0,3,2
1933,40,Male,Asia,Lower-Mid,PhD,Caregiver/Home,9.23,152,474,14,306,4.0,5.793847268130115,3.099437100923748,4.0,15.0,9.898441086195945,7.8,10.0,0,iPhone,60.0,46.3,1,1,2,3,0,3
1934,21,Female,South America,Lower-Mid,Bachelor,Full-time Employee,10.21,228,156,156,45,4.0,5.460792197925764,3.034639823056539,8.409490913928696,12.0,6.985834405179184,6.3,49.0,0,Android,64.0,45.2,0,5,2,0,1,0
1935,29,Female,Africa,Lower-Mid,Master,Unemployed_Looking,9.57,223,102,401,33,1.0,8.133254425540503,1.0,4.02892237672326,14.0,1.0,9.9,39.0,0,Laptop,89.0,41.8,0,0,2,2,4,1
1936,23,Male,Middle East,Upper-Mid,Bachelor,Unemployed_Looking,10.83,256,534,41,125,6.0,5.912213432310693,1.189026072817867,12.0,8.0,7.805804910391939,3.7,35.0,1,Android,50.0,59.3,1,3,3,0,4,0
1937,24,Female,South America,Low,Bachelor,Student,14.22,263,758,282,115,4.0,6.314893577872455,1.175221384910961,16.070219277189665,21.0,6.83002299806574,1.8,0.0,0,iPhone,68.0,72.54999999999998,0,5,1,0,3,3
1938,13,Female,South America,Lower-Mid,High School,Part-time/Shift,2.7,39,175,71,84,5.0,9.546464204542843,3.144471783052858,9.73410010383635,8.0,3.856338448702623,4.8,62.0,0,Laptop,70.0,10.9,0,5,2,1,2,1
1939,25,Male,North America,Upper-Mid,Bachelor,Part-time/Shift,8.47,173,315,196,216,3.0,6.132734907767302,2.945297479465825,4.0,2.0,4.97908224384646,7.7,19.0,0,Tablet,76.0,40.5,1,4,3,0,2,2
1940,26,Male,Asia,Lower-Mid,Bachelor,Part-time/Shift,7.0,187,178,79,78,1.0,7.998049240765728,2.7296941018761087,3.0,6.0,1.0,9.5,74.0,0,iPhone,66.0,35.0,1,1,2,0,2,3
1941,19,Male,North America,Lower-Mid,Bachelor,Student,6.75,180,173,312,188,7.0,7.302852327655233,3.39026562126496,1.0,8.0,4.576939888873214,9.5,40.0,0,Tablet,68.0,33.0,1,4,2,0,3,2
1942,50,Male,Middle East,Low,Bachelor,Full-time Employee,15.321028152585416,200,249,3,82,4.0,6.7352468363823945,1.0437610990764776,16.070219277189665,22.5,10.0,0.7,47.0,1,iPhone,61.0,63.6,1,3,1,0,1,3
1943,50,Female,Africa,Lower-Mid,Bachelor,Full-time Employee,6.55,113,264,13,110,2.0,7.262835781670042,2.9293671871224563,4.0,12.0,1.114006890188526,9.3,55.0,1,Laptop,68.0,32.1,0,0,2,0,1,1
1944,22,Female,Asia,Upper-Mid,Bachelor,Student,5.98,107,483,296,0,1.0,8.615070176801717,1.8550709520629456,2.200368379227456,6.0,1.0,9.6,4.0,0,Android,62.0,33.4,0,1,3,0,3,0
1945,19,Male,North America,Lower-Mid,Bachelor,Student,7.19,127,199,139,0,1.0,6.324730987479482,1.0,1.0,11.0,1.2942154978448022,8.5,43.0,0,Tablet,71.0,30.1,1,4,2,0,3,2
1946,26,Male,North America,Upper-Mid,Bachelor,Student,9.15,156,271,223,47,4.0,6.20124177061172,2.0855476571072007,4.0,8.0,1.8992394038976967,4.2,42.0,0,Tablet,61.0,40.0,1,4,3,0,3,2
1947,20,Male,South America,Lower-Mid,High School,Full-time Employee,6.88,130,367,76,190,7.0,6.983960269967806,4.261372034790586,1.0,8.0,1.704031942141623,9.5,30.0,0,Tablet,69.0,34.1,1,5,2,1,1,2
1948,30,Female,North America,Upper-Mid,High School,Unemployed_Looking,8.66,117,820,32,183,4.0,6.656021080330346,2.002403700235922,6.508276484445226,14.0,5.966398383985286,6.2,0.0,0,Android,65.0,52.0,0,4,3,1,4,0
1949,29,Male,Middle East,Low,Bachelor,Full-time Employee,3.18,90,325,111,0,3.0,8.747173540804603,4.030263609366745,4.0,9.0,1.0,8.3,51.0,0,Android,76.0,21.5,1,3,1,0,1,0
1950,26,Male,Africa,Low,Bachelor,Full-time Employee,8.11,115,196,176,110,3.0,8.042802681056731,3.9641309057500247,4.0,10.0,4.185983711191595,7.9,52.0,0,Android,64.0,32.1,1,0,1,0,1,0
1951,25,Male,Europe,Lower-Mid,Master,Full-time Employee,9.51,165,164,62,145,4.0,6.402875754995208,3.0778506600180258,4.0,11.0,3.951524948063061,7.3,62.0,0,iPhone,65.29930112427833,39.3,1,2,2,2,1,3
1952,39,Male,Africa,Lower-Mid,Master,Caregiver/Home,4.8,67,465,26,166,3.0,6.673710465539895,3.992586424435223,4.0,3.0,5.038783195703993,8.6,40.0,0,iPhone,78.0,27.9,1,0,2,2,0,3
1953,25,Female,Middle East,Upper-Mid,Master,Student,4.99,98,477,47,84,7.0,8.885223787916477,2.323475547130932,6.6864083444479565,8.0,1.0,9.6,32.0,0,iPhone,65.29930112427833,30.6,0,3,3,2,3,3
1954,32,Male,Asia,Upper-Mid,High School,Part-time/Shift,4.79,116,408,118,36,7.0,7.547107790248751,3.213752102418086,7.0,10.0,4.705591129237729,7.7,39.0,0,Tablet,58.0,30.4,1,1,3,1,2,2
1955,22,Female,North America,Lower-Mid,Bachelor,Student,9.46,221,135,64,56,7.0,5.057721127812113,3.2623144225623486,7.469405103010275,12.0,5.652610102018015,9.0,72.0,1,Laptop,59.0,42.5,0,4,2,0,3,1
1956,14,Female,North America,Low,High School,Student,6.16,163,646,82,140,6.0,5.877478317999291,3.195470547656588,5.371766857617894,4.0,9.76807998038174,4.9,3.0,1,Tablet,79.0,41.5,0,4,1,1,3,2
1957,16,Female,Asia,Low,High School,Student,6.26,144,150,32,102,4.0,8.235051421771912,3.010351084692818,3.0,5.0,9.890164134734082,9.2,74.0,0,Tablet,44.0,28.6,0,1,1,1,3,2
1958,16,Male,South America,Low,High School,Part-time/Shift,2.34,52,176,143,198,1.0,8.810551327220331,3.8337214299484375,7.0,0.0,1.0,9.0,62.0,0,Laptop,89.0,10.7,1,5,1,1,2,1
1959,14,Male,Africa,Lower-Mid,High School,Student,4.6,88,682,131,0,5.0,5.850599769668227,4.191154315814446,7.0,4.0,6.8971988715727965,9.3,15.0,0,Laptop,76.0,32.4,1,0,2,1,3,1
1960,28,Female,South America,Upper-Mid,Master,Full-time Employee,12.11,275,88,42,16,1.0,7.114395841222221,1.0,11.93960040158207,12.0,5.196802957500686,7.3,78.0,0,Tablet,67.0,52.5,0,5,3,2,1,2
1961,29,Female,South America,Low,Master,Full-time Employee,3.26,71,289,185,194,3.0,7.327864875492157,2.9550801364806403,1.0787174985900887,3.0,4.923920289170675,7.1,68.0,0,Laptop,64.0,19.5,0,5,1,2,1,1
1962,38,Male,Europe,Low,High School,Full-time Employee,7.25,113,169,2,108,4.0,9.14274878445838,1.0665233114607882,4.0,8.0,4.977276486963257,6.7,63.0,0,Laptop,68.0,30.2,1,2,1,1,1,1
1963,29,Male,North America,Upper-Mid,Bachelor,Full-time Employee,11.15,210,122,232,298,4.0,4.946903279646689,3.0742071935623976,6.0,3.0,8.804898886247683,4.3,74.0,1,Laptop,70.0,45.6,1,4,3,0,1,1
1964,15,Male,Asia,Low,High School,Student,15.321028152585416,316,270,300,0,1.0,3.8742382921262744,1.0,16.070219277189665,21.0,10.0,0.0,41.59859976662777,1,Android,71.0,69.3,1,1,1,1,3,0
1965,25,Female,Africa,Upper-Mid,Master,Part-time/Shift,3.02,49,438,39,111,5.0,8.31921943328387,3.087902908281019,6.322753418376421,0.0,2.788474175704148,9.3,34.0,0,Tablet,71.0,20.3,0,0,3,2,2,2
1966,19,Male,North America,Low,Bachelor,Student,5.93,127,477,109,127,5.0,7.758170538840153,3.2228386753479,4.0,8.0,1.0,8.7,27.0,0,iPhone,66.0,34.4,1,4,1,0,3,3
1967,18,Male,Africa,Low,Bachelor,Student,3.1,100,74,30,0,5.0,9.26306636158645,4.178135671151973,4.0,8.0,8.792826272825755,0.0,63.0,0,iPhone,63.0,15.1,1,0,1,0,3,3
1968,32,Female,North America,Upper-Mid,Master,Full-time Employee,4.3,58,86,87,63,5.0,8.612643753254154,3.179442129119273,3.5272841077010963,5.0,9.912835621847435,0.1,67.0,0,Android,63.0,16.0,0,4,3,2,1,0
1969,18,Male,Europe,Low,High School,Unemployed_Looking,11.88,145,193,103,144,3.0,6.106869445156471,1.0322133775861544,11.0,11.0,4.996142744796112,3.7,74.0,0,Laptop,63.0,36.68415185296776,1,2,1,1,4,1
1970,24,Male,Europe,Upper-Mid,Bachelor,Student,7.29,98,351,50,112,0.0,7.511084151162857,2.75909324106416,5.0,5.0,5.436817355136956,6.3,49.0,1,Laptop,76.0,32.1,1,2,3,0,3,1
1971,31,Male,North America,Upper-Mid,High School,Full-time Employee,4.95,130,177,96,120,6.0,7.317707398190978,1.1603286343788606,1.0,14.0,1.0,8.3,50.0,0,Tablet,71.0,25.6,1,4,3,1,1,2
1972,22,Female,South America,High,Bachelor,Unemployed_Looking,5.92,108,127,131,89,0.0,6.859187494277283,1.7254378073731047,1.6917261148831226,8.0,3.2713743036628875,9.6,51.0,0,Android,41.0,25.0,0,5,0,0,4,0
1973,45,Male,Asia,Lower-Mid,PhD,Part-time/Shift,3.25,69,443,305,150,2.0,8.15776468196577,1.8096030613912808,3.0,9.0,3.1671552162126373,8.1,17.0,0,Laptop,72.0,24.5,1,1,2,3,2,1
1974,20,Female,Middle East,Upper-Mid,Bachelor,Student,6.87,135,52,93,146,1.0,7.727823895645809,1.8330247130325723,4.194057565072849,10.0,6.470207809875981,4.5,67.0,0,Android,67.0,26.6,0,3,3,0,3,0
1975,16,Female,Europe,Low,High School,Part-time/Shift,4.62,127,342,152,112,2.0,7.934879984253549,2.883695048236099,7.438864114595919,11.0,1.0,9.0,42.0,0,iPhone,65.0,27.6,0,2,1,1,2,3
1976,23,Male,Middle East,High,Bachelor,Unemployed_Looking,7.98,143,249,387,95,5.0,8.426869381800532,1.1297835427583045,4.0,14.0,1.0,8.6,27.0,0,Android,61.0,35.3,1,3,0,0,4,0
1977,27,Male,Europe,Low,Master,Unemployed_Looking,9.75,189,820,93,103,5.0,6.753040799871167,3.1920097184389333,8.0,12.0,8.887333699875214,6.5,0.0,0,Android,76.0,66.1,1,2,1,2,4,0
1978,45,Female,Asia,Low,Bachelor,Caregiver/Home,8.83,185,440,116,212,5.0,6.347807675714784,3.108959960006828,11.49312079180739,10.0,6.827540253214712,7.9,24.0,0,Laptop,74.0,47.4,0,1,1,0,0,1
1979,35,Male,North America,Upper-Mid,Bachelor,Caregiver/Home,4.14,79,820,104,34,4.0,8.940050293883122,4.039318860399289,5.0,2.0,9.7941885626505,2.5,0.0,0,iPhone,57.0,46.2,1,4,3,0,0,3
1980,32,Female,South America,Upper-Mid,Bachelor,Full-time Employee,5.7,132,191,60,34,7.0,8.19318191797375,4.292677613926328,6.77724659054269,5.0,9.701811057816226,3.0,55.0,0,iPhone,69.0,36.68415185296776,0,5,3,0,1,3
1981,23,Male,Asia,Upper-Mid,Master,Full-time Employee,6.76,83,247,81,214,2.0,7.430820430330625,3.800156118673695,1.0,0.0,5.983556485364949,10.0,45.0,0,Tablet,65.29930112427833,36.68415185296776,1,1,3,2,1,2
1982,26,Male,South America,High,PhD,Part-time/Shift,8.73,185,291,184,118,4.0,6.0789133574411,1.0386218355497927,7.0,14.0,1.0,8.5,56.0,0,iPhone,65.29930112427833,42.3,1,5,0,3,2,3
1983,18,Female,Europe,Low,High School,Full-time Employee,9.31,127,204,35,127,1.0,7.910469397242605,1.6879813419333092,6.849551729616343,11.0,10.0,5.1,47.0,1,Android,59.0,35.6,0,2,1,1,1,0
1984,23,Male,South America,Low,Bachelor,Part-time/Shift,3.04,42,178,34,106,2.0,6.949729375282974,4.86287965304959,7.0,0.0,2.115268964182742,8.1,74.0,0,Laptop,74.0,12.9,1,5,1,0,2,1
1985,14,Male,Africa,Low,High School,Student,8.87,208,686,379,102,4.0,7.1144993394931015,1.0946844710075343,4.0,14.0,2.8752709228189905,7.3,0.0,0,Laptop,75.0,52.9,1,0,1,1,3,1
1986,19,Male,Europe,Low,High School,Unemployed_Looking,14.02,316,122,156,0,6.0,6.15106387423628,1.2340576334439626,4.0,19.0,9.788082038371446,2.7,55.0,1,Laptop,70.0,63.8,1,2,1,1,4,1
1987,26,Male,Middle East,Upper-Mid,Bachelor,Student,2.88,65,268,172,23,2.0,9.105861767079054,3.862414715621673,9.0,0.0,4.075703175527414,7.7,47.0,0,Laptop,72.0,36.68415185296776,1,3,3,0,3,1
1988,25,Male,Europe,Upper-Mid,Master,Full-time Employee,10.87,277,167,96,126,1.0,6.839968472370487,1.8143109984588088,10.0,15.0,9.15252715903582,5.0,50.0,1,Laptop,70.0,51.4,1,2,3,2,1,1
1989,29,Female,North America,High,High School,Full-time Employee,7.18,169,123,401,102,2.0,6.170059246350142,4.838406252787856,6.986804456398934,8.0,1.1657534774736271,4.7,32.0,0,iPhone,59.0,33.0,0,4,0,1,1,3
1990,32,Female,North America,Upper-Mid,Bachelor,Part-time/Shift,8.88,184,439,135,142,3.0,6.863835406898316,1.9719232045836583,6.170191992660263,9.0,1.0226456364721466,8.1,36.0,0,Android,69.0,46.4,0,4,3,0,2,0
1991,21,Male,Europe,Low,Bachelor,Student,10.0,166,204,401,181,2.0,6.777881858469827,3.038671745419002,5.0,13.0,10.0,3.7,18.0,0,Laptop,73.0,40.4,1,2,1,0,3,1
1992,31,Male,Asia,Upper-Mid,Master,Full-time Employee,5.14,118,111,61,141,7.0,8.438357168192184,4.383869015146764,2.0,3.0,1.0,9.0,80.0,0,iPhone,73.0,23.4,1,1,3,2,1,3
1993,31,Male,North America,Lower-Mid,Bachelor,Part-time/Shift,8.51,155,72,54,119,4.0,6.839698422461322,3.054556124838756,4.0,4.0,9.967925650662322,0.0,79.0,0,Tablet,77.0,33.4,1,4,2,0,2,2
1994,15,Male,North America,Low,High School,Student,12.36,151,255,137,182,6.0,5.506476008873581,1.2197015137771778,10.0,19.0,6.688960524629671,6.0,50.0,0,Tablet,72.0,36.68415185296776,1,4,1,1,3,2
1995,42,Female,North America,High,High School,Unemployed_Looking,6.2,153,435,213,21,0.0,7.630777473142028,1.6834081782191326,3.133131751773983,4.0,1.0,8.2,21.0,0,Laptop,69.0,38.2,0,4,0,1,4,1
1996,28,Female,North America,Low,Master,Full-time Employee,4.01,74,55,197,56,2.0,5.861491247001378,3.852066275746824,6.321628907621733,7.0,1.1814237778348973,8.3,57.0,0,Android,76.0,15.1,0,4,1,2,1,0
1997,32,Female,North America,Upper-Mid,Master,Full-time Employee,15.321028152585416,272,571,65,55,2.0,6.4905990021556095,1.0,16.070219277189665,18.0,10.0,1.3,10.0,1,Tablet,65.0,72.54999999999998,0,4,3,2,1,2
1998,25,Female,Europe,Upper-Mid,Bachelor,Full-time Employee,4.12,115,67,134,132,4.0,7.844368342333285,4.025680390056069,4.9323206476232215,8.0,1.908143185407397,3.0,72.0,0,Android,56.0,19.5,0,2,3,0,1,0
1999,22,Female,South America,Low,High School,Student,2.67,75,449,49,235,6.0,8.37228171764397,5.0,5.769236256953688,0.0,2.770116005398773,9.0,30.0,0,iPhone,65.29930112427833,21.9,0,5,1,1,3,3
2000,48,Male,Europe,High,Master,Caregiver/Home,4.04,61,126,273,0,7.0,7.1106058327972805,3.370063233177055,3.0,0.0,3.6564440851958784,9.3,29.0,1,Tablet,58.0,18.3,1,2,0,2,0,2
2001,43,Female,North America,Upper-Mid,Master,Unemployed_Looking,6.07,63,382,207,64,1.0,7.62639151754995,2.8289021267866703,4.638419437009092,9.0,3.320649800019894,7.6,42.0,0,iPhone,58.0,29.3,0,4,3,2,4,3
2002,24,Female,Asia,Low,Bachelor,Full-time Employee,7.56,171,279,342,193,4.0,6.768352998212588,4.057011878629889,5.727563192331062,7.0,8.93391137811562,7.7,25.0,0,iPhone,64.0,37.5,0,1,1,0,1,3
2003,21,Male,Europe,Upper-Mid,Bachelor,Full-time Employee,12.73,199,440,104,0,1.0,4.805452038432362,1.7282321063020856,16.0,14.0,9.177319175477868,9.8,44.0,1,Android,57.0,56.1,1,2,3,0,1,0
2004,23,Female,Europe,Low,Bachelor,Student,6.2,136,96,69,217,6.0,8.611803802543667,3.2490748177950115,6.775730327231057,3.0,9.680740993702123,0.0,92.0,0,Laptop,62.0,26.6,0,2,1,0,3,1
2005,18,Male,Middle East,Low,Bachelor,Part-time/Shift,7.45,142,353,242,132,0.0,6.1658054605804615,3.675202878873907,0.0,8.0,5.384246351994719,0.0,29.0,0,Android,46.0,36.6,1,3,1,0,2,0
2006,26,Female,North America,Low,Master,Part-time/Shift,5.35,112,624,110,23,4.0,7.248266754694406,3.031024561906222,10.462740417588202,10.0,10.0,2.3,14.0,0,Tablet,65.29930112427833,36.1,0,4,1,2,2,2
2007,22,Male,Europe,Upper-Mid,Bachelor,Part-time/Shift,11.83,303,820,172,66,0.0,7.212917955368108,1.0,14.0,21.0,1.3180965048764843,4.4,0.0,0,Laptop,65.0,72.54999999999998,1,2,3,0,2,1
2008,21,Male,Africa,Lower-Mid,Bachelor,Unemployed_Looking,7.96,141,316,401,0,3.0,6.87400446180211,3.0235282829565864,2.0,11.0,1.1016624958273458,8.8,41.59859976662777,0,Laptop,57.0,36.7,1,0,2,0,4,1
2009,30,Male,North America,Upper-Mid,Master,Full-time Employee,14.28,316,248,126,95,3.0,6.591972306815629,1.0,15.0,17.0,5.011034984291013,6.1,44.0,0,iPhone,72.0,65.4,1,4,3,2,1,3
2010,40,Male,Europe,Upper-Mid,Bachelor,Unemployed_Looking,6.47,139,159,73,213,3.0,6.897152299711895,1.9515945979951352,4.0,11.0,6.046117000816045,4.1,65.0,0,iPhone,74.0,30.3,1,2,3,0,4,3
2011,19,Male,Europe,Lower-Mid,High School,Student,12.23,137,309,401,16,3.0,3.8742382921262744,1.0,16.070219277189665,22.5,10.0,0.1,28.0,1,iPhone,65.29930112427833,46.4,1,2,2,1,3,3
2012,21,Male,Europe,Lower-Mid,High School,Part-time/Shift,4.53,100,257,364,122,2.0,6.280356491981671,3.832263043878081,2.0,6.0,1.2049357649877994,2.4,28.0,0,Tablet,57.0,23.6,1,2,2,1,2,2
2013,30,Female,Europe,Upper-Mid,Bachelor,Full-time Employee,3.68,89,439,43,8,3.0,8.680012482118693,4.940300600635923,5.557226730104199,4.0,1.0,8.2,28.0,0,Laptop,65.29930112427833,26.2,0,2,3,0,1,1
2014,29,Female,Middle East,Upper-Mid,Master,Full-time Employee,12.7,205,307,14,0,2.0,6.878040402318165,1.811499230198642,16.047721524499295,22.0,9.097994356569238,3.9,45.0,1,iPhone,56.0,53.9,0,3,3,2,1,3
2015,48,Female,North America,Low,Bachelor,Full-time Employee,5.52,177,741,78,0,3.0,4.963322601006715,2.006193503816548,2.80345450996431,7.0,9.137777207900465,8.1,0.0,0,iPhone,73.0,46.9,0,4,1,0,1,3
2016,19,Female,Africa,Lower-Mid,Bachelor,Part-time/Shift,9.71,151,356,83,99,4.0,7.632387725640662,1.071651198595987,8.926342056846185,16.0,4.942116885626422,2.5,33.0,0,iPhone,63.0,42.4,0,0,2,0,2,3
2017,42,Female,Africa,High,Bachelor,Full-time Employee,6.78,122,165,54,0,2.0,7.508118834181198,1.920182195387902,8.607183934319325,7.0,1.0518851489048957,8.3,63.0,1,iPhone,62.0,30.3,0,0,0,0,1,3
2018,42,Male,Asia,High,High School,Part-time/Shift,3.51,74,431,31,76,5.0,10.43418791311527,3.084089459405894,3.0,5.0,4.758737588489234,8.2,34.0,0,Laptop,45.0,25.7,1,1,0,1,2,1
2019,18,Female,Europe,Low,High School,Unemployed_Looking,3.4,95,554,85,29,3.0,8.110764394061068,3.9122868465653817,7.110558662948193,0.0,10.0,0.0,28.0,0,Tablet,71.0,27.4,0,2,1,1,4,2
2020,28,Male,Asia,High,High School,Part-time/Shift,6.76,62,162,69,173,3.0,8.780419616925961,3.974716088456813,3.0,0.0,1.0,9.0,77.0,0,Laptop,53.0,36.68415185296776,1,1,0,1,2,1
2021,44,Female,Asia,Low,PhD,Part-time/Shift,7.29,95,270,401,0,3.0,4.969179619035619,1.975245502988646,8.00399748826911,6.0,2.038707924463728,9.3,29.0,0,Laptop,66.0,31.9,0,1,1,3,2,1
2022,31,Male,Asia,Low,Bachelor,Unemployed_Looking,14.69,298,127,67,139,1.0,5.714406898648317,1.0,16.070219277189665,19.0,10.0,5.0,75.0,1,Tablet,68.0,61.8,1,1,1,0,4,2
2023,20,Male,Asia,Low,Bachelor,Full-time Employee,9.2,176,201,89,211,1.0,7.632143198720522,1.797796924088226,7.0,12.0,4.316237405679627,8.3,56.0,0,Laptop,79.0,39.0,1,1,1,0,1,1
2024,21,Female,Europe,Low,Bachelor,Full-time Employee,3.54,79,73,109,134,1.0,6.439844481711982,2.897809876432337,2.3090615161670973,6.0,7.230826731032543,2.6,41.59859976662777,0,Laptop,52.0,15.0,0,2,1,0,1,1
2025,39,Male,Asia,Lower-Mid,Bachelor,Full-time Employee,8.35,175,434,174,112,2.0,6.236325125671121,1.9134569817340248,5.0,6.0,10.0,3.1,19.0,0,iPhone,41.0,45.8,1,1,2,0,1,3
2026,15,Male,North America,Low,High School,Student,5.74,214,440,99,334,4.0,6.872366785065642,2.1504589379112176,3.0,16.0,1.8527758978450195,9.5,31.0,0,Laptop,67.0,40.0,1,4,1,1,3,1
2027,13,Female,North America,Low,High School,Student,4.42,122,581,103,33,3.0,9.33114590317669,4.035488626012716,4.661006427663768,1.0,1.0,9.4,41.59859976662777,0,iPhone,83.0,32.0,0,4,1,1,3,3
2028,18,Female,South America,Lower-Mid,Bachelor,Student,13.77,309,218,268,89,5.0,7.217597207702114,3.216973208235518,16.070219277189665,18.0,4.78515162049406,6.1,32.0,0,Tablet,77.0,61.4,0,5,2,0,3,2
2029,16,Male,Europe,Lower-Mid,High School,Student,4.73,114,223,136,0,0.0,7.301240140694984,2.67866330563306,7.0,4.0,10.0,5.7,51.0,0,Tablet,67.0,23.7,1,2,2,1,3,2
2030,25,Female,Asia,Upper-Mid,Master,Full-time Employee,3.49,113,680,124,274,3.0,8.565961184012195,4.001698924291036,5.025627161709586,1.0,1.154584444578583,9.6,18.0,0,Tablet,60.0,33.3,0,1,3,2,1,2
2031,16,Male,Africa,Lower-Mid,High School,Student,7.25,153,385,74,21,2.0,7.745684089844582,1.870567456694708,0.0,11.0,10.0,6.3,21.0,0,Android,73.0,36.9,1,0,2,1,3,0
2032,17,Male,North America,Lower-Mid,High School,Student,2.55,90,177,401,61,1.0,7.888947995605461,4.729101751979641,3.0,4.0,4.155985522766624,8.7,34.0,0,Laptop,55.0,15.7,1,4,2,1,3,1
2033,29,Female,Africa,High,High School,Part-time/Shift,8.79,132,218,109,148,5.0,6.028689349751607,2.206609820412427,9.337605514184704,7.0,5.77047627428294,3.7,64.0,0,Tablet,70.0,35.8,0,0,0,1,2,2
2034,24,Female,Europe,Low,Master,Full-time Employee,6.92,137,820,90,132,4.0,7.272445710980843,2.0372403920526114,8.360115579010737,9.0,3.031220844275431,9.0,0.0,0,Tablet,70.0,53.1,0,2,1,2,1,2
2035,19,Female,Africa,Lower-Mid,Bachelor,Student,6.95,237,268,133,142,6.0,6.645523416024765,2.158939224018075,6.121054422180233,6.0,7.672695629974513,0.7,68.0,0,Laptop,76.0,36.68415185296776,0,0,2,0,3,1
2036,28,Male,Africa,Low,Master,Full-time Employee,5.93,57,470,174,0,2.0,6.652366127029237,3.871427537981942,6.0,3.0,6.233563697187726,8.7,18.0,0,Laptop,89.0,28.4,1,0,1,2,1,1
2037,24,Male,Europe,Upper-Mid,Bachelor,Student,8.07,145,79,14,31,6.0,5.942790875391365,2.1718830993927183,4.0,16.0,9.755709239800902,2.3,78.0,0,Tablet,69.0,31.2,1,2,3,0,3,2
2038,44,Female,Europe,Upper-Mid,High School,Full-time Employee,9.43,176,281,171,24,1.0,7.957959117913544,2.777586189166785,8.405457467804752,12.0,10.0,8.1,36.0,0,iPhone,60.0,44.3,0,2,3,1,1,3
2039,31,Male,Asia,Upper-Mid,High School,Unemployed_Looking,3.57,100,361,137,14,6.0,9.390470434885534,4.200614136022277,6.0,3.0,1.0,8.3,38.0,0,Tablet,65.0,24.7,1,1,3,1,4,2
2040,29,Male,North America,Upper-Mid,PhD,Full-time Employee,9.1,165,212,153,0,5.0,7.770296335966484,2.218350421586888,7.0,4.0,8.816714276605152,2.7,55.0,0,Laptop,65.29930112427833,39.8,1,4,3,3,1,1
2041,43,Male,Asia,Low,Bachelor,Part-time/Shift,5.21,79,289,32,102,1.0,7.96539244245781,2.778955226720387,1.0,7.0,1.2654770529931674,8.4,44.0,0,iPhone,58.0,26.2,1,1,1,0,2,3
2042,14,Female,North America,Lower-Mid,High School,Student,9.09,215,396,84,53,3.0,7.808049720742659,1.055003907952094,8.094334663707189,15.0,4.119882612209244,7.8,33.0,0,iPhone,61.0,47.0,0,4,2,1,3,3
2043,24,Male,Middle East,Lower-Mid,Bachelor,Part-time/Shift,9.01,222,360,45,78,6.0,6.079755678484294,1.2541361453303852,3.0,14.0,9.64688207790742,6.1,44.0,0,iPhone,60.0,47.4,1,3,2,0,2,3
2044,40,Male,Europe,Low,High School,Full-time Employee,10.65,225,153,401,168,4.0,6.212523142002112,1.071738596517197,9.0,17.0,5.9097412948140535,8.7,31.0,0,iPhone,67.0,47.5,1,2,1,1,1,3
2045,33,Female,Africa,Lower-Mid,Master,Full-time Employee,7.35,163,228,199,144,6.0,10.290169921312753,3.249100307144003,5.186507931164424,4.0,9.721326776512704,0.0,45.0,0,Tablet,57.0,36.0,0,0,2,2,1,2
2046,31,Female,Asia,Lower-Mid,High School,Full-time Employee,4.8,55,553,96,0,1.0,7.970745784578942,3.812953870739491,6.052295225625089,0.0,10.0,2.7,20.0,0,Android,76.0,28.3,0,1,2,1,1,0
2047,22,Female,North America,Low,Bachelor,Full-time Employee,5.69,137,630,372,249,5.0,6.422927744387323,2.196112167127822,6.714019570100773,5.0,4.75157663708531,6.2,0.0,1,Laptop,65.0,38.8,0,4,1,0,1,1
2048,19,Male,Africa,Low,Bachelor,Full-time Employee,4.1,103,249,174,0,2.0,8.550580431980068,2.920504744307732,4.0,4.0,1.0,8.4,48.0,0,iPhone,65.0,22.2,1,0,1,0,1,3
2049,23,Male,North America,Lower-Mid,Master,Student,9.26,233,268,234,175,3.0,6.161994314917234,1.0,6.0,17.0,8.091196712481958,7.4,33.0,0,Laptop,62.0,46.5,1,4,2,2,3,1
2050,25,Male,Africa,Low,Bachelor,Full-time Employee,7.73,138,141,186,41,4.0,8.879955650599126,2.066737614932391,2.0,6.0,1.0,9.2,69.0,0,Tablet,67.0,31.6,1,0,1,0,1,2
2051,29,Male,Africa,Upper-Mid,Master,Full-time Employee,6.1,117,483,125,57,2.0,8.425935352083117,1.9313543882940072,4.0,10.0,6.246590735655138,9.3,30.0,0,Tablet,73.0,34.8,1,0,3,2,1,2
2052,34,Female,Europe,High,Bachelor,Full-time Employee,4.72,100,177,259,236,4.0,8.148854678232475,2.037474957407832,4.01144267892663,4.0,1.0,9.4,41.0,0,Laptop,56.0,23.2,0,2,0,0,1,1
2053,15,Male,Asia,Lower-Mid,High School,Student,5.42,118,198,166,116,3.0,6.70368643060037,1.9783531683768312,4.0,9.0,9.9134770137632,0.0,82.0,0,Android,58.0,25.2,1,1,2,1,3,0
2054,34,Female,Middle East,Upper-Mid,High School,Full-time Employee,11.08,220,820,401,158,5.0,7.416872961647872,1.101166762200931,9.756929978231978,14.0,8.785820166534853,8.8,0.0,1,Laptop,62.0,71.6,0,3,3,1,1,1
2055,17,Female,South America,Low,High School,Student,5.11,188,367,401,47,3.0,5.930047128841769,2.9031590919379564,6.456581289844761,8.0,10.0,3.5,2.0,0,Android,52.0,35.1,0,5,1,1,3,0
2056,38,Male,Europe,High,Bachelor,Caregiver/Home,3.61,68,820,167,9,6.0,8.425219529097562,4.134175461984847,5.0,5.0,4.675124838953723,0.6,0.0,0,iPhone,57.0,43.9,1,2,0,0,0,3
2057,27,Female,North America,Lower-Mid,Master,Full-time Employee,7.09,122,664,268,0,1.0,6.634213654458311,1.735417688194175,4.01008344926392,4.0,4.251907596509123,7.5,0.0,0,Android,60.0,42.3,0,4,2,2,1,0
2058,33,Female,Africa,Upper-Mid,Master,Part-time/Shift,6.76,138,621,401,245,0.0,6.51351485934318,3.765838681074386,6.990364185647195,6.0,9.41602434398861,7.7,0.0,0,Android,74.0,36.68415185296776,0,0,3,2,2,0
2059,23,Female,North America,High,Bachelor,Unemployed_Looking,5.03,131,345,31,256,5.0,7.865099269828477,4.007295576515834,4.597942204333506,0.0,1.8080785572561224,1.2,47.0,0,iPhone,68.0,29.6,0,4,0,0,4,3
2060,29,Female,Asia,Upper-Mid,High School,Part-time/Shift,3.36,61,81,22,45,5.0,8.32836928826282,5.0,6.185975979675081,0.0,1.7492891699698414,8.1,70.0,0,Tablet,67.0,13.5,0,1,3,1,2,2
2061,18,Male,Asia,Lower-Mid,Bachelor,Full-time Employee,8.47,143,87,87,18,3.0,7.860127583587988,2.933757710478866,3.0,8.0,1.0133607805554066,9.3,82.0,0,Android,74.0,31.5,1,1,2,0,1,0
2062,23,Female,Africa,Lower-Mid,Master,Full-time Employee,6.9,172,213,120,290,3.0,5.434858548842892,2.9579323979417613,6.708653509936473,11.0,9.150466711261895,4.4,66.0,0,Android,64.0,34.2,0,0,2,2,1,0
2063,46,Male,Europe,Low,High School,Full-time Employee,5.74,117,152,96,129,2.0,8.349016805578133,3.799334153647566,4.0,4.0,8.27859750610082,8.9,60.0,0,Tablet,69.0,27.2,1,2,1,1,1,2
2064,36,Male,Asia,Upper-Mid,Bachelor,Full-time Employee,1.55,17,820,16,218,3.0,7.849614527985493,3.992234779478165,4.0,2.0,9.875685406429772,1.2,0.0,1,Laptop,64.0,25.6,1,1,3,0,1,1
2065,37,Male,Middle East,High,Master,Caregiver/Home,4.0,71,194,13,194,4.0,8.164429903496723,2.988266948629898,6.0,6.0,4.018048874951461,7.4,78.0,0,Android,68.0,19.5,1,3,0,2,0,0
2066,28,Male,Middle East,High,Master,Full-time Employee,4.92,97,168,109,0,0.0,4.320315697254056,3.789006720986324,0.0,1.0,2.376829892015015,3.1,41.59859976662777,0,iPhone,59.0,22.6,1,3,0,2,1,3
2067,31,Female,Africa,Lower-Mid,High School,Full-time Employee,6.36,83,268,102,128,5.0,9.151766929648293,3.1007213775552094,4.666656288267935,5.0,5.898172398416744,9.7,66.0,0,Tablet,41.0,36.68415185296776,0,0,2,1,1,2
2068,42,Male,Africa,High,High School,Part-time/Shift,8.8,135,168,69,181,5.0,7.2194349482770415,3.127029010764055,7.0,9.0,4.780214723265722,8.4,64.0,0,Android,64.0,36.1,1,0,0,1,2,0
2069,15,Female,Asia,Low,High School,Student,10.51,266,241,280,46,3.0,6.051812308393004,1.0,10.91003441025931,12.0,1.0,8.1,59.0,0,Android,79.0,50.3,0,1,1,1,3,0
2070,24,Female,Europe,Upper-Mid,Master,Full-time Employee,7.74,168,75,67,37,7.0,8.129364276203026,2.303791001771196,9.409134652845536,9.0,3.657987170920907,0.9,65.0,0,Laptop,74.0,32.2,0,2,3,2,1,1
2071,34,Female,Europe,Low,Bachelor,Full-time Employee,8.53,167,367,165,145,5.0,7.457424750403292,3.133660380809458,7.662301920616424,6.0,6.7489756031845145,3.0,36.0,0,Laptop,75.0,42.3,0,2,1,0,1,1
2072,31,Male,Africa,Lower-Mid,Bachelor,Full-time Employee,3.83,97,491,20,228,7.0,7.977255302086927,4.270223421691536,7.0,3.0,8.500164673310323,6.2,35.0,0,iPhone,65.29930112427833,28.0,1,0,2,0,1,3
2073,23,Male,Asia,Upper-Mid,Master,Student,3.51,77,443,107,102,5.0,8.855478042155955,3.148962088469353,5.0,10.0,2.7187816734892545,8.5,36.0,0,iPhone,66.0,23.9,1,1,3,2,3,3
2074,44,Male,Africa,High,High School,Full-time Employee,5.62,101,302,89,307,2.0,6.638454023708483,2.9154630876691243,4.0,9.0,6.191865461067391,7.2,46.0,0,Tablet,67.0,29.2,1,0,0,1,1,2
2075,17,Male,Asia,Low,High School,Student,8.79,205,127,64,133,0.0,5.10834972520736,1.6941297105953792,7.0,10.0,2.3679742720145223,8.0,80.0,0,iPhone,59.0,38.9,1,1,1,1,3,3
2076,26,Female,North America,Low,Master,Full-time Employee,4.9,152,71,401,243,4.0,7.270732555878294,4.073243409286571,5.609767123401802,5.0,3.993363923966117,5.6,29.0,0,Android,62.0,24.5,0,4,1,2,1,0
2077,20,Female,Asia,Lower-Mid,Bachelor,Student,5.09,112,220,241,175,7.0,7.213147718201525,2.351164964248252,1.0,3.0,4.664754088188819,8.4,58.0,0,iPhone,65.29930112427833,24.5,0,1,2,0,3,3
2078,31,Male,Asia,High,Master,Full-time Employee,4.54,99,139,45,162,2.0,7.255786791540837,1.927450440949604,5.0,9.0,4.110117673307464,8.5,50.0,0,Laptop,77.0,20.9,1,1,0,2,1,1
2079,20,Female,North America,Upper-Mid,Bachelor,Student,6.78,159,820,49,211,3.0,5.5328502759636216,3.018659136823494,3.442008126826047,7.0,6.031641614434958,3.5,0.0,0,Android,65.29930112427833,49.1,0,4,3,0,3,0
2080,35,Female,South America,Low,Bachelor,Part-time/Shift,9.74,165,210,236,270,5.0,8.093118291224412,2.140405704380023,6.5725174116341485,17.0,3.7833387817845288,4.8,53.0,0,Tablet,60.0,41.5,0,5,1,0,2,2
2081,44,Female,Africa,Low,Master,Part-time/Shift,11.49,266,72,88,159,2.0,5.523488568656738,1.0,16.070219277189665,22.5,7.126966136644925,5.7,61.0,0,iPhone,65.0,51.4,0,0,1,2,2,3
2082,29,Female,Europe,Upper-Mid,Master,Part-time/Shift,5.28,107,87,21,217,5.0,7.00092658275068,4.0913274389494685,9.510875137627028,5.0,2.746873405048647,8.6,82.0,0,iPhone,71.0,22.0,0,2,3,2,2,3
2083,13,Male,Europe,Low,High School,Student,14.66,269,164,188,163,2.0,5.5996430385591225,1.0,16.070219277189665,21.0,5.175031101984112,3.6,30.0,0,Android,51.0,59.1,1,2,1,1,3,0
2084,25,Male,Asia,Lower-Mid,Master,Full-time Employee,3.46,96,820,74,33,6.0,7.201043843777749,4.258832491789025,4.0,1.0,1.8037505858766616,8.8,0.0,0,Android,42.0,36.8,1,1,2,2,1,0
2085,20,Female,Africa,Lower-Mid,Bachelor,Part-time/Shift,6.97,122,230,248,0,5.0,8.12653847649615,3.271105257634354,5.125944919713656,10.0,4.758924741701453,9.6,48.0,0,Tablet,59.0,30.4,0,0,2,0,2,2
2086,29,Female,Asia,Lower-Mid,Bachelor,Part-time/Shift,6.19,156,449,70,197,4.0,9.827912393230022,5.0,9.074953572119632,0.0,1.0,6.418568102444702,41.59859976662777,0,Android,53.0,38.1,0,1,2,0,2,0
2087,23,Female,Asia,Low,Master,Full-time Employee,8.84,171,164,154,220,4.0,8.047239851480324,2.993403230463018,9.774805609216315,8.0,2.939848361934378,3.4,52.0,0,Tablet,60.0,37.6,0,1,1,2,1,2
2088,15,Female,Europe,Lower-Mid,High School,Part-time/Shift,4.91,107,275,119,102,4.0,8.984005740914121,3.013561389719894,8.338141844333,5.0,1.0,9.3,33.0,0,Laptop,64.0,24.8,0,2,2,1,2,1
2089,45,Female,Europe,High,Master,Part-time/Shift,6.97,129,470,10,41,5.0,5.83170118533426,3.245735527732451,3.991746580802493,9.0,7.68829942251853,10.0,35.0,1,Tablet,60.0,39.4,0,2,0,2,2,2
2090,50,Male,North America,Lower-Mid,Master,Caregiver/Home,10.55,212,259,72,143,1.0,6.806098068760048,1.0,10.0,18.0,3.105724231837917,6.3,57.0,1,Tablet,80.0,49.5,1,4,2,2,0,2
2091,23,Female,Asia,Upper-Mid,Bachelor,Student,6.76,144,189,99,108,1.0,7.438013914705979,1.8146468192856824,1.5462464277706949,5.0,2.26183452562555,7.5,53.0,0,Android,68.0,36.68415185296776,0,1,3,0,3,0
2092,30,Male,North America,Low,Bachelor,Full-time Employee,7.78,188,143,132,252,7.0,8.854314578430149,3.2435581031077056,2.0,15.0,1.0,9.1,56.0,0,Android,65.29930112427833,36.4,1,4,1,0,1,0
2093,29,Male,Europe,High,High School,Full-time Employee,4.37,102,238,8,160,3.0,7.661058357538771,3.050295545019847,3.0,5.0,2.9835690648535578,8.9,66.0,0,Android,71.0,23.3,1,2,0,1,1,0
2094,25,Male,Asia,Upper-Mid,Master,Student,7.27,118,315,33,166,5.0,8.191864475986108,3.1568263223006823,3.0,8.0,3.957861296133779,5.9,46.0,0,iPhone,65.29930112427833,33.6,1,1,3,2,3,3
2095,16,Male,Middle East,Low,High School,Student,8.8,239,259,70,189,7.0,6.879479850942707,2.2528488817339016,2.0,12.0,7.670022945769455,8.3,63.0,0,iPhone,75.0,44.7,1,3,1,1,3,3
2096,22,Male,Middle East,Low,Bachelor,Student,4.06,123,295,48,215,4.0,6.379281334499792,2.002233753895029,5.0,8.0,5.858099342079504,9.4,63.0,0,iPhone,64.0,25.3,1,3,1,0,3,3
2097,18,Female,Asia,Lower-Mid,Bachelor,Student,4.62,123,125,387,260,4.0,8.233522095752729,5.0,11.025017256252012,0.0,2.933234535580424,8.2,69.0,0,Tablet,72.0,21.7,0,1,2,0,3,2
2098,23,Female,North America,Lower-Mid,Bachelor,Full-time Employee,5.15,101,145,195,123,3.0,8.355152086468207,2.9742506834851574,7.942055352041829,5.0,2.235433831043027,9.8,68.0,0,iPhone,54.0,22.6,0,4,2,0,1,3
2099,29,Female,Africa,Upper-Mid,High School,Full-time Employee,4.98,106,356,117,176,3.0,7.426694978989864,3.013645885602191,3.9795755927833847,8.0,8.937874380121178,0.0,41.59859976662777,1,iPhone,49.0,28.7,0,0,3,1,1,3
2100,34,Male,Africa,Upper-Mid,Bachelor,Full-time Employee,6.76,147,509,225,199,1.0,5.826098057803547,2.839619511203978,4.0,11.0,3.292566811716384,9.0,41.59859976662777,0,Laptop,73.0,36.68415185296776,1,0,3,0,1,1
2101,31,Female,Europe,Upper-Mid,High School,Full-time Employee,4.06,49,61,103,0,1.0,10.389154079409607,3.799047070109187,7.0,3.0,4.224485652385308,9.5,87.0,0,iPhone,69.0,13.8,0,2,3,1,1,3
2102,50,Female,Africa,Low,High School,Part-time/Shift,6.69,61,102,212,5,2.0,7.4107701673729265,2.864965651371308,8.846288816707037,6.0,1.0,8.2,49.0,0,iPhone,56.0,24.2,0,0,1,1,2,3
2103,24,Male,Europe,Low,Master,Student,4.02,64,249,46,0,4.0,7.973134068020762,3.043927910922951,4.0,6.0,3.032148533921613,10.0,47.0,0,Tablet,56.0,19.5,1,2,1,2,3,2
2104,22,Female,Middle East,Upper-Mid,Bachelor,Full-time Employee,9.12,191,137,87,193,1.0,7.491413939015204,1.7847370452147802,8.566420015094238,10.0,10.0,8.4,72.0,0,Tablet,76.0,38.7,0,3,3,0,1,2
2105,33,Male,Africa,Lower-Mid,Master,Full-time Employee,7.79,149,398,172,56,0.0,7.355411650661472,1.0,2.0,15.0,5.44633105646876,4.5,34.0,0,Android,53.0,40.3,1,0,2,2,1,0
2106,26,Male,Europe,Low,Master,Full-time Employee,2.99,61,68,104,153,6.0,8.704885342600122,4.212516351962378,6.0,7.0,1.0,8.8,79.0,0,Android,81.0,11.6,1,2,1,2,1,0
2107,32,Male,Middle East,High,Bachelor,Unemployed_Looking,7.95,128,660,59,0,5.0,7.475879291336904,3.086913117265648,8.0,14.0,5.829555763074671,7.7,11.0,0,Tablet,56.0,36.68415185296776,1,3,0,0,4,2
2108,21,Male,Europe,Low,Bachelor,Student,4.32,106,820,250,206,1.0,6.924432394908081,4.843805080652512,5.0,2.0,8.31309631160271,6.0,0.0,0,Tablet,71.0,37.7,1,2,1,0,3,2
2109,35,Male,Europe,Upper-Mid,High School,Part-time/Shift,8.54,183,110,401,0,5.0,6.146933815085874,3.1132882762111675,8.0,7.0,2.77701852247087,5.9,35.0,0,Tablet,62.0,37.6,1,2,3,1,2,2
2110,24,Male,North America,Low,Bachelor,Student,8.55,209,357,115,110,3.0,5.491792039699623,1.929946157226868,7.0,12.0,6.038820245067651,9.4,60.0,0,Android,71.0,44.9,1,4,1,0,3,0
2111,15,Female,Africa,Low,High School,Student,5.52,172,233,296,0,2.0,7.424680821477199,2.874575359730283,5.273211111092145,5.0,6.129658351057505,6.7,29.0,0,iPhone,60.0,30.9,0,0,1,1,3,3
2112,20,Male,Asia,Lower-Mid,Bachelor,Full-time Employee,2.26,79,233,78,63,2.0,9.341489928454529,3.904268638975391,7.0,6.0,3.2075472325268524,8.3,73.0,0,iPhone,63.0,15.6,1,1,2,0,1,3
2113,31,Male,Africa,Upper-Mid,High School,Part-time/Shift,13.85,297,820,148,106,2.0,5.916404065061329,1.0,15.0,19.0,10.0,2.0,0.0,1,Tablet,65.0,72.54999999999998,1,0,3,1,2,2
2114,24,Female,Africa,Upper-Mid,Bachelor,Student,6.41,112,406,81,30,4.0,6.7955292463165575,4.073030924083116,4.946483290470948,5.0,9.921994254286746,3.7,25.0,0,Android,55.0,33.2,0,0,3,0,3,0
2115,21,Male,Africa,Lower-Mid,Bachelor,Part-time/Shift,3.88,145,287,50,107,4.0,7.152398347905887,5.0,7.0,4.0,10.0,6.8,49.0,0,Tablet,72.0,36.68415185296776,1,0,2,0,2,2
2116,13,Male,South America,Lower-Mid,High School,Student,5.29,122,372,194,221,0.0,8.734695847409162,3.7976334541512617,1.0,2.0,1.0,8.3,28.0,0,Android,60.0,29.4,1,5,2,1,3,0
2117,30,Female,Europe,Low,Master,Full-time Employee,12.6,256,292,67,172,1.0,6.048362812532603,1.0,16.070219277189665,15.0,8.318053516057567,2.2,40.0,0,iPhone,63.0,57.6,0,2,1,2,1,3
2118,43,Male,Africa,High,Master,Part-time/Shift,4.04,93,121,39,128,4.0,9.91043206869272,2.998454898976118,5.0,4.0,1.0,9.9,52.0,0,iPhone,55.0,20.4,1,0,0,2,2,3
2119,31,Male,Africa,Upper-Mid,Master,Full-time Employee,9.81,191,343,401,130,5.0,6.0401764276230825,2.118354121808136,9.0,11.0,9.77530747874794,1.6,12.0,1,Laptop,41.0,47.5,1,0,3,2,1,1
2120,29,Female,North America,Upper-Mid,Bachelor,Full-time Employee,8.67,236,155,98,102,7.0,6.870986459962518,2.241363029909017,10.302863982252898,15.0,6.546237559453907,5.6,60.0,0,Tablet,63.0,43.0,0,4,3,0,1,2
2121,29,Female,Africa,Lower-Mid,Bachelor,Part-time/Shift,4.75,118,457,225,124,4.0,7.37997249856144,4.136767722023507,6.395652331257029,5.0,1.0,10.0,21.0,0,iPhone,89.0,30.6,0,0,2,0,2,3
2122,20,Male,Africa,Upper-Mid,Bachelor,Student,8.14,176,248,122,174,7.0,5.995202586146126,3.3909489932545256,4.0,4.0,1.0,9.9,34.0,1,Tablet,73.0,37.9,1,0,3,0,3,2
2123,46,Male,North America,Lower-Mid,Master,Full-time Employee,7.86,104,820,18,95,3.0,6.969438870186538,1.0045559346159518,7.0,13.0,10.0,6.3,0.0,1,Laptop,65.0,50.3,1,4,2,2,1,1
2124,35,Male,North America,Upper-Mid,Master,Part-time/Shift,13.39,179,215,287,161,2.0,6.66330215279231,1.0,16.070219277189665,19.0,10.0,7.9,47.0,1,Android,62.0,51.4,1,4,3,2,2,0
2125,20,Female,Europe,Upper-Mid,Bachelor,Full-time Employee,8.34,117,597,151,0,1.0,7.653157246809152,2.824818247209451,5.080086628681129,11.0,9.316188906190533,6.418568102444702,13.0,0,Tablet,65.29930112427833,42.4,0,2,3,0,1,2
2126,16,Female,Asia,Low,High School,Student,5.99,139,475,88,93,5.0,7.496587072081572,2.1501124577076904,7.5362994594594355,6.0,1.0,8.0,38.0,0,Laptop,70.0,35.1,0,1,1,1,3,1
2127,34,Female,Africa,High,High School,Full-time Employee,3.93,91,435,100,105,3.0,8.323478818765055,3.89216766382468,6.847828432770468,0.0,1.0,9.3,35.0,0,Android,53.0,27.2,0,0,0,1,1,0
2128,33,Male,Middle East,Low,High School,Full-time Employee,7.83,160,296,171,106,4.0,7.091108726499956,1.0482284000750473,1.0,11.0,10.0,2.9,42.0,0,Tablet,76.0,38.1,1,3,1,1,1,2
2129,46,Male,North America,Lower-Mid,Bachelor,Caregiver/Home,4.27,53,595,304,215,4.0,6.47607041109096,3.00786736522058,3.0,8.0,3.045571875176312,8.3,0.0,0,Tablet,72.0,29.5,1,4,2,0,0,2
2130,49,Male,North America,High,Bachelor,Full-time Employee,4.02,72,53,257,258,4.0,7.590227745397552,4.065992845214812,0.0,6.0,10.0,2.4,65.0,0,Android,65.29930112427833,17.0,1,4,0,0,1,0
2131,44,Male,North America,Low,High School,Full-time Employee,3.17,48,820,25,173,0.0,8.043714871134549,4.729405951681433,0.0,0.0,1.3683085414512424,9.5,0.0,1,iPhone,69.0,35.7,1,4,1,1,1,3
2132,37,Male,North America,Upper-Mid,High School,Part-time/Shift,5.43,64,331,53,93,5.0,9.850537563833337,4.229150760051956,3.0,4.0,1.0,8.9,52.0,0,Android,65.0,25.9,1,4,3,1,2,0
2133,46,Female,Europe,Upper-Mid,Master,Full-time Employee,10.69,202,654,0,125,1.0,5.922075463858898,1.0,12.817694458784764,19.0,9.166103372203386,0.6,0.0,1,Tablet,72.0,58.9,0,2,3,2,1,2
2134,24,Female,Europe,Low,Bachelor,Student,5.78,133,276,94,116,2.0,7.316546492915834,2.906381330270458,2.793254737333847,5.0,1.0,8.7,53.0,0,Laptop,71.0,29.8,0,2,1,0,3,1
2135,31,Male,North America,Lower-Mid,Master,Full-time Employee,4.59,79,124,19,103,1.0,8.452263628313368,2.798924103190637,3.0,8.0,2.163611949928928,9.3,57.0,0,iPhone,61.0,19.4,1,4,2,2,1,3
2136,17,Female,Asia,Low,High School,Student,8.73,154,134,111,71,3.0,9.529326611167678,1.0558414476791311,8.7336998628416,13.0,4.042785392961526,5.4,59.0,0,Android,59.0,34.6,0,1,1,1,3,0
2137,28,Female,Europe,Lower-Mid,High School,Full-time Employee,13.52,300,576,287,114,5.0,5.446372970275004,1.1303119296283244,16.070219277189665,16.0,9.77948144962112,3.2,0.0,1,Android,66.0,70.5,0,2,2,1,1,0
2138,39,Female,Europe,Low,Bachelor,Caregiver/Home,9.76,238,90,94,120,6.0,7.556185349631718,1.228278003613173,10.068047188925696,12.0,3.703330077605333,4.8,60.0,0,iPhone,80.0,44.5,0,2,1,0,0,3
2139,25,Male,Europe,Low,Bachelor,Full-time Employee,3.73,41,820,401,278,5.0,7.169901280726871,5.0,6.0,2.0,9.863671017644045,5.8,0.0,0,Laptop,53.0,41.2,1,2,1,0,1,1
2140,14,Male,Europe,Lower-Mid,High School,Student,5.67,164,220,324,178,2.0,9.02481726060572,3.87194803585901,7.0,8.0,1.0,8.7,40.0,0,Laptop,50.0,30.4,1,2,2,1,3,1
2141,40,Male,Africa,Low,PhD,Full-time Employee,5.32,87,185,124,144,4.0,8.20786087051235,3.0537503294571686,2.0,8.0,3.841020338183136,10.0,45.0,0,iPhone,67.0,24.0,1,0,1,3,1,3
2142,23,Female,Europe,Low,Master,Student,8.08,170,539,60,57,0.0,6.174949462092675,1.6342881014169444,5.748701535166706,12.0,5.352559381327112,6.9,28.0,0,Laptop,66.0,45.1,0,2,1,2,3,1
2143,29,Female,Asia,Upper-Mid,High School,Full-time Employee,4.8,112,206,0,150,0.0,8.92299337390347,4.655001123888801,5.705160669332903,4.0,3.284938835790359,8.1,73.0,0,Android,67.0,24.4,0,1,3,1,1,0
2144,15,Female,Europe,Low,High School,Part-time/Shift,11.74,196,379,86,12,5.0,6.99892117857263,1.1492911890181323,13.310993049589053,14.0,9.802590864328806,0.6,23.0,1,Android,67.0,51.1,0,2,1,1,2,0
2145,20,Female,Middle East,Upper-Mid,High School,Student,4.34,125,300,401,277,2.0,7.923596901357198,2.970565715670751,7.386738053074775,11.0,1.0,8.2,41.59859976662777,0,Tablet,63.0,26.1,0,3,3,1,3,2
2146,24,Male,Africa,Low,Bachelor,Full-time Employee,5.36,144,600,194,173,2.0,9.420407174214056,3.909566786351585,3.0,0.0,1.1221519341464707,8.0,9.0,0,Android,80.0,36.68415185296776,1,0,1,0,1,0
2147,14,Female,Africa,Lower-Mid,High School,Part-time/Shift,7.26,184,191,118,46,5.0,9.103836786682546,2.0957912191898185,7.496860675047718,16.0,1.0,8.6,69.0,0,Laptop,49.0,35.1,0,0,2,1,2,1
2148,25,Male,Asia,Low,Master,Full-time Employee,4.12,84,434,245,124,1.0,7.718995053918594,2.7401283998442514,2.0,11.0,1.3648360955582133,9.3,24.0,0,iPhone,57.0,26.1,1,1,1,2,1,3
2149,19,Female,Asia,Low,High School,Student,3.85,102,211,165,147,4.0,7.053781288396709,4.091151381361675,4.756088504225165,0.0,4.88442221752982,9.5,57.0,1,Android,64.0,20.7,0,1,1,1,3,0
2150,45,Male,Africa,High,Bachelor,Full-time Employee,4.16,84,187,62,35,0.0,7.912842039662075,3.704026686400105,2.0,2.0,1.2679281734189245,8.9,49.0,0,Laptop,49.0,22.1,1,0,0,0,1,1
2151,33,Male,North America,Upper-Mid,Bachelor,Part-time/Shift,2.72,73,487,54,141,3.0,10.526751852510856,5.0,6.0,0.0,1.0,8.4,28.0,0,Laptop,63.0,23.8,1,4,3,0,2,1
2152,50,Male,North America,Lower-Mid,Master,Full-time Employee,7.56,116,230,19,9,2.0,8.517897445091497,3.9116489890476633,3.0,9.0,6.236058579545916,5.8,44.0,0,iPhone,82.0,33.4,1,4,2,2,1,3
2153,46,Male,Africa,Low,Master,Part-time/Shift,15.321028152585416,281,289,72,105,2.0,5.318401985570905,1.0,4.0,21.0,10.0,0.4,44.0,1,Laptop,65.0,68.8,1,0,1,2,2,1
2154,30,Female,Middle East,Lower-Mid,Master,Full-time Employee,4.06,88,197,51,0,3.0,6.701979597388845,3.973720460108813,5.477646463240648,0.0,5.109926724206125,2.3,75.0,0,Tablet,67.0,20.5,0,3,2,2,1,2
2155,43,Male,Africa,Lower-Mid,High School,Full-time Employee,4.76,57,268,354,63,4.0,7.491683205708565,3.071107237586375,3.0,6.0,3.02744184134703,8.6,12.0,1,iPhone,52.0,36.68415185296776,1,0,2,1,1,3
2156,23,Male,Europe,Lower-Mid,Bachelor,Student,4.18,104,462,401,125,5.0,7.539301479514431,4.125836941871834,2.0,4.0,9.762331732058124,0.1,0.0,0,iPhone,59.0,28.5,1,2,2,0,3,3
2157,20,Male,Middle East,Lower-Mid,Bachelor,Full-time Employee,9.9,161,346,401,36,6.0,7.608562851222793,2.179928978812999,9.0,9.0,9.663656838895037,5.1,21.0,0,iPhone,61.0,43.6,1,3,2,0,1,3
2158,14,Male,Africa,Low,High School,Student,10.69,243,266,87,168,4.0,6.780928794976789,2.00375006531209,12.0,8.0,9.987779604786304,4.8,38.0,1,Android,62.0,49.8,1,0,1,1,3,0
2159,24,Female,Europe,Upper-Mid,Master,Student,15.321028152585416,309,223,339,45,1.0,5.627432871539668,1.0,16.070219277189665,22.5,10.0,1.2,36.0,1,Laptop,78.0,66.9,0,2,3,2,3,1
2160,21,Female,North America,Low,Bachelor,Full-time Employee,9.01,204,249,55,162,6.0,6.124477987327886,1.2026388274111837,8.77049286316295,13.0,4.6628560038346265,7.8,41.59859976662777,0,Laptop,71.0,42.5,0,4,1,0,1,1
2161,30,Male,Asia,Upper-Mid,High School,Full-time Employee,14.68,294,392,282,0,3.0,5.916559212384614,1.0480092838887325,16.070219277189665,17.0,2.009105064495587,1.3,7.0,0,Laptop,54.0,68.5,1,1,3,1,1,1
2162,44,Female,Asia,Upper-Mid,High School,Full-time Employee,7.3,152,298,25,111,2.0,8.21912501070118,1.0,3.931123187834599,9.0,1.0,9.5,42.0,1,Android,65.29930112427833,37.4,0,1,3,1,1,0
2163,32,Female,Europe,Lower-Mid,Bachelor,Full-time Employee,9.51,238,279,401,56,3.0,6.534521013761033,1.9834258306649328,7.872103556756821,14.0,1.0,9.8,4.0,0,Android,70.0,48.4,0,2,2,0,1,0
2164,33,Female,Asia,Lower-Mid,PhD,Full-time Employee,6.63,205,121,210,79,6.0,6.7155215009830345,2.174994055816952,4.583700280326351,4.0,1.0,8.1,73.0,0,iPhone,76.0,34.6,0,1,2,3,1,3
2165,33,Male,Europe,Upper-Mid,Bachelor,Full-time Employee,11.65,192,820,209,252,3.0,6.11944816450839,1.0219073360290885,12.0,20.0,2.9989841252300184,3.4,0.0,0,Android,81.0,65.7,1,2,3,0,1,0
2166,34,Female,North America,Low,Master,Full-time Employee,6.99,115,121,66,247,4.0,5.96817590152469,2.0459595527477417,7.205868287972919,12.0,1.0,7.4,67.0,0,Android,55.0,28.5,0,4,1,2,1,0
2167,23,Male,Africa,Upper-Mid,Bachelor,Student,7.85,232,295,401,20,1.0,6.1760034131312445,1.8910178032370712,1.0,11.0,10.0,3.2,19.0,0,iPhone,57.0,43.8,1,0,3,0,3,3
2168,14,Female,Africa,Low,High School,Student,4.76,162,52,401,2,3.0,8.855687719777157,2.9229860115764006,3.5950239366242784,5.0,1.0,9.0,44.0,1,iPhone,52.0,23.7,0,0,1,1,3,3
2169,23,Female,South America,Low,Bachelor,Student,7.27,140,353,392,154,7.0,8.816774607146872,2.2540804727295347,6.627793400439968,10.0,1.0,8.5,6.0,0,Android,63.0,36.68415185296776,0,5,1,0,3,0
2170,50,Male,Middle East,Low,Master,Caregiver/Home,15.321028152585416,159,251,59,221,1.0,4.46361198030129,1.0,16.070219277189665,20.0,10.0,0.5,59.0,1,Android,70.0,58.8,1,3,1,2,0,0
2171,31,Male,Middle East,High,Bachelor,Part-time/Shift,12.96,205,167,157,168,1.0,4.22849955107897,1.0,13.0,21.0,10.0,9.2,69.0,1,Laptop,75.0,50.7,1,3,0,0,2,1
2172,42,Male,Africa,Upper-Mid,Bachelor,Caregiver/Home,3.94,82,558,205,234,2.0,9.021004974376158,3.845303496884788,2.0,0.0,6.184426972071126,8.1,0.0,0,Laptop,64.0,30.1,1,0,3,0,0,1
2173,20,Female,South America,Lower-Mid,Bachelor,Part-time/Shift,3.63,99,412,60,24,5.0,8.876286975907902,4.136970474922947,2.6117134502038994,0.0,1.0,9.7,37.0,0,Android,62.0,25.1,0,5,2,0,2,0
2174,33,Male,North America,Upper-Mid,PhD,Full-time Employee,7.05,127,576,182,168,2.0,7.327066355432931,3.856545679901845,2.0,8.0,4.081435862373986,7.8,0.0,0,Tablet,67.0,40.9,1,4,3,3,1,2
2175,31,Female,Africa,Lower-Mid,Bachelor,Part-time/Shift,6.92,155,195,13,205,5.0,8.56274067801676,2.938990895472621,5.018442486587678,11.0,1.8650138947130843,8.0,55.0,1,Android,57.0,33.3,0,0,2,0,2,0
2176,21,Female,Africa,Upper-Mid,High School,Full-time Employee,10.6,204,517,368,79,0.0,6.478629500080372,1.7861001088218662,8.0,13.0,8.27358069010102,1.1,1.0,1,Laptop,86.0,52.6,0,0,3,1,1,1
2177,48,Female,North America,Low,Bachelor,Full-time Employee,5.36,39,251,124,18,4.0,8.778561783004246,2.9677203318705225,5.809507478208838,3.0,2.814184749560187,9.3,41.59859976662777,0,iPhone,49.0,23.0,0,4,1,0,1,3
2178,24,Female,North America,High,Bachelor,Student,14.8,316,232,183,18,0.0,4.834845875463019,1.0,16.070219277189665,19.0,10.0,5.4,54.0,0,Android,67.0,67.5,0,4,0,0,3,0
2179,29,Male,South America,Upper-Mid,Master,Full-time Employee,7.56,106,141,97,212,5.0,5.064086264759188,2.133370391418129,2.0,9.0,8.870613683095183,5.7,86.0,1,Tablet,85.0,28.3,1,5,3,2,1,2
2180,39,Male,North America,Lower-Mid,Bachelor,Unemployed_Looking,4.41,101,731,43,102,5.0,10.03521496469738,2.237678302755668,6.0,2.0,6.803117041287583,8.7,0.0,0,Tablet,65.0,36.9,1,4,2,0,4,2
2181,23,Female,North America,Low,Bachelor,Student,8.97,212,255,124,102,4.0,7.301432596369764,1.1017728924140238,6.598351475813671,15.0,1.0,6.9,56.0,1,Tablet,63.0,43.6,0,4,1,0,3,2
2182,24,Female,Asia,Upper-Mid,Master,Student,15.26,314,146,119,54,3.0,6.301050416973063,1.0,16.070219277189665,22.0,9.077748648994444,6.3,58.0,1,Laptop,61.0,64.6,0,1,3,2,3,1
2183,29,Female,Middle East,Upper-Mid,High School,Full-time Employee,9.74,215,598,52,211,0.0,7.257260622830239,1.6972832658330943,4.859438399490617,10.0,6.43468507070126,5.0,24.0,0,Android,63.0,55.0,0,3,3,1,1,0
2184,20,Male,South America,Lower-Mid,Bachelor,Student,14.48,234,141,111,127,4.0,6.700567544088283,1.1270614023778571,16.070219277189665,22.5,8.870288618910942,5.2,56.0,0,iPhone,79.0,55.0,1,5,2,0,3,3
2185,27,Female,Asia,Upper-Mid,High School,Full-time Employee,10.22,182,817,63,71,5.0,5.44272324706273,2.05801610707958,9.883023790027488,8.0,9.853545506164387,3.7,0.0,1,iPhone,43.0,59.3,0,1,3,1,1,3
2186,21,Male,South America,Lower-Mid,Bachelor,Unemployed_Looking,5.27,115,348,17,121,6.0,9.416933087065075,4.221238302327345,2.0,1.0,1.0,2.3,55.0,0,Android,65.29930112427833,28.3,1,5,2,0,4,0
2187,47,Female,Europe,High,Bachelor,Part-time/Shift,3.96,72,511,103,26,5.0,7.714466766248466,5.0,0.9244552223797436,4.0,1.0,8.7,18.0,0,Android,51.0,28.9,0,2,0,0,2,0
2188,19,Female,North America,Low,Bachelor,Student,6.78,139,209,60,0,3.0,7.32584040058183,2.9548790713059008,3.0,13.0,2.050134929742346,8.5,71.0,1,Android,62.0,30.7,0,4,1,0,3,0
2189,31,Female,Europe,High,Master,Full-time Employee,2.76,62,63,10,214,2.0,8.033330486362855,2.909831430366798,6.465343699510085,2.0,10.0,0.2,74.0,0,Android,61.0,12.1,0,2,0,2,1,0
2190,29,Male,Middle East,Upper-Mid,Master,Full-time Employee,6.14,129,387,255,295,0.0,6.637881190664627,2.741864436976294,4.0,0.0,1.4156634265963923,8.0,35.0,0,iPhone,71.0,33.5,1,3,3,2,1,3
2191,23,Female,South America,Low,Master,Full-time Employee,5.76,140,820,210,222,4.0,6.122452659227161,4.07479505547748,6.493736160686629,5.0,6.969733566945391,5.5,0.0,0,Tablet,49.0,54.4,0,5,1,2,1,2
2192,19,Male,Africa,Low,Bachelor,Part-time/Shift,3.77,88,427,128,135,3.0,7.352732956194095,4.978989157359299,4.0,1.0,1.9166259635953795,9.6,23.0,0,Tablet,70.0,24.6,1,0,1,0,2,2
2193,24,Female,South America,High,Master,Part-time/Shift,4.21,104,145,203,45,5.0,7.305520469654772,3.1526937321855133,6.558599774996942,1.0,4.715627927521897,9.2,53.0,0,iPhone,85.0,19.8,0,5,0,2,2,3
2194,23,Female,North America,Lower-Mid,Bachelor,Full-time Employee,15.321028152585416,316,167,38,179,0.0,5.54187102925854,1.0,16.070219277189665,14.0,10.0,2.5,53.0,0,Laptop,51.0,67.4,0,4,2,0,1,1
2195,30,Male,South America,Low,Master,Full-time Employee,4.71,108,358,93,179,3.0,6.717970306660678,2.939069030380319,2.0,0.0,3.1835695213405,9.5,48.0,0,Laptop,67.0,27.8,1,5,1,2,1,1
2196,23,Male,South America,Upper-Mid,Master,Full-time Employee,8.14,190,206,236,25,6.0,6.506744430510449,3.211894368543239,4.0,6.0,1.0,6.4,48.0,1,Laptop,58.0,38.7,1,5,3,2,1,1
2197,27,Female,Middle East,High,Bachelor,Full-time Employee,3.4,88,373,117,144,1.0,7.278716402541274,2.7765517595624174,8.779081151332075,11.0,1.0,9.6,33.0,0,Android,69.0,23.0,0,3,0,0,1,0
2198,23,Male,North America,Low,Bachelor,Student,4.63,139,176,29,37,3.0,6.00954949434579,3.933021544504592,0.0,1.0,8.994371818188633,3.3,76.0,0,Laptop,65.0,25.0,1,4,1,0,3,1
2199,48,Female,Middle East,Low,Master,Full-time Employee,6.67,151,255,73,0,3.0,7.970775675241526,2.955232874605247,4.266888224135946,5.0,9.992955949618109,1.5,70.0,0,Laptop,59.0,35.4,0,3,1,2,1,1
2200,40,Male,Middle East,Upper-Mid,Master,Full-time Employee,14.84,314,475,326,184,1.0,3.8742382921262744,1.0,16.070219277189665,15.0,9.26456439611558,4.8,41.59859976662777,1,Android,70.0,72.54999999999998,1,3,3,2,1,0
2201,24,Female,South America,Low,Bachelor,Student,15.321028152585416,310,239,401,175,1.0,3.8742382921262744,1.0,16.070219277189665,22.5,4.362367398698828,5.3,25.0,0,iPhone,65.29930112427833,67.4,0,5,1,0,3,3
2202,23,Female,North America,Lower-Mid,Bachelor,Full-time Employee,3.82,68,405,65,190,5.0,9.92951118954048,5.0,9.63192359612901,1.0,1.0,9.2,33.0,0,Laptop,63.0,23.0,0,4,2,0,1,1
2203,28,Female,Asia,Upper-Mid,Bachelor,Full-time Employee,6.76,126,243,73,228,4.0,6.914905139083895,1.0270018142108506,3.739983471036653,12.0,6.866484165301976,8.3,60.0,1,iPhone,72.0,36.68415185296776,0,1,3,0,1,3
2204,44,Male,Middle East,Lower-Mid,High School,Full-time Employee,3.92,82,315,76,13,4.0,6.876665338360925,3.0617676146616337,3.0,1.0,3.1510250030804,7.4,69.0,0,Tablet,52.0,24.3,1,3,2,1,1,2
2205,15,Male,Europe,Low,High School,Student,6.76,303,104,160,230,2.0,5.896049252111544,1.0,9.0,13.0,1.1500782161510548,9.9,87.0,0,iPhone,55.0,36.68415185296776,1,2,1,1,3,3
2206,34,Female,South America,Upper-Mid,High School,Full-time Employee,4.66,9,595,13,31,4.0,8.344245728051241,4.02149360396459,9.173636040049448,8.0,6.884588965705574,9.0,0.0,0,Android,70.0,25.7,0,5,3,1,1,0
2207,42,Male,South America,Lower-Mid,Bachelor,Unemployed_Looking,8.47,109,135,86,25,2.0,7.431680802350296,1.895842770454704,6.0,8.0,4.256760068448372,9.5,46.0,1,iPhone,80.0,31.9,1,5,2,0,4,3
2208,34,Male,North America,Lower-Mid,PhD,Part-time/Shift,6.26,130,180,236,254,3.0,7.766079919051839,3.0221764455000004,2.0,4.0,1.0,9.6,55.0,1,iPhone,69.0,36.68415185296776,1,4,2,3,2,3
2209,33,Male,South America,Lower-Mid,High School,Part-time/Shift,9.5,187,619,50,90,4.0,6.940622000332037,2.0612503291820627,1.0,12.0,1.0637997346151384,4.2,13.0,0,Laptop,62.0,52.9,1,5,2,1,2,1
2210,22,Male,Europe,Lower-Mid,Bachelor,Full-time Employee,4.14,86,204,69,50,1.0,9.24705732796525,3.823600283998984,4.0,2.0,1.0,8.2,50.0,0,iPhone,65.0,20.0,1,2,2,0,1,3
2211,26,Female,Middle East,Lower-Mid,Bachelor,Full-time Employee,12.13,212,446,401,151,2.0,7.166355862267971,1.8568893145972432,15.0,16.0,5.258194789587874,2.8,0.0,0,Android,52.0,56.6,0,3,2,0,1,0
2212,30,Female,Asia,Lower-Mid,PhD,Full-time Employee,5.5,122,475,90,68,3.0,8.442633779452636,4.070483317301378,4.08628909441355,6.0,10.0,2.3,16.0,0,Android,71.0,33.8,0,1,2,3,1,0
2213,49,Female,Europe,Low,Master,Unemployed_Looking,7.2,121,322,0,86,0.0,8.951175176036152,2.699968625434736,0.0,12.0,1.0,9.1,49.0,0,Tablet,74.0,35.5,0,2,1,2,4,2
2214,22,Female,North America,Low,Bachelor,Full-time Employee,4.05,70,349,399,206,0.0,9.09459908310147,2.6489972709234864,10.083946111375234,1.0,6.50895933142831,7.1,34.0,0,iPhone,60.0,22.3,0,4,1,0,1,3
2215,44,Male,Europe,Upper-Mid,Bachelor,Full-time Employee,12.03,179,543,189,102,6.0,7.016127201567516,1.254703511542313,13.0,17.0,9.62713234271642,4.0,13.0,1,Android,60.0,57.4,1,2,3,0,1,0
2216,16,Male,Asia,Low,High School,Student,9.14,162,135,93,274,1.0,7.9031762480077985,1.806530235565197,4.0,10.0,2.352366962263841,5.6,41.59859976662777,0,Tablet,68.0,35.9,1,1,1,1,3,2
2217,23,Female,Europe,Lower-Mid,Master,Student,5.59,135,221,72,105,7.0,7.91359118402281,3.2764268580808134,7.858022664711514,11.0,3.498515755475078,8.5,58.0,0,Laptop,61.0,28.3,0,2,2,2,3,1
2218,18,Female,Asia,Low,High School,Student,9.35,245,446,55,39,1.0,5.377222006933828,2.784993398527042,7.190773333171138,14.0,8.166530468183318,7.5,23.0,1,Laptop,64.0,51.7,0,1,1,1,3,1
2219,14,Female,Middle East,Lower-Mid,High School,Student,9.26,280,134,131,20,2.0,5.442573142952532,2.9857414623601684,7.422618624241425,9.0,7.0795196016907695,8.4,64.0,0,Android,86.0,45.5,0,3,2,1,3,0
2220,23,Male,Europe,High,Bachelor,Part-time/Shift,5.57,126,365,41,167,3.0,7.680037505987141,2.989769888671369,4.0,10.0,1.0,8.2,48.0,0,Laptop,63.0,31.0,1,2,0,0,2,1
2221,15,Male,Europe,Lower-Mid,High School,Student,7.61,163,513,72,70,7.0,6.984226118977452,4.319066510210422,3.0,8.0,3.613869337983899,8.5,41.59859976662777,1,Tablet,61.0,42.1,1,2,2,1,3,2
2222,32,Female,North America,Low,Master,Full-time Employee,5.02,117,184,225,114,1.0,7.08685537153923,1.820401868726732,3.733925146554541,7.0,1.2369343298701487,9.5,51.0,0,Laptop,59.0,25.3,0,4,1,2,1,1
2223,38,Male,Middle East,Lower-Mid,PhD,Caregiver/Home,6.27,131,266,241,19,6.0,7.487936032838103,3.225196786203669,7.0,5.0,9.72943974827991,0.4,46.0,0,iPhone,72.0,31.7,1,3,2,3,0,3
2224,29,Male,Europe,Low,Master,Full-time Employee,3.93,71,245,50,125,2.0,8.138361252076054,2.962086961672348,2.0,8.0,3.1910955256176425,6.418568102444702,60.0,0,Tablet,63.0,20.0,1,2,1,2,1,2
2225,46,Female,Africa,Lower-Mid,Master,Full-time Employee,5.24,67,555,254,291,4.0,9.28886542160571,4.039382285276508,4.859704810702211,2.0,1.0,9.9,8.0,0,iPhone,59.0,32.3,0,0,2,2,1,3
2226,43,Female,Asia,High,Master,Full-time Employee,7.44,104,540,196,119,5.0,6.912785864526546,3.0589627846586143,9.0,8.0,9.911787130936345,1.9,0.0,0,iPhone,78.0,39.5,0,1,0,2,1,3
2227,48,Female,Europe,High,Master,Full-time Employee,7.88,166,332,0,35,3.0,6.374612805970561,3.015443107452524,11.018413402027102,7.0,1.182882285366549,6.2,56.0,0,iPhone,79.0,40.9,0,2,0,2,1,3
2228,24,Female,Asia,High,Bachelor,Student,5.98,156,257,287,124,4.0,6.871859024354728,3.0767600989500123,8.6179599315179,2.0,9.929057652420823,1.6,40.0,0,Laptop,59.0,32.1,0,1,0,0,3,1
2229,13,Male,Europe,Low,High School,Student,6.3,159,107,305,218,5.0,6.726705254910948,2.137208652578903,3.0,12.0,1.0,9.8,61.0,0,iPhone,46.0,28.6,1,2,1,1,3,3
2230,18,Female,North America,Low,High School,Part-time/Shift,14.79,314,238,75,104,2.0,5.987777938139036,1.0,16.070219277189665,16.0,1.1928752488089798,1.1,66.0,0,Tablet,75.0,64.9,0,4,1,1,2,2
2231,31,Female,Asia,High,High School,Full-time Employee,3.02,49,269,103,88,0.0,9.463278726221922,2.7138492329361514,6.80276572007241,7.0,3.265277689431017,5.4,42.0,0,Tablet,58.0,16.9,0,1,0,1,1,2
2232,49,Female,Middle East,Lower-Mid,Master,Full-time Employee,4.18,112,374,77,0,1.0,8.509682938320417,3.8133057166903312,8.713230875149824,8.0,4.196008886034247,7.9,46.0,0,Android,73.0,28.9,0,3,2,2,1,0
2233,24,Male,South America,High,Master,Part-time/Shift,3.14,80,159,97,0,5.0,6.675027498580747,3.125224649241656,3.0,7.0,5.904204259798555,7.9,64.0,1,Tablet,45.0,16.7,1,5,0,2,2,2
2234,40,Male,Africa,Low,Bachelor,Full-time Employee,11.21,225,135,36,164,6.0,7.624332469304477,2.182119892677864,14.0,17.0,1.0,9.1,71.0,0,iPhone,74.0,48.2,1,0,1,0,1,3
2235,16,Female,Europe,Low,High School,Student,9.41,241,660,233,54,0.0,5.1543992270344186,2.7918450831061103,4.494356144197881,13.0,8.260162678063544,1.2,2.0,1,Android,53.0,57.1,0,2,1,1,3,0
2236,30,Male,Europe,Upper-Mid,Bachelor,Full-time Employee,6.75,189,486,90,71,0.0,6.381263657421406,3.66177351257997,3.0,5.0,4.237633829502973,8.0,23.0,0,Tablet,72.0,42.7,1,2,3,0,1,2
2237,31,Male,South America,Low,Bachelor,Full-time Employee,8.12,198,820,96,82,1.0,7.647010088472472,1.9303151961382667,4.0,11.0,8.25420255095468,1.6,0.0,0,iPhone,65.0,65.2,1,5,1,0,1,3
2238,21,Male,North America,Upper-Mid,High School,Student,5.45,126,306,401,111,6.0,8.602137575450687,3.255562415991733,4.0,3.0,1.0,9.4,19.0,0,Android,55.0,29.3,1,4,3,1,3,0
2239,24,Female,North America,High,Bachelor,Part-time/Shift,15.321028152585416,275,468,23,186,0.0,7.67012299113835,1.0,16.070219277189665,22.5,10.0,1.2,28.0,0,Tablet,61.0,69.7,0,4,0,0,2,2
2240,27,Female,Europe,Lower-Mid,Bachelor,Full-time Employee,5.66,106,294,244,55,0.0,7.689178237764549,3.7211781274763136,7.175462110779122,1.0,5.3656885149636135,8.2,49.0,0,Android,72.0,27.9,0,2,2,0,1,0
2241,33,Male,Africa,Lower-Mid,Bachelor,Unemployed_Looking,3.96,80,204,66,204,1.0,8.786886712716857,2.8038437917524406,4.0,6.0,10.0,9.4,68.0,0,Laptop,66.0,20.1,1,0,2,0,4,1
2242,16,Female,Asia,Low,High School,Part-time/Shift,6.1,107,820,96,83,2.0,9.531066329097866,3.9117500625914814,5.8802661258565365,2.0,1.1354067291989276,9.1,0.0,1,Tablet,71.0,46.9,0,1,1,1,2,2
2243,37,Female,Africa,High,High School,Part-time/Shift,7.23,83,181,125,76,5.0,7.606046825012889,3.082340748397665,4.491552843926789,5.0,1.0,9.3,33.0,0,Tablet,85.0,27.3,0,0,0,1,2,2
2244,20,Female,Asia,Low,Bachelor,Unemployed_Looking,6.13,196,179,74,0,1.0,5.618629650070587,1.8138723547160287,4.64848442213964,9.0,10.0,0.0,58.0,1,Android,49.0,33.8,0,1,1,0,4,0
2245,18,Male,South America,Lower-Mid,High School,Student,6.79,133,146,52,86,0.0,6.567984893496978,2.726330474044728,4.0,2.0,4.321029038799289,5.0,80.0,0,Android,81.0,28.0,1,5,2,1,3,0
2246,35,Male,Africa,Low,High School,Part-time/Shift,15.321028152585416,293,381,341,100,1.0,5.159513094019463,1.0,16.070219277189665,21.0,10.0,1.6,15.0,1,Android,66.0,71.1,1,0,1,1,2,0
2247,18,Male,Africa,Lower-Mid,High School,Unemployed_Looking,6.33,133,68,122,0,4.0,6.823985332794626,4.008087406764331,2.0,0.0,1.0558835491649192,9.0,80.0,0,iPhone,56.0,25.6,1,0,2,1,4,3
2248,40,Female,North America,High,Master,Full-time Employee,5.08,140,166,401,99,6.0,6.912312491402423,3.257634537866527,2.0,14.0,2.6513221552647384,7.1,32.0,0,Laptop,52.0,27.9,0,4,0,2,1,1
2249,33,Male,Europe,Low,Master,Full-time Employee,6.31,134,232,120,123,1.0,7.827267074141302,2.7274419605454887,2.0,4.0,3.2872854029466194,9.2,54.0,0,iPhone,63.0,31.0,1,2,1,2,1,3
2250,15,Female,North America,Low,High School,Student,3.91,91,548,204,35,6.0,8.970744392585582,3.235588252336212,5.464818336258994,8.0,1.0,9.1,17.0,0,Android,74.0,27.8,0,4,1,1,3,0
2251,26,Male,Africa,Low,PhD,Full-time Employee,3.97,69,417,401,75,4.0,6.5344021798335605,5.0,6.0,1.0,9.931663294471814,0.8,0.0,0,Laptop,64.0,24.0,1,0,1,3,1,1
2252,15,Female,Asia,Low,High School,Student,12.7,272,186,248,14,1.0,5.82548305136816,1.0,16.070219277189665,15.0,4.067642780000997,7.4,44.0,0,Tablet,80.0,54.6,0,1,1,1,3,2
2253,41,Male,Asia,Upper-Mid,PhD,Part-time/Shift,9.18,193,174,125,23,6.0,6.753299815835755,2.214312947517659,7.0,12.0,4.737524125924061,9.4,69.0,0,Android,50.0,42.5,1,1,3,3,2,0
2254,31,Male,South America,Upper-Mid,Bachelor,Full-time Employee,6.02,77,745,254,138,4.0,5.904343440266481,3.110099768322762,5.0,2.0,5.991681092141015,9.8,0.0,0,iPhone,65.0,38.3,1,5,3,0,1,3
2255,30,Female,Europe,High,Bachelor,Full-time Employee,6.28,71,120,77,136,7.0,4.16731299211848,3.2563363735919646,3.8241242420245807,2.0,1.5354342362276334,9.4,87.0,0,Laptop,52.0,22.7,0,2,0,0,1,1
2256,30,Female,Asia,Low,High School,Full-time Employee,11.22,215,311,47,257,1.0,7.495915828207717,1.7821884661031622,8.501161825946134,16.0,1.2299728541332249,6.5,46.0,0,Android,69.0,51.1,0,1,1,1,1,0
2257,25,Male,Asia,Upper-Mid,Master,Full-time Employee,2.72,54,245,35,0,5.0,8.557729919463824,4.107035477879686,2.0,3.0,1.0,8.1,54.0,0,Laptop,74.0,15.0,1,1,3,2,1,1
2258,34,Female,South America,Upper-Mid,High School,Part-time/Shift,8.68,171,394,60,270,5.0,6.470150475201919,1.1900759418958151,8.969082525622046,14.0,1.618641980200704,9.0,44.0,0,Android,61.0,44.1,0,5,3,1,2,0
2259,26,Female,Europe,Upper-Mid,Bachelor,Full-time Employee,14.42,294,183,253,102,3.0,5.877434577393101,1.03665506208537,16.070219277189665,21.0,10.0,1.3,64.0,1,iPhone,41.0,62.6,0,2,3,0,1,3
2260,43,Female,Europe,High,High School,Unemployed_Looking,11.15,245,263,59,146,3.0,6.3827474344861015,1.9022458630179533,9.663698635139896,13.0,9.036979617641006,5.3,56.0,0,Tablet,65.29930112427833,53.5,0,2,0,1,4,2
2261,23,Male,Asia,Low,Bachelor,Part-time/Shift,7.88,122,157,68,119,1.0,7.898347060514318,2.8625831249132,1.0,7.0,5.378119216339575,5.6,69.0,0,Laptop,69.0,30.7,1,1,1,0,2,1
2262,24,Male,Asia,Lower-Mid,Bachelor,Student,5.64,106,217,108,0,5.0,8.044446815861471,4.172755077252015,4.0,8.0,5.892839559439627,8.6,67.0,0,Tablet,69.0,25.7,1,1,2,0,3,2
2263,22,Female,North America,Upper-Mid,Bachelor,Unemployed_Looking,5.75,128,390,123,0,1.0,7.490169382793869,3.8899508280701096,7.266569049087485,3.0,7.22196843566994,0.8,35.0,1,iPhone,77.0,31.8,0,4,3,0,4,3
2264,22,Male,North America,Low,Bachelor,Part-time/Shift,7.59,201,181,315,50,2.0,7.13186205952867,1.9114111327506955,4.0,8.0,5.137137905665812,6.4,47.0,0,iPhone,54.0,37.7,1,4,1,0,2,3
2265,16,Female,Africa,Low,High School,Part-time/Shift,2.51,95,153,401,234,4.0,7.866231175089627,4.049712012323964,7.229317783090291,1.0,1.0,9.0,39.0,0,Android,72.0,14.9,0,0,1,1,2,0
2266,20,Male,Middle East,Lower-Mid,High School,Full-time Employee,7.06,128,181,185,148,5.0,6.115668475741503,4.189070496263234,4.0,7.0,4.901604457427592,9.6,57.0,0,Tablet,77.0,29.4,1,3,2,1,1,2
2267,24,Male,Asia,Upper-Mid,Bachelor,Unemployed_Looking,7.72,176,146,115,0,3.0,7.313648218678763,3.006985564316223,5.0,6.0,1.0630931508045147,8.4,66.0,0,Tablet,47.0,35.4,1,1,3,0,4,2
2268,24,Male,Asia,Lower-Mid,Bachelor,Student,7.06,147,183,77,185,0.0,7.204049514086671,1.8446313646582964,4.0,8.0,7.445265526355345,6.8,69.0,0,iPhone,68.0,31.7,1,1,2,0,3,3
2269,31,Male,North America,Lower-Mid,Bachelor,Full-time Employee,8.85,197,248,80,0,4.0,7.8888279657241265,1.0998604105859842,8.0,14.0,1.0,8.9,51.0,0,Tablet,60.0,42.7,1,4,2,0,1,2
2270,16,Male,Middle East,Low,High School,Student,3.23,84,268,109,0,5.0,6.764069640949534,3.139487060755847,2.0,6.0,1.0,9.0,38.0,0,Laptop,64.0,18.8,1,3,1,1,3,1
2271,42,Female,Asia,Upper-Mid,High School,Unemployed_Looking,15.0,286,69,154,0,7.0,7.096693547404795,1.2328737301093586,16.070219277189665,22.5,9.60604332754422,3.6,73.0,1,iPhone,68.0,61.1,0,1,3,1,4,3
2272,29,Female,Europe,Lower-Mid,Bachelor,Full-time Employee,4.14,116,186,93,0,4.0,8.295197110481093,3.0228791594781868,7.807604051514818,10.0,5.947181433475038,5.6,64.0,0,Tablet,60.0,22.9,0,2,2,0,1,2
2273,48,Female,North America,Lower-Mid,Master,Part-time/Shift,6.13,131,172,401,248,2.0,9.264293422054434,1.0,8.876569549304211,15.0,9.04766952689502,2.3,17.0,0,Laptop,58.0,30.3,0,4,2,2,2,1
2274,13,Male,Europe,Low,High School,Student,6.8,186,259,83,177,1.0,5.92374073427176,2.801517985744576,2.0,13.0,1.143367449871446,9.6,48.0,1,Tablet,65.0,35.4,1,2,1,1,3,2
2275,15,Female,Africa,Lower-Mid,High School,Student,4.61,64,111,82,229,3.0,6.79476332473195,3.018343754402777,4.807739027648706,9.0,3.073070404063028,8.5,62.0,0,iPhone,54.0,16.6,0,0,2,1,3,3
2276,30,Male,North America,Low,Bachelor,Part-time/Shift,0.48,29,673,246,0,6.0,8.79158254715039,4.211510751107383,7.0,4.0,1.0,8.6,1.0,0,Android,54.0,19.5,1,4,1,0,2,0
2277,20,Female,Asia,Lower-Mid,Bachelor,Full-time Employee,5.28,165,65,150,50,6.0,6.523554773684183,2.2627805689694127,1.643532902080319,8.0,4.704473653505161,9.5,78.0,1,Android,72.0,25.5,0,1,2,0,1,0
2278,13,Female,Europe,Low,High School,Student,9.34,191,252,125,332,5.0,7.167783128837846,3.1486883486066017,11.586009570396197,13.0,7.795478370831066,7.0,50.0,0,Laptop,54.0,42.0,0,2,1,1,3,1
2279,13,Male,South America,Low,High School,Student,9.39,142,361,333,115,2.0,4.181637973702512,1.872001116656676,3.0,16.0,7.265440430615222,9.8,36.0,0,Laptop,72.0,40.2,1,5,1,1,3,1
2280,35,Male,North America,Lower-Mid,High School,Caregiver/Home,3.21,43,168,146,124,2.0,8.26354822864989,3.8965369889028745,7.0,6.0,1.0,9.9,69.0,0,Tablet,70.0,14.3,1,4,2,1,0,2
2281,45,Male,Africa,Low,PhD,Part-time/Shift,8.83,145,346,35,107,4.0,7.374861484915318,3.0755298528906474,6.0,12.0,1.0,9.4,50.0,0,Android,48.0,42.4,1,0,1,3,2,0
2282,45,Male,Europe,Upper-Mid,High School,Full-time Employee,5.71,111,366,106,13,1.0,8.97513924257132,2.819232257470799,1.0,6.0,4.20768175955674,7.9,15.0,0,Tablet,58.0,32.3,1,2,3,1,1,2
2283,20,Male,Europe,Low,Bachelor,Part-time/Shift,14.94,236,96,149,169,1.0,4.57590942749296,1.0,16.070219277189665,18.0,10.0,0.2,80.0,0,Android,77.0,55.1,1,2,1,0,2,0
2284,31,Female,Europe,Upper-Mid,Bachelor,Full-time Employee,7.32,126,820,250,6,3.0,7.354043311869217,1.9335878693618,6.1490419417762165,13.0,5.085434399313413,9.3,0.0,0,Android,55.0,52.0,0,2,3,0,1,0
2285,39,Female,Africa,Upper-Mid,High School,Caregiver/Home,7.5,190,427,145,218,3.0,6.268593616389446,2.950391561479024,5.538995918513914,7.0,4.033962863358771,2.4,41.59859976662777,0,Tablet,60.0,44.2,0,0,3,1,0,2
2286,16,Male,South America,Low,High School,Student,6.48,167,500,166,15,4.0,9.990596740710156,3.164848058145625,5.0,6.0,1.0,9.4,22.0,0,Laptop,70.0,39.3,1,5,1,1,3,1
2287,33,Male,North America,Upper-Mid,Bachelor,Full-time Employee,3.28,42,253,259,185,2.0,7.314751971248121,4.9535790556655535,8.0,0.0,5.089189154781881,9.0,50.0,1,Android,73.0,16.3,1,4,3,0,1,0
2288,33,Female,Africa,High,Bachelor,Full-time Employee,9.47,257,328,69,38,2.0,5.692303922692786,1.8184636863038903,8.457055165144546,12.0,6.102450953070462,6.1,37.0,0,Laptop,62.0,51.4,0,0,0,0,1,1
2289,24,Male,Europe,Low,Bachelor,Full-time Employee,3.99,132,173,21,0,5.0,8.443533945878668,3.013461214059333,5.0,5.0,1.0,9.8,76.0,0,Laptop,59.0,23.2,1,2,1,0,1,1
2290,21,Male,North America,Low,Bachelor,Student,6.55,142,398,182,32,3.0,5.970106520607651,3.975849995813571,4.0,0.0,6.173577672720933,9.6,45.0,0,iPhone,79.0,35.0,1,4,1,0,3,3
2291,23,Male,Africa,Lower-Mid,Bachelor,Part-time/Shift,6.12,160,268,197,86,6.0,5.5575178539218975,4.2563679502527085,1.0,14.0,1.0,9.7,41.59859976662777,0,Laptop,82.0,36.68415185296776,1,0,2,0,2,1
2292,22,Male,Asia,Lower-Mid,Bachelor,Student,5.46,98,114,25,144,5.0,7.90500767069162,4.105812570063541,1.0,2.0,1.7421709642827128,8.1,85.0,0,Android,75.0,21.6,1,1,2,0,3,0
2293,22,Male,Africa,Low,Bachelor,Part-time/Shift,5.95,141,180,116,111,2.0,7.542551932183238,1.9432386675542728,0.0,9.0,1.0,8.1,76.0,0,Tablet,65.29930112427833,28.3,1,0,1,0,2,2
2294,24,Female,Africa,Upper-Mid,Master,Student,8.35,159,134,117,14,3.0,5.612747985222394,2.975023102991489,4.572193587316511,8.0,5.119818618786279,9.0,64.0,0,Android,57.0,34.8,0,0,3,2,3,0
2295,28,Male,North America,Low,Bachelor,Full-time Employee,11.69,247,59,250,141,4.0,6.477789553059443,1.043771954351544,12.0,17.0,8.815016004875286,5.0,47.0,1,iPhone,57.0,48.7,1,4,1,0,1,3
2296,42,Male,Europe,Lower-Mid,Bachelor,Part-time/Shift,2.54,38,364,325,212,2.0,8.045612258981414,3.929961489953136,8.0,0.0,10.0,0.0,32.0,0,iPhone,70.0,17.9,1,2,2,0,2,3
2297,26,Female,Asia,Low,Master,Full-time Employee,7.17,106,103,165,187,4.0,5.414703800074656,1.0253312286927794,5.796664331988718,13.0,2.917004133246889,5.0,55.0,0,Laptop,69.0,26.5,0,1,1,2,1,1
2298,26,Female,Africa,Upper-Mid,Master,Full-time Employee,4.18,79,445,162,83,3.0,8.986466767084362,3.957705058650952,7.207950167611778,4.0,1.0,9.9,18.0,0,Android,79.0,25.6,0,0,3,2,1,0
2299,24,Female,South America,Lower-Mid,Bachelor,Student,5.22,94,230,24,153,2.0,8.55786310192234,4.9256640942509,3.1790936183882263,3.0,3.015777215533192,8.9,53.0,0,Laptop,72.0,23.9,0,5,2,0,3,1
2300,31,Male,South America,Low,PhD,Unemployed_Looking,9.47,186,197,147,73,3.0,7.05439232330956,1.9704705778878333,7.0,14.0,1.0,6.5,42.0,0,Tablet,50.0,42.2,1,5,1,3,4,2
2301,22,Female,Europe,Low,High School,Full-time Employee,7.24,179,665,145,115,5.0,7.600221625134672,3.227248475603538,8.993452486304829,6.0,9.81056008846781,0.2,17.0,0,Laptop,76.0,46.7,0,2,1,1,1,1
2302,34,Male,Asia,High,Bachelor,Full-time Employee,5.43,106,298,118,44,6.0,8.513150147517036,3.24638557617421,6.0,10.0,8.731397364578482,5.8,37.0,0,iPhone,55.0,28.6,1,1,0,0,1,3
2303,17,Female,Europe,Lower-Mid,High School,Student,6.76,137,571,281,173,0.0,6.576360273835958,2.763827135367498,7.7151446395226175,12.0,8.284753135451277,7.7,0.0,0,iPhone,61.0,36.68415185296776,0,2,2,1,3,3
2304,28,Female,Asia,Upper-Mid,PhD,Full-time Employee,4.19,87,128,84,157,5.0,7.688446260048102,4.129334429631397,7.119509430140722,0.0,7.79872610134705,1.7,79.0,1,Laptop,68.0,18.8,0,1,3,3,1,1
2305,44,Female,South America,High,Bachelor,Full-time Employee,13.03,290,56,401,98,4.0,5.462024613297146,3.0956627521733733,12.799558684822358,20.0,9.891840142507764,6.7,40.0,1,Laptop,85.0,56.1,0,5,0,0,1,1
2306,44,Male,North America,High,Master,Caregiver/Home,9.6,166,465,166,76,5.0,7.063584634097973,1.1156792732945686,5.0,9.0,6.816206335656876,4.8,15.0,0,Laptop,89.0,47.6,1,4,0,2,0,1
2307,26,Female,North America,Low,PhD,Full-time Employee,6.53,132,149,90,64,4.0,6.294018775133606,3.0660439058978683,4.7370529952788605,2.0,4.877202456106078,5.6,64.0,0,Tablet,71.0,28.4,0,4,1,3,1,2
2308,42,Female,North America,Upper-Mid,Bachelor,Part-time/Shift,14.65,284,294,8,48,3.0,5.782097178433358,1.0,16.070219277189665,19.0,9.914545023490176,2.7,55.0,1,iPhone,63.0,66.0,0,4,3,0,2,3
2309,22,Female,Africa,Low,Bachelor,Part-time/Shift,3.81,115,319,234,41,1.0,8.218808070819657,4.864243157159148,6.514485948764031,0.0,4.468585196226904,8.6,17.0,0,iPhone,70.0,24.5,0,0,1,0,2,3
2310,30,Female,Middle East,Low,Bachelor,Full-time Employee,4.38,88,211,111,23,1.0,7.264125521651496,3.826801322410708,5.278395078251206,7.0,5.141232876816175,8.2,65.0,0,iPhone,74.0,21.4,0,3,1,0,1,3
2311,32,Female,Asia,Low,High School,Full-time Employee,4.77,76,96,109,148,4.0,9.610228008155197,4.151050671522786,7.78689957315749,2.0,1.0,8.7,51.0,0,Tablet,62.0,18.9,0,1,1,1,1,2
2312,34,Female,Europe,High,Bachelor,Full-time Employee,3.21,56,258,62,122,7.0,9.443756540227652,3.4111938683116554,8.621134100385342,0.0,7.469465841555187,7.9,56.0,0,Laptop,83.0,17.2,0,2,0,0,1,1
2313,21,Male,North America,Lower-Mid,Bachelor,Full-time Employee,5.45,103,128,401,60,5.0,6.3603847469969415,3.1699756345063084,6.0,2.0,9.664489989157694,2.6,19.0,0,Laptop,67.0,22.5,1,4,2,0,1,1
2314,27,Female,North America,Upper-Mid,High School,Student,15.02,303,90,31,177,4.0,5.539640656883437,1.055346283898288,16.070219277189665,15.0,9.938592761564324,0.1,76.0,1,iPhone,70.0,61.6,0,4,3,1,3,3
2315,28,Female,Asia,Upper-Mid,High School,Full-time Employee,12.68,282,196,274,102,5.0,5.432233606357263,1.0845064363283723,16.070219277189665,14.0,9.838203191108596,2.1,41.0,0,Laptop,72.0,57.1,0,1,3,1,1,1
2316,27,Female,North America,Lower-Mid,Bachelor,Full-time Employee,8.56,171,662,139,117,2.0,6.177918846165475,1.9373932213073173,9.231970594440195,11.0,9.244712277738357,1.4,0.0,0,Tablet,69.0,49.7,0,4,2,0,1,2
2317,23,Female,Asia,Low,Master,Unemployed_Looking,5.32,132,82,170,220,7.0,8.078798345322303,3.302093177322929,7.1204714038925445,8.0,2.6431918151103666,9.5,61.0,0,iPhone,73.0,23.5,0,1,1,2,4,3
2318,32,Male,North America,Lower-Mid,Bachelor,Full-time Employee,3.12,48,456,61,82,4.0,8.626661802409567,4.078826760295616,5.0,2.0,3.91878178471648,7.5,46.0,0,iPhone,59.0,21.9,1,4,2,0,1,3
2319,22,Female,Europe,Low,Bachelor,Student,4.22,123,225,287,107,3.0,7.6626963894066975,3.058529744113947,2.589560828111528,7.0,9.961311480819951,1.0,25.0,0,iPhone,59.0,24.0,0,2,1,0,3,3
2320,43,Male,Middle East,High,Master,Part-time/Shift,5.09,61,134,150,128,5.0,8.849558703361495,3.0905884975014835,0.0,4.0,1.0,8.2,52.0,0,Tablet,54.0,20.6,1,3,0,2,2,2
2321,22,Female,Asia,Lower-Mid,Bachelor,Student,5.24,114,209,91,74,1.0,7.126088868684059,1.7660558791235514,4.789486131517639,6.0,9.324613316287191,7.0,52.0,0,iPhone,69.0,25.0,0,1,2,0,3,3
2322,48,Female,Europe,Upper-Mid,Bachelor,Unemployed_Looking,2.73,14,139,98,159,0.0,8.989337381659265,4.720565147032326,7.096524680694383,0.0,5.257111716512313,9.2,61.0,0,Android,73.0,11.1,0,2,3,0,4,0
2323,31,Male,Middle East,Low,PhD,Full-time Employee,5.72,76,593,48,119,2.0,7.441119361414652,3.933215788631968,5.0,3.0,10.0,2.6,23.0,0,Tablet,70.0,33.6,1,3,1,3,1,2
2324,26,Female,Asia,Upper-Mid,Bachelor,Full-time Employee,14.75,233,596,192,176,4.0,5.780181500520003,1.0796683803486171,16.070219277189665,16.0,9.942290820738265,0.0,4.0,1,Tablet,82.0,67.5,0,1,3,0,1,2
2325,24,Female,Europe,High,Bachelor,Student,6.72,112,234,21,0,1.0,7.601548937752719,2.7674866619628298,5.317982304589059,8.0,5.222652924074722,10.0,67.0,0,Android,65.0,29.3,0,2,0,0,3,0
2326,28,Female,Europe,High,Bachelor,Full-time Employee,3.16,67,124,187,125,4.0,7.427583385795124,3.089752663373017,7.602017307110118,3.0,1.0,8.3,67.0,0,Android,72.0,14.4,0,2,0,0,1,0
2327,48,Female,Africa,Upper-Mid,High School,Caregiver/Home,7.43,122,255,66,0,5.0,6.392583407676892,2.071749020989988,6.204069532865207,8.0,3.890792435154986,8.3,51.0,0,iPhone,54.0,34.9,0,0,3,1,0,3
2328,20,Male,Middle East,Low,Bachelor,Part-time/Shift,1.67,57,300,66,83,7.0,8.668187025553607,4.249691865410725,6.0,5.0,2.5959892120047017,9.6,55.0,1,Tablet,61.0,14.1,1,3,1,0,2,2
2329,19,Male,Asia,Lower-Mid,High School,Student,7.87,202,268,134,152,2.0,8.392601677874492,2.886382865284917,5.0,10.0,4.121322818810352,7.5,50.0,0,Tablet,72.0,36.68415185296776,1,1,2,1,3,2
2330,19,Male,Africa,Lower-Mid,Bachelor,Student,12.76,267,148,129,20,1.0,4.7636065810718415,2.7845995252488573,15.0,22.0,8.370221893616579,6.418568102444702,50.0,1,Android,73.0,53.9,1,0,2,0,3,0
2331,24,Female,North America,High,Bachelor,Full-time Employee,10.31,265,140,401,117,4.0,5.785934340543708,1.0964179927704396,9.17400356457756,8.0,9.005393753605121,3.0,29.0,1,Android,62.0,48.5,0,4,0,0,1,0
2332,24,Male,Europe,Lower-Mid,Bachelor,Student,5.57,139,294,298,0,3.0,7.064244557063245,2.9863592988911893,2.0,11.0,1.0,6.0,41.0,0,Laptop,65.29930112427833,30.4,1,2,2,0,3,1
2333,35,Male,Europe,Upper-Mid,Master,Full-time Employee,8.0,159,354,181,0,0.0,7.484642078282834,1.0,4.0,14.0,1.0,8.0,30.0,0,Android,50.0,40.9,1,2,3,2,1,0
2334,36,Male,Europe,Lower-Mid,PhD,Part-time/Shift,6.97,91,820,29,77,4.0,6.221744373283149,3.0395657500701723,7.0,9.0,9.958286650720543,4.0,0.0,0,Android,61.0,53.9,1,2,2,3,2,0
2335,41,Male,Africa,High,PhD,Caregiver/Home,4.31,55,820,15,73,4.0,7.719299596152278,4.045814910785856,3.0,4.0,9.986613319409557,9.1,0.0,0,iPhone,74.0,44.6,1,0,0,3,0,3
2336,22,Male,Asia,Upper-Mid,Bachelor,Full-time Employee,7.8,198,101,128,160,3.0,6.578522237593423,2.032559505194223,2.0,15.0,2.816917770073284,7.1,71.0,0,Laptop,71.0,35.5,1,1,3,0,1,1
2337,13,Female,Africa,Low,High School,Student,7.15,133,296,279,14,7.0,7.234668805644004,2.2870329089719776,5.731354286501145,8.0,1.0,7.8,38.0,0,Laptop,70.0,32.5,0,0,1,1,3,1
2338,13,Male,Middle East,Lower-Mid,High School,Part-time/Shift,6.69,147,112,401,0,2.0,6.702032155212433,2.966855993529754,7.0,9.0,5.110456999530506,5.6,41.0,0,Android,65.0,28.1,1,3,2,1,2,0
2339,24,Male,Asia,Lower-Mid,Bachelor,Student,6.54,75,290,268,161,4.0,8.920115251318123,1.0789664288571177,1.0,12.0,1.9130982998057788,9.3,43.0,0,Tablet,65.0,27.2,1,1,2,0,3,2
2340,34,Male,Africa,Low,Master,Full-time Employee,7.35,184,111,375,72,4.0,6.413670133357532,1.0,6.0,12.0,9.858176165995078,2.3,49.0,0,Android,58.0,34.9,1,0,1,2,1,0
2341,29,Female,Middle East,Upper-Mid,Master,Full-time Employee,7.48,135,375,66,134,2.0,7.121132437250326,2.951034251851849,4.946122119171413,9.0,3.1319372152418734,2.5,32.0,0,Laptop,72.0,36.9,0,3,3,2,1,1
2342,32,Female,Africa,High,Bachelor,Full-time Employee,10.26,158,268,401,278,6.0,5.33617705851964,3.2573306461874,6.540988142982052,14.0,7.829100252052628,0.5,0.0,1,iPhone,65.29930112427833,36.68415185296776,0,0,0,0,1,3
2343,28,Male,North America,High,Bachelor,Full-time Employee,7.07,196,80,153,40,5.0,6.855121155520525,3.1793762922401783,6.0,8.0,9.78854190418189,1.5,65.0,0,Tablet,70.0,33.5,1,4,0,0,1,2
2344,27,Female,North America,High,Bachelor,Full-time Employee,5.13,113,820,50,177,3.0,5.951550954401074,2.876491455813872,2.7726749177622976,3.0,8.114525385048609,1.8,0.0,1,Android,60.0,48.6,0,4,0,0,1,0
2345,23,Female,Middle East,Lower-Mid,Bachelor,Student,12.25,217,426,381,157,1.0,5.39342096142019,1.0,16.070219277189665,16.0,10.0,0.0,16.0,1,Laptop,43.0,56.8,0,3,2,0,3,1
2346,21,Male,South America,Upper-Mid,High School,Student,4.5,84,820,114,42,2.0,7.689815290323586,3.862720489466538,4.0,3.0,8.204492853886649,4.9,0.0,0,iPhone,76.0,45.7,1,5,3,1,3,3
2347,19,Female,Asia,Low,High School,Part-time/Shift,7.44,147,199,111,99,3.0,6.927771744485486,1.929984306363115,10.267816034625344,11.0,6.03741196879491,9.0,65.0,0,Tablet,65.29930112427833,32.8,0,1,1,1,2,2
2348,13,Male,Africa,Low,High School,Student,6.12,90,255,246,93,4.0,6.934857399772655,5.0,5.0,1.0,9.958928628519285,1.4,48.0,0,Laptop,56.0,25.8,1,0,1,1,3,1
2349,23,Male,Europe,Low,Master,Full-time Employee,3.7,99,299,39,177,4.0,7.304804076393426,4.051336626446711,5.0,6.0,1.931338902703942,10.0,60.0,0,iPhone,72.0,22.4,1,2,1,2,1,3
2350,34,Male,Middle East,Lower-Mid,Bachelor,Full-time Employee,7.42,162,746,11,0,7.0,5.477674708293391,2.2897509019967086,2.0,7.0,1.0,4.6,41.59859976662777,0,Android,61.0,49.3,1,3,2,0,1,0
2351,17,Male,Asia,Low,High School,Student,15.23,315,305,50,87,5.0,5.719571430476977,1.15941007745044,16.070219277189665,20.0,9.618846974652431,2.6,30.0,1,Tablet,76.0,67.6,1,1,1,1,3,2
2352,16,Male,Europe,Lower-Mid,High School,Part-time/Shift,13.07,229,263,273,207,4.0,8.519471718968052,3.080390101732362,15.0,18.0,2.8171806171395373,5.0,35.0,0,Tablet,71.0,54.1,1,2,2,1,2,2
2353,24,Female,Asia,Low,Master,Student,14.09,307,343,139,0,1.0,7.987470304959031,1.0,16.070219277189665,18.0,10.0,3.2,36.0,1,Tablet,65.29930112427833,65.9,0,1,1,2,3,2
2354,22,Female,South America,Low,Bachelor,Student,10.59,250,180,401,0,3.0,7.201879138980232,1.9397224978836665,12.424292462800553,15.0,4.873796432033455,9.3,22.0,0,iPhone,51.0,49.0,0,5,1,0,3,3
2355,21,Male,Europe,Low,Bachelor,Part-time/Shift,5.4,93,102,50,269,6.0,7.352274372319564,4.141054876641845,3.0,3.0,4.675294497506345,9.9,56.0,0,Laptop,77.0,20.5,1,2,1,0,2,1
2356,26,Female,Middle East,High,Bachelor,Full-time Employee,6.0,106,439,68,74,1.0,7.394515685116426,3.832286392205359,4.735450191102016,8.0,9.245957949320244,1.7,53.0,0,Laptop,68.0,32.4,0,3,0,0,1,1
2357,29,Male,Europe,Upper-Mid,PhD,Full-time Employee,6.61,154,356,68,6,7.0,7.48638844385538,2.277134328411465,1.0,11.0,7.544976856820078,9.3,44.0,0,Tablet,61.0,36.3,1,2,3,3,1,2
2358,28,Female,Europe,Lower-Mid,Master,Full-time Employee,8.08,217,192,77,133,4.0,6.4532868536178185,3.052694396562956,5.278775378702704,7.0,1.0,8.5,66.0,0,Android,66.0,40.7,0,2,2,2,1,0
2359,18,Female,North America,Low,Bachelor,Full-time Employee,4.05,78,108,214,123,1.0,5.810124006031738,3.708345100103092,7.013109978342344,4.0,6.272031792615463,5.0,55.0,0,Laptop,47.0,16.8,0,4,1,0,1,1
2360,34,Male,South America,Lower-Mid,Bachelor,Full-time Employee,3.99,70,235,188,172,7.0,7.842800214053335,3.2760863378936422,5.0,3.0,1.0,9.7,46.0,0,Laptop,69.0,20.1,1,5,2,0,1,1
2361,23,Male,South America,High,Bachelor,Full-time Employee,6.11,127,94,122,0,3.0,6.229090885588069,3.027796887332775,6.0,8.0,4.96060354984477,2.5,55.0,0,Laptop,55.0,25.8,1,5,0,0,1,1
2362,14,Female,North America,Low,High School,Part-time/Shift,10.97,220,216,108,183,2.0,3.8742382921262744,1.0,13.37080407743816,12.0,9.097787702779176,5.2,60.0,1,Android,65.29930112427833,47.5,0,4,1,1,2,0
2363,35,Male,Europe,Upper-Mid,Bachelor,Part-time/Shift,6.4,136,162,210,77,1.0,5.852508764911253,1.8482142585246533,3.0,15.0,10.0,2.5,41.0,1,Laptop,50.0,30.2,1,2,3,0,2,1
2364,25,Female,Asia,Upper-Mid,Bachelor,Student,3.77,68,407,46,102,6.0,7.272565201939827,3.144921040859004,4.181798243444094,4.0,4.524030545807939,8.9,31.0,0,iPhone,76.0,22.7,0,1,3,0,3,3
2365,15,Male,Europe,Lower-Mid,High School,Part-time/Shift,11.01,294,368,161,0,2.0,4.914613307123996,1.0,11.0,14.0,10.0,4.7,46.0,1,iPhone,59.0,57.7,1,2,2,1,2,3
2366,13,Female,North America,Low,High School,Student,2.73,70,282,103,21,4.0,7.575006446303842,4.088125131087893,7.36421807029823,6.0,8.005544061882423,9.0,46.0,0,Tablet,80.0,16.1,0,4,1,1,3,2
2367,43,Male,Europe,Lower-Mid,Bachelor,Part-time/Shift,7.26,137,397,156,265,6.0,7.966213982645597,3.2058348538281822,5.0,7.0,6.799072382543391,7.3,29.0,0,Laptop,65.29930112427833,38.8,1,2,2,0,2,1
2368,29,Male,Asia,Lower-Mid,Bachelor,Part-time/Shift,3.89,111,820,126,182,2.0,7.83562690077345,1.7909039154188893,6.0,5.0,1.0,8.7,0.0,0,Android,48.0,38.4,1,1,2,0,2,0
2369,21,Male,North America,Low,Bachelor,Part-time/Shift,3.41,74,238,58,245,3.0,8.893741124538009,5.0,4.0,1.0,5.937143656463542,8.5,68.0,0,Laptop,54.0,18.4,1,4,1,0,2,1
2370,20,Female,Asia,Low,Bachelor,Full-time Employee,5.21,105,268,401,58,5.0,9.41989563393425,4.102201345435482,5.586849429958798,9.0,1.8259822278944668,8.9,37.0,1,Tablet,77.0,36.68415185296776,0,1,1,0,1,2
2371,39,Female,Africa,High,High School,Part-time/Shift,9.61,126,183,28,158,0.0,5.749302340539575,3.749694735003599,8.246715756799574,8.0,10.0,0.6,73.0,1,iPhone,63.0,37.4,0,0,0,1,2,3
2372,31,Female,Middle East,Upper-Mid,High School,Full-time Employee,8.69,194,195,41,114,5.0,7.573061579759579,2.135229354966484,8.142197104350346,9.0,1.0,9.3,64.0,0,Android,60.0,40.7,0,3,3,1,1,0
2373,48,Male,North America,Upper-Mid,Master,Full-time Employee,6.44,162,294,86,0,4.0,9.315678530631985,3.128844767559807,0.0,6.0,4.953911013086044,2.7,63.0,0,Tablet,67.0,36.6,1,4,3,2,1,2
2374,23,Male,Asia,High,Master,Student,6.56,126,268,74,112,0.0,7.192140110857587,3.726118094650985,4.0,5.0,6.448164548951085,9.6,67.0,1,Laptop,70.0,36.68415185296776,1,1,0,2,3,1
2375,16,Female,North America,Lower-Mid,High School,Student,11.39,192,150,202,179,0.0,4.84666551322642,1.7316307644465627,8.408484032608254,11.0,2.29768714999373,8.2,60.0,0,Laptop,76.0,43.9,0,4,2,1,3,1
2376,24,Female,Africa,Upper-Mid,Bachelor,Student,7.91,126,148,128,266,2.0,5.642658362955364,1.971086500668308,4.352750309863783,3.0,6.126194751540322,8.9,56.0,0,Android,79.0,30.7,0,0,3,0,3,0
2377,14,Female,Europe,Lower-Mid,High School,Student,4.83,131,820,110,121,2.0,6.314042108896466,2.859244618956867,4.232164767644311,7.0,1.274560799415061,6.6,0.0,0,Android,61.0,50.2,0,2,2,1,3,0
2378,23,Female,Europe,Low,Bachelor,Student,6.16,106,211,105,145,5.0,6.414186213707597,4.17252580450504,11.021918137306622,10.0,8.808508894239322,6.8,66.0,1,Laptop,52.0,27.2,0,2,1,0,3,1
2379,25,Female,North America,Low,Bachelor,Full-time Employee,14.29,231,218,139,102,5.0,6.2382742107822295,1.1218788757907276,16.070219277189665,17.0,4.722866826809806,4.4,70.0,0,iPhone,61.0,57.1,0,4,1,0,1,3
2380,25,Male,North America,High,Bachelor,Full-time Employee,9.26,213,194,141,130,4.0,6.793254676134325,4.001797920237646,4.0,9.0,4.877218154516119,7.3,58.0,0,Tablet,68.0,42.9,1,4,0,0,1,2
2381,26,Female,North America,Upper-Mid,High School,Student,5.86,112,157,36,293,7.0,10.11767367268452,3.291636998464211,3.383487453076815,1.0,1.0,6.4,76.0,0,iPhone,55.0,25.8,0,4,3,1,3,3
2382,23,Male,Africa,Upper-Mid,Bachelor,Part-time/Shift,8.21,152,243,274,27,3.0,4.836473146954974,3.006625630421534,1.0,10.0,3.065852507201256,8.2,22.0,0,Laptop,55.0,36.7,1,0,3,0,2,1
2383,18,Male,Africa,Lower-Mid,Bachelor,Full-time Employee,7.97,105,280,130,188,4.0,6.939220781476058,4.119610510336718,5.0,4.0,2.8590908819290406,6.6,55.0,0,Laptop,68.0,32.2,1,0,2,0,1,1
2384,14,Male,South America,Lower-Mid,High School,Student,10.21,209,337,401,29,3.0,7.510293048221759,3.045775074008419,8.0,10.0,1.0589622405740533,10.0,17.0,0,Android,65.0,47.5,1,5,2,1,3,0
2385,24,Male,South America,Upper-Mid,Bachelor,Student,7.08,166,105,77,92,4.0,5.964487460213598,3.037186814626616,6.0,10.0,6.871881424732891,5.2,84.0,0,iPhone,65.0,31.5,1,5,3,0,3,3
2386,18,Male,Africa,Low,Bachelor,Full-time Employee,3.57,82,672,197,44,0.0,8.123423681384544,2.683023982349249,9.0,2.0,9.186947791660328,4.0,0.0,0,Laptop,57.0,30.1,1,0,1,0,1,1
2387,28,Female,Africa,Upper-Mid,High School,Part-time/Shift,4.8,132,105,242,242,4.0,7.969031952184843,2.035988073359019,8.461146503635309,8.0,1.0,9.6,45.0,0,iPhone,63.0,23.6,0,0,3,1,2,3
2388,26,Male,Asia,Upper-Mid,High School,Student,14.24,260,820,218,147,6.0,4.711573046829017,1.1526177678649014,16.070219277189665,22.5,9.729618020481873,2.6,0.0,1,Tablet,65.29930112427833,72.54999999999998,1,1,3,1,3,2
2389,40,Male,North America,Low,Bachelor,Caregiver/Home,15.321028152585416,290,306,100,88,3.0,3.8742382921262744,1.0,16.070219277189665,18.0,2.078700125601861,3.6,49.0,0,Laptop,74.0,69.0,1,4,1,0,0,1
2390,16,Female,Europe,Low,High School,Student,2.22,45,788,30,156,4.0,9.339348996814014,4.034841754156905,8.20116833395998,2.0,1.0,8.7,38.0,0,Tablet,75.0,16.2,0,2,1,1,3,2
2391,13,Female,Europe,Lower-Mid,High School,Student,9.14,222,136,49,20,2.0,6.513091980825987,1.9285302413522147,9.227513732651987,14.0,5.081428800445415,3.9,79.0,0,Laptop,47.0,41.4,0,2,2,1,3,1
2392,26,Male,Africa,Upper-Mid,High School,Student,9.44,191,203,185,235,4.0,7.326096460593209,2.941628259342174,7.0,16.0,1.9628839908946665,6.418568102444702,60.0,0,Laptop,56.0,42.1,1,0,3,1,3,1
2393,23,Male,Europe,Low,Bachelor,Full-time Employee,3.94,98,120,82,0,0.0,7.537272892837283,3.695706046646528,2.0,3.0,1.0,8.1,71.0,0,Tablet,50.0,19.0,1,2,1,0,1,2
2394,22,Female,Africa,Lower-Mid,Bachelor,Student,4.43,139,268,233,9,3.0,5.457604513999875,1.0,6.036251233976589,8.0,1.03817294110566,8.7,75.0,0,Android,58.0,36.68415185296776,0,0,2,0,3,0
2395,34,Male,North America,Lower-Mid,Bachelor,Full-time Employee,6.91,116,342,401,0,2.0,7.512996332756594,2.951512093764778,6.0,11.0,2.1777591661579363,9.8,0.0,0,Android,65.29930112427833,33.8,1,4,2,0,1,0
2396,33,Female,Asia,High,High School,Part-time/Shift,6.78,138,42,112,0,6.0,8.748673008437253,1.1560020866613585,6.242503485461058,16.0,6.692013911204064,4.7,65.0,0,Laptop,51.0,28.0,0,1,0,1,2,1
2397,28,Female,Asia,Upper-Mid,Master,Unemployed_Looking,6.78,158,127,27,7,4.0,5.286907278133252,2.0632578863203426,4.947165001956509,9.0,7.807276200466248,4.5,86.0,1,Tablet,56.0,31.2,0,1,3,2,4,2
2398,17,Male,Europe,Low,High School,Student,8.06,225,820,288,0,6.0,7.309668136749516,2.2052878848104203,7.0,7.0,1.7951352794904458,8.1,0.0,0,Android,55.0,57.5,1,2,1,1,3,0
2399,25,Male,Europe,Upper-Mid,Bachelor,Full-time Employee,13.84,162,125,65,18,7.0,5.0861512646796445,3.3437310754699863,16.070219277189665,21.0,7.683901206956003,1.1,57.0,1,Laptop,65.29930112427833,47.7,1,2,3,0,1,1
2400,20,Female,Middle East,Lower-Mid,Bachelor,Student,6.53,106,461,290,0,0.0,9.076402711502825,3.7621780371763873,9.98185323728697,6.0,5.413679996746202,8.7,22.0,0,Laptop,66.0,33.7,0,3,2,0,3,1
2401,31,Female,Europe,Low,Bachelor,Full-time Employee,6.15,184,268,41,133,5.0,7.276281782352638,5.0,6.185059807470768,6.0,1.0,9.0,85.0,0,Android,58.0,36.68415185296776,0,2,1,0,1,0
2402,35,Female,Asia,High,Master,Part-time/Shift,4.27,78,120,91,89,7.0,10.06302044626304,5.0,7.874965176323331,5.0,1.0,8.3,68.0,0,Tablet,65.29930112427833,18.7,0,1,0,2,2,2
2403,15,Male,Africa,Low,High School,Student,12.48,240,115,127,41,3.0,7.013001093692212,1.0,9.0,22.5,5.108780444136181,9.6,72.0,0,Android,60.0,50.1,1,0,1,1,3,0
2404,31,Female,Asia,Lower-Mid,High School,Part-time/Shift,8.04,242,820,112,0,2.0,6.752777922831981,1.9045100139287467,11.63595416381163,20.0,9.273405053270702,7.5,0.0,0,Laptop,62.0,67.2,0,1,2,1,2,1
2405,24,Male,Europe,Upper-Mid,Master,Part-time/Shift,7.1,199,219,124,0,1.0,5.2145556856120265,3.838795577474112,2.0,3.0,9.32938730497497,2.6,49.0,1,iPhone,82.0,36.7,1,2,3,2,2,3
2406,21,Female,South America,Low,High School,Full-time Employee,3.48,81,820,288,114,3.0,7.755627073619261,3.893296994117402,5.788112204559409,2.0,1.042385198347845,9.8,0.0,0,Tablet,78.0,35.9,0,5,1,1,1,2
2407,33,Female,North America,Upper-Mid,Bachelor,Part-time/Shift,5.77,106,120,79,305,1.0,6.6225577422071,2.7505863793311907,2.9196119373509424,5.0,1.145644956169226,8.5,80.0,0,iPhone,52.0,24.9,0,4,3,0,2,3
2408,33,Male,Africa,Upper-Mid,High School,Full-time Employee,6.24,176,285,195,108,0.0,5.835840046527472,1.7450029426194438,0.0,12.0,1.3692707385459255,8.4,39.0,1,iPhone,73.0,35.5,1,0,3,1,1,3
2409,44,Female,Middle East,Lower-Mid,High School,Full-time Employee,3.93,83,431,306,224,6.0,7.863193904232514,4.2286513898418026,7.810683434541247,3.0,3.738267117626066,8.1,20.0,0,iPhone,73.0,26.8,0,3,2,1,1,3
2410,23,Female,Asia,Upper-Mid,Bachelor,Student,6.76,87,388,108,45,3.0,8.062425141650383,2.922508009236532,9.052828831206224,0.0,10.0,3.0,46.0,0,Laptop,54.0,36.68415185296776,0,1,3,0,3,1
2411,31,Female,Europe,Upper-Mid,Bachelor,Full-time Employee,4.82,84,259,74,171,6.0,7.971929767093743,3.182991069853008,6.206730961279829,4.0,2.826052274703996,9.4,53.0,1,iPhone,73.0,23.4,0,2,3,0,1,3
2412,13,Female,Europe,Lower-Mid,High School,Student,3.39,75,197,153,162,7.0,7.513563527903812,3.199754507199646,6.116571022947059,5.0,1.0,8.3,63.0,0,iPhone,80.0,15.9,0,2,2,1,3,3
2413,33,Male,Asia,Lower-Mid,Master,Full-time Employee,2.85,74,192,74,157,3.0,8.056118795954951,4.040903569931796,6.0,0.0,8.205358475530202,7.7,79.0,0,Tablet,54.0,17.0,1,1,2,2,1,2
2414,22,Male,Asia,Lower-Mid,Bachelor,Student,7.98,174,760,148,68,6.0,6.599731363052451,4.146700585162987,8.0,5.0,9.576997964354875,4.0,0.0,0,Android,65.29930112427833,51.1,1,1,2,0,3,0
2415,48,Male,Asia,Lower-Mid,PhD,Caregiver/Home,6.13,133,175,98,16,7.0,6.798585496699742,2.318691918690595,2.0,7.0,1.0,8.6,76.0,0,Laptop,75.0,30.1,1,1,2,3,0,1
2416,14,Female,Asia,Low,High School,Student,8.81,202,743,161,70,1.0,4.632939434060322,2.810523052739949,11.441299060518752,10.0,9.186423585228454,1.9,0.0,1,Android,68.0,53.9,0,1,1,1,3,0
2417,30,Female,South America,Upper-Mid,High School,Full-time Employee,3.67,110,778,90,0,3.0,8.160996283488405,4.036520055722373,7.121771678830391,0.0,3.8847017403700494,8.8,0.0,0,Laptop,71.0,36.1,0,5,3,1,1,1
2418,21,Male,South America,Lower-Mid,Bachelor,Student,6.85,217,229,169,54,6.0,7.573197562994554,4.172081600892671,1.0,9.0,4.701598975854188,9.5,56.0,0,Tablet,68.0,38.0,1,5,2,0,3,2
2419,48,Female,Europe,Lower-Mid,Master,Full-time Employee,4.95,71,359,96,225,4.0,9.082210357623534,4.054987653854912,4.959911915334004,2.0,5.814192826342467,4.4,39.0,0,Android,69.0,26.9,0,2,2,2,1,0
2420,17,Male,North America,Lower-Mid,High School,Student,5.49,116,268,185,162,7.0,6.674547250944842,3.2066576036663,3.0,9.0,9.598313835986485,0.0,53.0,0,Android,65.29930112427833,36.68415185296776,1,4,2,1,3,0
2421,15,Female,South America,Low,High School,Part-time/Shift,7.24,127,820,68,0,4.0,7.083284132323146,1.954998676490905,5.580503418093095,6.0,9.9335481820637,3.6,0.0,1,Laptop,75.0,55.2,0,5,1,1,2,1
2422,13,Male,Africa,Lower-Mid,High School,Student,12.66,302,191,199,112,4.0,6.300151119021833,2.0817416975311667,9.0,15.0,6.020249954963019,8.5,62.0,0,Laptop,65.29930112427833,57.1,1,0,2,1,3,1
2423,27,Male,Middle East,Lower-Mid,Bachelor,Full-time Employee,11.44,257,124,75,185,4.0,4.965507234896783,1.0,6.0,22.0,4.810159831435028,3.6,66.0,0,Android,63.0,50.4,1,3,2,0,1,0
2424,22,Female,North America,Low,Bachelor,Student,1.01,141,148,164,254,1.0,6.424593497125542,2.8008602108258915,4.777133937324337,0.0,10.0,6.418568102444702,64.0,0,Android,65.0,36.68415185296776,0,4,1,0,3,0
2425,24,Male,Europe,Low,Bachelor,Full-time Employee,8.16,169,253,170,0,4.0,7.27018793004773,3.1024897907365387,5.0,11.0,1.9386130782385265,6.9,47.0,0,iPhone,50.0,38.5,1,2,1,0,1,3
2426,28,Male,Asia,Upper-Mid,Bachelor,Unemployed_Looking,8.29,146,194,83,65,5.0,7.047605621814389,3.169143904739385,5.0,15.0,9.9065617163759,4.1,61.0,0,Android,70.0,35.1,1,1,3,0,4,0
2427,30,Male,South America,Upper-Mid,High School,Full-time Employee,4.25,80,277,28,37,0.0,7.531086486838949,2.6991571695534304,2.0,3.0,1.3222779807296965,9.9,64.0,0,Android,71.0,22.2,1,5,3,1,1,0
2428,15,Male,North America,Low,High School,Student,5.24,85,257,121,44,5.0,8.706901124012264,3.0523845051142424,5.0,7.0,1.7176742171460564,9.4,51.0,0,Laptop,64.0,23.3,1,4,1,1,3,1
2429,29,Female,Africa,Low,High School,Full-time Employee,5.3,105,157,130,102,2.0,7.277826614057539,2.917630474227153,3.1516580046121283,11.0,5.046392412376895,0.6,49.0,0,Android,76.0,23.5,0,0,1,1,1,0
2430,19,Male,Europe,Lower-Mid,High School,Part-time/Shift,6.83,130,750,204,11,5.0,5.70628521177674,3.19892250107766,2.0,11.0,7.720909187793763,6.8,41.59859976662777,1,iPhone,62.0,43.8,1,2,2,1,2,3
2431,20,Male,Africa,Lower-Mid,Bachelor,Student,6.14,110,265,142,169,2.0,6.388100098332833,2.8590438272110954,4.0,12.0,1.1820174907078171,8.3,38.0,0,Android,71.0,28.0,1,0,2,0,3,0
2432,37,Female,Asia,High,PhD,Full-time Employee,8.31,273,108,230,63,6.0,6.044180317811594,2.171528662611053,12.218615724132937,10.0,4.835894687735297,8.2,63.0,0,Tablet,55.0,45.0,0,1,0,3,1,2
2433,31,Male,Africa,Lower-Mid,Bachelor,Part-time/Shift,6.76,91,195,82,156,4.0,8.305302278579697,4.025679920194443,6.0,7.0,1.0,9.7,65.0,0,Laptop,65.0,36.68415185296776,1,0,2,0,2,1
2434,33,Male,Europe,Upper-Mid,High School,Full-time Employee,13.02,230,450,82,0,3.0,4.985992150159513,1.0006208102814904,13.0,14.0,4.087610324205777,2.8,19.0,0,Laptop,63.0,60.6,1,2,3,1,1,1
2435,36,Male,Africa,Low,High School,Unemployed_Looking,10.21,282,208,182,224,0.0,7.850729096054122,1.0,7.0,16.0,5.234942710081337,6.2,62.0,0,Android,67.0,52.4,1,0,1,1,4,0
2436,19,Male,South America,Lower-Mid,High School,Student,13.06,280,820,112,66,3.0,7.093049438998899,1.0,16.070219277189665,18.0,5.051705200279338,0.0,0.0,0,Tablet,61.0,72.54999999999998,1,5,2,1,3,2
2437,13,Male,South America,Low,High School,Student,10.12,140,231,401,9,2.0,7.625331835377804,2.817241640678144,9.0,16.0,9.197277367781137,8.6,19.0,1,iPhone,64.0,38.7,1,5,1,1,3,3
2438,19,Female,Africa,Lower-Mid,High School,Student,6.35,105,97,236,0,5.0,6.246887698428214,2.2488094780312733,7.0,5.0,9.708403802064982,0.6,63.0,0,iPhone,73.0,23.6,0,0,2,1,3,3
2439,41,Female,Europe,Low,PhD,Unemployed_Looking,8.56,142,355,401,195,1.0,6.149609698207819,1.8034049481531165,6.477207360711004,12.0,5.233994539084788,9.2,12.0,0,Android,61.0,40.9,0,2,1,3,4,0
2440,30,Female,Africa,High,Bachelor,Full-time Employee,12.48,230,676,40,0,3.0,4.754758518327373,1.98468501452565,12.653272301575964,16.0,10.0,0.7,18.0,1,Android,49.0,65.2,0,0,0,0,1,0
2441,27,Female,Europe,Upper-Mid,Bachelor,Full-time Employee,4.6,123,226,180,166,0.0,9.84816639256204,2.697789901919978,4.116823114707941,4.0,1.0,7.2,49.0,0,Android,82.0,24.8,0,2,3,0,1,0
2442,45,Male,Europe,Upper-Mid,Bachelor,Unemployed_Looking,8.3,144,288,401,103,5.0,7.93612664913719,2.156307777407287,1.0,16.0,9.931090029023272,1.7,52.0,0,Android,79.0,38.7,1,2,3,0,4,0
2443,16,Male,Asia,Low,High School,Student,13.95,309,185,178,49,4.0,4.479852048178844,1.099928062072969,16.070219277189665,17.0,9.959060992287426,2.1,64.0,1,iPhone,52.0,61.5,1,1,1,1,3,3
2444,13,Male,South America,Lower-Mid,High School,Student,7.88,178,227,119,154,3.0,7.474785190316419,3.987030183319781,3.0,7.0,10.0,4.8,44.0,0,Android,72.0,36.2,1,5,2,1,3,0
2445,25,Male,Asia,Low,Bachelor,Full-time Employee,6.76,124,291,52,6,4.0,8.554360538372162,2.1389679221886144,1.0,4.0,9.897749099880562,9.5,54.0,0,Android,60.0,36.68415185296776,1,1,1,0,1,0
2446,41,Male,Europe,Lower-Mid,Bachelor,Part-time/Shift,7.04,132,276,36,187,4.0,7.095628444334499,2.035587788840838,3.0,5.0,1.0,8.1,45.0,0,Android,68.0,34.3,1,2,2,0,2,0
2447,23,Male,Europe,Lower-Mid,Bachelor,Student,2.54,55,378,401,73,7.0,8.980025457935463,5.0,10.0,4.0,1.0,8.9,23.0,0,Android,68.0,18.1,1,2,2,0,3,0
2448,18,Female,Europe,Lower-Mid,Bachelor,Student,9.13,224,328,241,153,3.0,6.081963200228407,1.9836106923050048,8.782290714784722,14.0,10.0,4.9,33.0,0,Laptop,63.0,46.4,0,2,2,0,3,1
2449,43,Female,Europe,Upper-Mid,High School,Caregiver/Home,12.37,181,117,75,83,5.0,6.891280057119853,1.155057744209956,16.070219277189665,18.0,5.826823020521718,3.8,50.0,0,Android,57.0,47.6,0,2,3,1,0,0
2450,47,Female,South America,Low,Bachelor,Full-time Employee,3.81,74,383,4,63,2.0,8.116656274003955,3.9035530942475054,7.289410600271899,8.0,1.0,8.6,44.0,0,iPhone,58.0,25.3,0,5,1,0,1,3
2451,18,Male,Asia,Lower-Mid,Bachelor,Part-time/Shift,5.08,80,245,165,297,5.0,9.660369058227316,4.067588910586896,0.0,3.0,1.0,9.7,72.0,0,Laptop,56.0,22.7,1,1,2,0,2,1
2452,41,Female,North America,High,Bachelor,Full-time Employee,4.31,84,506,172,145,0.0,8.648926880945467,2.748012202260638,3.0910990058303054,6.0,1.0,9.7,0.0,1,iPhone,57.0,29.9,0,4,0,0,1,3
2453,45,Male,North America,Lower-Mid,High School,Full-time Employee,5.58,129,293,24,161,4.0,10.029464614275016,4.033216339097721,2.0,3.0,1.0,2.0,39.0,0,Laptop,64.0,31.4,1,4,2,1,1,1
2454,26,Female,North America,Upper-Mid,Bachelor,Full-time Employee,3.45,75,203,43,158,4.0,8.149956312358173,4.022876167634161,6.469303824718638,2.0,8.875469647192853,1.9,61.0,0,Android,58.0,18.0,0,4,3,0,1,0
2455,22,Male,Europe,Low,Bachelor,Student,9.07,216,513,91,89,5.0,6.601752191989915,2.133433764672313,6.0,7.0,8.809180436334433,9.8,44.0,0,Android,72.0,50.4,1,2,1,0,3,0
2456,47,Male,South America,Low,High School,Caregiver/Home,6.92,119,139,72,91,4.0,5.72221984753127,4.003848883971432,0.0,7.0,9.964019712019232,9.2,67.0,1,Tablet,80.0,29.6,1,5,1,1,0,2
2457,37,Male,Asia,Lower-Mid,Master,Unemployed_Looking,9.04,116,560,401,120,2.0,7.23554240726351,2.835386164950715,3.0,10.0,2.225060879993603,9.1,0.0,0,Laptop,59.0,44.8,1,1,2,2,4,1
2458,14,Female,North America,Lower-Mid,High School,Student,3.9,99,514,70,92,5.0,10.169899530796878,3.001036213934458,6.985942554856809,4.0,1.0,8.4,14.0,0,Tablet,67.0,27.7,0,4,2,1,3,2
2459,17,Male,Asia,Low,High School,Student,8.71,177,820,209,147,0.0,6.600049928338594,1.0,9.0,16.0,6.35750108394652,4.9,0.0,0,Laptop,70.0,53.9,1,1,1,1,3,1
2460,14,Female,South America,Lower-Mid,High School,Student,11.33,216,190,233,0,1.0,4.245802619554672,1.0,9.410894688607373,13.0,10.0,3.3,49.0,1,Laptop,70.0,46.9,0,5,2,1,3,1
2461,20,Male,Africa,Lower-Mid,High School,Student,2.25,85,332,209,113,6.0,6.384657545349708,5.0,7.0,0.0,9.69852421627792,1.3,53.0,0,Android,65.29930112427833,18.5,1,0,2,1,3,0
2462,47,Female,Africa,Upper-Mid,Bachelor,Unemployed_Looking,6.1,89,288,131,19,3.0,7.372984272410941,2.938679212896802,8.306225618916493,7.0,3.111760448734682,6.8,36.0,0,Android,72.0,29.1,0,0,3,0,4,0
2463,29,Male,Europe,Low,Master,Full-time Employee,9.55,149,483,329,36,3.0,5.37497255312376,2.828238760638814,5.0,10.0,2.0767289025224343,9.5,14.0,0,Laptop,70.0,45.8,1,2,1,2,1,1
2464,45,Female,Asia,Low,Master,Part-time/Shift,3.66,70,607,79,136,4.0,6.902863282796325,3.0154985745268186,12.998309491988888,2.0,1.0072354907381411,7.5,7.0,0,Tablet,53.0,30.2,0,1,1,2,2,2
2465,33,Male,Asia,Lower-Mid,PhD,Full-time Employee,4.83,116,129,66,53,4.0,7.64740675709276,3.0877183351960964,5.0,5.0,3.865985798888148,3.2,71.0,0,Tablet,74.0,23.0,1,1,2,3,1,2
2466,24,Female,North America,Lower-Mid,Bachelor,Student,7.96,132,172,109,206,6.0,5.666545582086016,3.2588030207111025,4.219034271527981,6.0,3.653308792352875,0.8,69.0,0,Laptop,74.0,32.1,0,4,2,0,3,1
2467,21,Male,North America,Low,High School,Student,6.85,149,141,64,276,4.0,6.884352340830045,3.084039618018058,5.0,3.0,8.932388393585926,0.7,80.0,0,Laptop,57.0,30.3,1,4,1,1,3,1
2468,43,Female,North America,Upper-Mid,High School,Full-time Employee,7.38,88,455,194,277,0.0,6.376633465860732,2.740306041738484,6.933042144121743,0.0,8.23424033175296,6.7,22.0,0,Android,65.0,36.2,0,4,3,1,1,0
2469,14,Female,North America,Lower-Mid,High School,Student,4.76,131,465,263,288,4.0,8.33926691882002,2.117118725634462,7.329773857099177,7.0,1.0,6.8,31.0,1,iPhone,72.0,31.1,0,4,2,1,3,3
2470,34,Female,North America,Upper-Mid,High School,Full-time Employee,4.98,87,465,91,0,3.0,9.455511069506615,2.9556135136367074,6.301345098504119,11.0,1.0,9.4,30.0,0,iPhone,63.0,29.9,0,4,3,1,1,3
2471,33,Male,Africa,Upper-Mid,Master,Full-time Employee,7.43,122,198,154,27,6.0,8.546668519048362,3.265953751338128,0.0,10.0,1.0,9.0,56.0,0,iPhone,76.0,31.5,1,0,3,2,1,3
2472,40,Male,Asia,High,High School,Part-time/Shift,7.11,110,209,61,175,1.0,7.215048693961583,3.793041965361608,4.0,8.0,1.282522671744761,8.2,51.0,0,Tablet,89.0,30.2,1,1,0,1,2,2
2473,19,Female,North America,Low,Bachelor,Full-time Employee,4.54,74,129,121,28,4.0,7.70336608176544,2.0078679528940047,6.714549009177951,6.0,1.0,9.7,59.0,0,Tablet,57.0,18.0,0,4,1,0,1,2
2474,46,Female,Africa,Lower-Mid,High School,Full-time Employee,8.37,169,190,67,78,5.0,7.851478548842124,2.081524012913525,5.289426336017257,15.0,1.0,6.7,57.0,0,Android,51.0,39.3,0,0,2,1,1,0
2475,50,Female,Europe,Lower-Mid,High School,Part-time/Shift,8.78,205,341,59,190,3.0,7.149023831541599,1.918815553682487,11.43308984685988,9.0,9.960106893233547,0.0,46.0,0,Laptop,68.0,47.1,0,2,2,1,2,1
2476,24,Male,North America,Low,Bachelor,Part-time/Shift,15.321028152585416,307,139,258,0,3.0,5.226522216995607,1.0049937761812588,16.070219277189665,19.0,10.0,0.0,54.0,1,Laptop,65.29930112427833,65.6,1,4,1,0,2,1
2477,37,Female,North America,High,High School,Full-time Employee,13.25,209,593,193,20,5.0,6.864400878339939,1.094672383379797,16.070219277189665,14.0,8.018286791431443,2.5,0.0,1,Android,63.0,63.4,0,4,0,1,1,0
2478,35,Male,Europe,Low,Bachelor,Caregiver/Home,10.36,176,74,65,65,4.0,6.917531125943492,2.0002735760861454,5.0,9.0,1.0,9.6,65.0,0,Android,80.0,39.9,1,2,1,0,0,0
2479,18,Female,Europe,Low,Bachelor,Full-time Employee,7.29,208,340,379,248,5.0,6.782587344725015,2.167496422917719,3.655990719376652,1.0,6.913568243989708,5.5,23.0,0,Android,52.0,41.4,0,2,1,0,1,0
2480,26,Male,Europe,Low,Master,Full-time Employee,3.03,62,179,311,80,3.0,7.254078040580502,3.988438894264746,5.0,0.0,5.114378530519002,6.7,46.0,0,Laptop,72.0,14.8,1,2,1,2,1,1
2481,45,Male,South America,High,Master,Full-time Employee,6.61,153,820,401,226,6.0,7.070096221133488,2.2598239046736994,3.0,10.0,2.599491828807106,7.4,0.0,0,iPhone,59.0,51.7,1,5,0,2,1,3
2482,42,Male,South America,High,Bachelor,Full-time Employee,10.76,277,676,26,272,2.0,6.8202888838315205,1.0,7.0,14.0,10.0,0.0,18.0,0,Tablet,82.0,65.3,1,5,0,0,1,2
2483,31,Female,Africa,Low,Master,Part-time/Shift,14.53,287,133,239,77,6.0,5.59834493021301,1.1740387265215435,16.070219277189665,8.0,9.72948072373454,2.0,45.0,1,Tablet,85.0,60.1,0,0,1,2,2,2
2484,42,Male,South America,Lower-Mid,Bachelor,Full-time Employee,3.57,64,820,116,94,0.0,8.592767406360904,4.736191564774289,5.0,4.0,10.0,10.0,0.0,0,Tablet,57.0,44.3,1,5,2,0,1,2
2485,13,Male,Africa,Low,High School,Student,5.0,101,820,97,107,3.0,6.47236349559299,2.9782970242796183,4.0,5.0,6.976950501961869,9.5,0.0,0,Tablet,60.0,45.3,1,0,1,1,3,2
2486,50,Female,Asia,High,PhD,Full-time Employee,11.39,195,583,67,80,6.0,6.117515937894407,1.165736372607709,7.621717204460698,21.0,9.628387365005148,3.0,13.0,1,Laptop,74.0,58.5,0,1,0,3,1,1
2487,50,Male,Asia,Lower-Mid,Master,Caregiver/Home,7.55,155,257,20,174,5.0,6.4932727717660725,2.076578413229951,3.0,11.0,1.0,9.1,41.59859976662777,0,iPhone,61.0,38.0,1,1,2,2,0,3
2488,20,Female,Africa,Low,Bachelor,Student,2.57,106,472,226,63,7.0,8.420503125834424,4.257542868672282,7.175266660102501,4.0,4.603404468062374,8.9,12.0,0,Laptop,65.0,24.6,0,0,1,0,3,1
2489,37,Female,Europe,Upper-Mid,High School,Part-time/Shift,11.12,246,90,112,133,2.0,4.917795530011318,1.0,13.421713404258886,19.0,7.23859111428219,6.1,66.0,0,Android,65.0,48.7,0,2,3,1,2,0
2490,30,Male,Europe,Lower-Mid,Bachelor,Full-time Employee,10.39,234,346,81,121,3.0,6.914302742668815,1.0,11.0,16.0,7.182664365923203,4.2,57.0,0,Tablet,46.0,52.4,1,2,2,0,1,2
2491,20,Male,North America,Lower-Mid,Bachelor,Part-time/Shift,3.38,91,80,158,117,5.0,9.958304168051324,4.193453001503987,11.0,6.0,1.0,8.7,74.0,0,Laptop,65.0,15.3,1,4,2,0,2,1
2492,22,Male,Asia,Lower-Mid,Bachelor,Student,7.68,175,230,121,98,0.0,6.292074049488477,1.7089534184768702,0.0,9.0,1.425632891594734,9.4,55.0,0,Tablet,58.0,36.9,1,1,2,0,3,2
2493,24,Male,North America,Upper-Mid,Bachelor,Student,5.68,95,297,125,0,3.0,6.726158954715026,4.016482315718134,5.0,9.0,4.956932279361187,8.6,48.0,0,Laptop,60.0,27.1,1,4,3,0,3,1
2494,46,Female,Europe,Low,High School,Full-time Employee,6.06,142,260,371,103,7.0,6.589537614832731,3.33670353190606,3.118928534254639,4.0,1.0,9.8,24.0,0,Tablet,79.0,32.5,0,2,1,1,1,2
2495,39,Male,Europe,High,Bachelor,Part-time/Shift,9.91,184,294,104,246,4.0,8.424529430543743,3.099554543735495,10.0,7.0,1.0,8.4,48.0,1,Android,52.0,46.2,1,2,0,0,2,0
2496,34,Male,Asia,Lower-Mid,Bachelor,Unemployed_Looking,7.18,106,206,401,0,3.0,7.066593834131931,1.0,4.0,5.0,6.98668437729906,4.9,18.0,0,Laptop,73.0,29.9,1,1,2,0,4,1
2497,23,Female,Middle East,Low,Master,Student,6.44,131,359,116,0,1.0,6.66154849559514,3.881139416486676,2.902363737359013,3.0,6.296481668805412,9.7,76.0,0,Tablet,62.0,33.4,0,3,1,2,3,2
2498,23,Female,North America,Upper-Mid,Bachelor,Student,7.61,204,268,85,160,0.0,7.148570664571774,1.0,9.340795827849863,12.0,5.41445696339253,6.5,0.0,0,Laptop,62.0,36.68415185296776,0,4,3,0,3,1
2499,34,Male,Europe,High,High School,Full-time Employee,12.03,131,334,104,0,4.0,6.434889368263463,1.1376015048049068,12.0,20.0,9.97366984722138,5.1,51.0,0,Laptop,73.0,36.68415185296776,1,2,0,1,1,1
2500,24,Male,Europe,Lower-Mid,Master,Student,13.51,242,471,80,65,0.0,5.75961356595103,1.0,16.070219277189665,16.0,5.438828843096793,3.3,29.0,0,Laptop,68.0,62.3,1,2,2,2,3,1
2501,32,Male,Europe,Low,Master,Unemployed_Looking,5.66,61,270,61,246,1.0,8.162067677785666,3.829685399930959,2.0,8.0,10.0,3.4,33.0,0,Android,71.0,23.9,1,2,1,2,4,0
2502,33,Male,Middle East,Upper-Mid,Master,Part-time/Shift,13.47,202,696,336,15,3.0,3.9311767477417687,1.0,16.070219277189665,20.0,10.0,6.418568102444702,0.0,1,iPhone,75.0,65.2,1,3,3,2,2,3
2503,25,Female,North America,Upper-Mid,Master,Full-time Employee,6.44,161,223,101,127,5.0,7.807251793366222,3.084983669644376,5.98624654014354,6.0,1.0,7.3,57.0,0,Laptop,62.0,32.7,0,4,3,2,1,1
2504,21,Female,Asia,Upper-Mid,High School,Student,12.08,222,307,96,37,2.0,5.201177083442733,1.0,14.850127286942309,12.0,9.068517482262736,1.0,32.0,1,Tablet,59.0,53.1,0,1,3,1,3,2
2505,27,Male,Africa,Upper-Mid,Bachelor,Full-time Employee,6.28,190,665,38,190,5.0,9.708736040129736,3.05730552815582,2.0,12.0,1.0,8.9,28.0,0,Android,54.0,46.4,1,0,3,0,1,0
2506,38,Male,Middle East,High,High School,Caregiver/Home,9.41,96,353,11,63,5.0,5.382902119058133,1.0991004456466344,8.0,13.0,9.92152366906305,3.9,57.0,1,Android,57.0,38.8,1,3,0,1,0,0
2507,13,Female,Europe,Low,High School,Student,8.82,146,135,57,247,5.0,4.32558897636218,4.031855271289761,5.980510285976063,10.0,5.863294862997213,7.3,74.0,0,Laptop,89.0,32.8,0,2,1,1,3,1
2508,45,Male,Europe,High,Bachelor,Unemployed_Looking,10.87,192,90,304,0,5.0,8.384846452145855,1.2097409877827916,5.0,11.0,9.825918105988936,1.6,42.0,1,Tablet,77.0,43.8,1,2,0,0,4,2
2509,41,Male,Europe,High,High School,Unemployed_Looking,11.25,229,61,337,102,2.0,7.295777415851287,1.0,14.0,20.0,1.1686046645622854,2.5,52.0,0,Laptop,51.0,47.5,1,2,0,1,4,1
2510,18,Male,South America,Lower-Mid,Bachelor,Part-time/Shift,11.25,192,273,52,44,5.0,6.921137409999114,2.2401538636754665,12.0,10.0,8.835167937532514,2.7,36.0,1,Tablet,52.0,47.7,1,5,2,0,2,2
2511,23,Male,Africa,Upper-Mid,Bachelor,Student,8.11,120,490,275,177,5.0,7.025040573833813,2.171957158260626,4.0,8.0,4.734177712396301,7.8,27.0,0,Android,70.0,39.6,1,0,3,0,3,0
2512,23,Female,Middle East,Lower-Mid,Bachelor,Full-time Employee,4.54,74,46,207,197,6.0,8.500383377219622,5.0,4.752802771675807,3.0,1.0,1.8,73.0,0,Tablet,70.0,15.9,0,3,2,0,1,2
2513,27,Female,Asia,Low,Bachelor,Part-time/Shift,4.76,77,418,193,95,2.0,9.345712384773543,3.862844346430327,5.0,3.0,7.137486288116288,9.5,25.0,0,Laptop,65.29930112427833,26.5,0,1,1,0,2,1
2514,20,Male,Europe,Lower-Mid,Bachelor,Full-time Employee,4.98,99,431,83,0,1.0,7.9372072940425245,3.759953585763247,3.0,0.0,4.25669376346472,0.0,24.0,0,iPhone,62.0,28.8,1,2,2,0,1,3
2515,39,Male,North America,Low,Bachelor,Part-time/Shift,7.51,123,218,102,163,3.0,7.895589169716266,1.0,4.0,7.0,4.038186090614572,10.0,41.0,0,Laptop,64.0,33.1,1,4,1,0,2,1
2516,33,Male,Asia,Lower-Mid,PhD,Part-time/Shift,13.96,296,493,180,92,4.0,7.550414353110841,1.0483493178742438,16.070219277189665,18.0,2.984854771308136,2.0,13.0,0,Android,68.0,69.4,1,1,2,3,2,0
2517,48,Female,Asia,Upper-Mid,High School,Part-time/Shift,6.36,92,187,30,183,0.0,7.61369946309847,3.665422928176595,8.822432572785212,1.0,3.33957993743904,8.8,51.0,0,Android,66.0,27.7,0,1,3,1,2,0
2518,34,Female,Europe,Upper-Mid,Master,Full-time Employee,5.44,89,819,100,102,2.0,5.7642111565233245,3.81631281031896,8.343879317261173,4.0,6.188830693026553,8.9,0.0,0,Tablet,43.0,40.8,0,2,3,2,1,2
2519,43,Male,Europe,Low,Master,Unemployed_Looking,4.42,124,369,204,47,3.0,7.85906729408466,2.9241051882839555,0.0,6.0,1.025712558959038,8.4,31.0,0,Laptop,63.0,30.1,1,2,1,2,4,1
2520,21,Male,Middle East,Lower-Mid,Bachelor,Full-time Employee,8.57,176,380,331,154,2.0,5.306025248622613,1.0,5.0,16.0,5.289661075437082,1.5,18.0,1,Android,65.29930112427833,42.8,1,3,2,0,1,0
2521,24,Female,Africa,Upper-Mid,Bachelor,Unemployed_Looking,8.27,140,466,71,121,3.0,5.190632080208585,2.0827042706417,10.8009978605167,11.0,8.04373659848327,5.7,45.0,1,Tablet,67.0,36.68415185296776,0,0,3,0,4,2
2522,24,Female,Africa,Upper-Mid,Bachelor,Full-time Employee,8.92,149,359,146,193,6.0,5.830950200382588,1.2219437628968546,10.266178605837226,4.0,8.904998734880175,7.6,43.0,1,Tablet,89.0,40.0,0,0,3,0,1,2
2523,29,Female,Africa,High,Bachelor,Full-time Employee,2.24,43,246,224,30,4.0,8.91155554892954,5.0,7.0,2.0,5.9589275695034125,6.6,43.0,1,Tablet,69.0,13.5,0,0,0,0,1,2
2524,29,Male,North America,Low,PhD,Full-time Employee,5.94,194,202,87,207,0.0,7.701207541614847,3.715570425359384,4.0,8.0,5.339723901085129,8.1,41.0,0,Laptop,62.0,34.1,1,4,1,3,1,1
2525,23,Female,Africa,Upper-Mid,Master,Student,6.5,104,109,186,44,5.0,7.403147995092555,3.085085394519176,3.1672007175677868,8.0,1.0,8.5,73.0,0,Android,74.0,24.5,0,0,3,2,3,0
2526,30,Female,Europe,High,Bachelor,Part-time/Shift,6.19,118,168,182,220,3.0,7.852721173406308,3.040799327621497,12.327230958697902,6.0,6.9218484144205386,7.3,37.0,0,Tablet,70.0,27.2,0,2,0,0,2,2
2527,21,Male,North America,Upper-Mid,High School,Full-time Employee,10.01,180,124,72,176,2.0,6.149011541049272,2.985834550839233,6.0,10.0,1.064476975722472,9.9,89.0,0,Laptop,69.0,39.7,1,4,3,1,1,1
2528,16,Male,Middle East,Low,High School,Student,8.19,156,305,99,14,3.0,8.09701960964484,2.9273694204491703,3.0,12.0,1.0,9.8,49.0,0,Tablet,71.0,37.4,1,3,1,1,3,2
2529,17,Female,Asia,Lower-Mid,High School,Student,12.57,259,114,47,0,1.0,6.683087847085739,1.0,16.070219277189665,20.0,8.28189081823615,2.8,71.0,0,Tablet,86.0,51.4,0,1,2,1,3,2
2530,26,Female,Asia,High,Master,Full-time Employee,7.51,177,132,187,40,4.0,7.24370508728573,2.0294317033023845,10.414954910708191,12.0,4.888673412531328,9.7,53.0,0,Tablet,54.0,34.6,0,1,0,2,1,2
2531,28,Male,Africa,Lower-Mid,Master,Part-time/Shift,5.9,150,48,60,108,2.0,8.067115184783935,2.8711437774011275,1.0,1.0,1.0,9.2,74.0,0,Tablet,70.0,26.0,1,0,2,2,2,2
2532,23,Female,North America,High,Bachelor,Unemployed_Looking,6.3,132,156,96,21,3.0,8.35195887325666,2.031335787512628,6.284267439841841,13.0,10.0,0.5,68.0,0,Android,56.0,28.2,0,4,0,0,4,0
2533,25,Male,North America,Upper-Mid,Master,Full-time Employee,7.86,147,186,401,0,4.0,7.8352875032696,1.0,7.0,17.0,9.923741974085354,2.3,30.0,0,Laptop,71.0,33.7,1,4,3,2,1,1
2534,19,Female,Asia,Low,Bachelor,Full-time Employee,6.23,142,134,107,25,3.0,8.6137461102257,2.99536385928795,6.545256222824495,0.0,1.0,9.0,77.0,0,Tablet,65.29930112427833,27.9,0,1,1,0,1,2
2535,23,Female,Asia,High,Bachelor,Student,13.83,304,303,56,204,5.0,6.652947814651615,3.1682215672999443,16.070219277189665,18.0,7.730188905659996,2.4,64.0,1,iPhone,61.0,64.3,0,1,0,0,3,3
2536,22,Female,North America,Upper-Mid,Bachelor,Full-time Employee,4.41,74,385,93,114,6.0,8.086356757366225,3.204586746851318,7.067961650436777,6.0,9.705694242088128,0.0,39.0,0,iPhone,62.0,24.3,0,4,3,0,1,3
2537,30,Male,Europe,Lower-Mid,Bachelor,Full-time Employee,5.85,127,404,207,185,0.0,7.416110883688218,2.7770398353001986,5.0,2.0,10.0,5.6,37.0,0,iPhone,75.0,33.1,1,2,2,0,1,3
2538,26,Male,North America,Upper-Mid,High School,Full-time Employee,9.09,230,482,59,141,3.0,6.199945530417389,1.9794229667680072,8.0,12.0,4.112200028829714,7.2,40.0,0,Android,74.0,51.2,1,4,3,1,1,0
2539,17,Male,Europe,Low,High School,Student,8.07,187,244,140,0,4.0,4.41075020104317,3.1127815143956985,7.0,10.0,8.751583311786852,6.1,47.0,0,Laptop,53.0,38.8,1,2,1,1,3,1
2540,17,Female,North America,Low,High School,Student,7.16,133,187,401,101,6.0,6.409915383504536,1.1355840402851165,6.673149385726591,9.0,8.602291702823896,0.0,20.0,0,Laptop,66.0,30.3,0,4,1,1,3,1
2541,33,Female,Europe,Upper-Mid,Bachelor,Full-time Employee,10.65,203,128,163,84,7.0,4.769018808087246,1.274140186077824,11.879583333785003,15.0,9.602640322033032,6.418568102444702,68.0,1,Android,58.0,44.7,0,2,3,0,1,0
2542,21,Female,Africa,Lower-Mid,Bachelor,Part-time/Shift,6.96,105,587,267,173,1.0,8.335435405147733,1.8086804304050663,9.39301235994374,7.0,3.374415434283935,4.0,11.0,0,Android,65.29930112427833,38.4,0,0,2,0,2,0
2543,33,Female,Europe,High,Bachelor,Full-time Employee,4.86,90,571,193,249,7.0,8.235485471406962,2.1579685799046,5.172380952294063,4.0,7.629295414552095,5.3,11.0,0,Android,63.0,32.5,0,2,0,0,1,0
2544,16,Female,Africa,Low,High School,Student,9.17,147,257,144,60,3.0,5.910137838726812,1.917742738062208,5.781126430266325,12.0,9.929155704004016,6.8,40.0,0,Tablet,62.0,38.0,0,0,1,1,3,2
2545,27,Male,Asia,Upper-Mid,Bachelor,Unemployed_Looking,6.7,121,277,56,156,6.0,5.229648105438674,3.1710143428134696,2.0,6.0,1.0,9.6,52.0,0,iPhone,89.0,30.7,1,1,3,0,4,3
2546,47,Male,Africa,Lower-Mid,Master,Full-time Employee,9.44,215,428,83,145,2.0,9.128141370184716,2.939566030885544,5.0,15.0,10.0,3.1,58.0,0,iPhone,69.0,51.4,1,0,2,2,1,3
2547,31,Male,Europe,Low,Master,Full-time Employee,2.6,36,50,31,0,3.0,7.360600697563884,3.9366982074254047,4.0,8.0,1.0,8.8,76.0,0,Tablet,51.0,9.4,1,2,1,2,1,2
2548,27,Male,North America,Low,Bachelor,Full-time Employee,6.29,79,278,132,166,5.0,4.734903802046062,3.090905712569352,5.0,0.0,7.748816714291151,8.2,36.0,1,Android,59.0,27.1,1,4,1,0,1,0
2549,49,Male,Europe,Lower-Mid,Bachelor,Unemployed_Looking,7.99,188,255,184,179,1.0,7.755105701786792,2.853145376580428,4.0,8.0,8.368495021453644,5.7,34.0,0,Tablet,75.0,41.3,1,2,2,0,4,2
2550,15,Male,Europe,Lower-Mid,High School,Student,3.99,119,28,177,22,3.0,8.27674760934431,3.891144842451632,2.0,9.0,1.0,8.3,90.0,0,iPhone,86.0,16.8,1,2,2,1,3,3
2551,38,Male,South America,Upper-Mid,Master,Part-time/Shift,4.06,79,244,19,0,5.0,8.37190855617068,4.028247458562472,10.0,0.0,9.926178555548477,0.1,67.0,0,Laptop,49.0,22.2,1,5,3,2,2,1
2552,13,Female,Europe,Lower-Mid,High School,Student,12.49,258,344,329,116,3.0,6.534032157698694,1.0,16.070219277189665,17.0,9.961276149923888,1.4,8.0,1,Android,46.0,57.7,0,2,2,1,3,0
2553,24,Male,North America,Lower-Mid,Bachelor,Unemployed_Looking,7.66,170,505,31,33,5.0,5.453267930084632,2.059424323530733,4.0,9.0,4.702245332805983,8.6,27.0,0,Tablet,84.0,42.8,1,4,2,0,4,2
2554,24,Male,Asia,Low,Bachelor,Student,6.84,105,581,100,148,1.0,7.682755754315662,3.741787122814636,2.0,0.0,1.260958535752192,8.5,22.0,0,iPhone,69.0,37.7,1,1,1,0,3,3
2555,24,Female,North America,Lower-Mid,Bachelor,Full-time Employee,8.48,166,239,186,90,5.0,4.995889677256181,2.16048135151905,6.877572517949712,14.0,1.851063874733025,6.7,47.0,0,iPhone,65.29930112427833,38.5,0,4,2,0,1,3
2556,42,Female,North America,Lower-Mid,Master,Part-time/Shift,14.62,287,268,51,146,3.0,7.946022261387877,1.0158390666367636,16.070219277189665,18.0,10.0,1.8,43.0,1,Android,70.0,36.68415185296776,0,4,2,2,2,0
2557,24,Female,Asia,High,Master,Part-time/Shift,12.98,296,466,82,149,2.0,7.156340415306849,2.931598941936983,16.070219277189665,14.0,1.2620470733252849,2.4,20.0,0,Laptop,41.0,66.4,0,1,0,2,2,1
2558,17,Female,Middle East,Low,High School,Student,2.78,64,62,33,143,4.0,6.843096037308421,4.107363851353255,6.643573071047084,0.0,9.792065275015483,7.6,69.0,0,Laptop,65.0,10.9,0,3,1,1,3,1
2559,22,Female,North America,Lower-Mid,Bachelor,Full-time Employee,11.43,287,184,120,8,0.0,6.094151399714151,1.0,9.808645333737932,18.0,10.0,3.3,51.0,1,iPhone,68.0,53.7,0,4,2,0,1,3
2560,18,Female,Europe,Low,High School,Student,15.321028152585416,316,345,201,22,4.0,3.880701098415842,1.0,16.070219277189665,13.0,9.843036638684357,2.1,55.0,1,iPhone,65.29930112427833,72.2,0,2,1,1,3,3
2561,26,Female,Asia,Low,Bachelor,Full-time Employee,4.26,77,260,45,241,5.0,7.841558367019188,4.1543302599311245,6.655287724940037,2.0,4.892712609755999,7.7,41.0,0,Tablet,55.0,21.6,0,1,1,0,1,2
2562,35,Male,Africa,Lower-Mid,High School,Full-time Employee,5.47,129,298,241,134,2.0,9.204680071920096,3.8656753211658974,4.0,9.0,1.0,7.9,35.0,0,iPhone,66.0,30.4,1,0,2,1,1,3
2563,28,Female,Asia,High,Bachelor,Part-time/Shift,3.35,132,204,22,62,1.0,9.842335427594977,3.7748998752480967,3.5805843371544497,4.0,1.0,8.1,70.0,0,Tablet,56.0,36.68415185296776,0,1,0,0,2,2
2564,40,Female,Africa,High,High School,Full-time Employee,5.18,191,63,245,144,4.0,6.9389427748472405,4.079945749948328,6.43767100459952,7.0,1.881974425660207,8.7,51.0,1,iPhone,68.0,29.4,0,0,0,1,1,3
2565,20,Male,Asia,Lower-Mid,Bachelor,Student,12.51,316,677,193,193,4.0,4.678508630275833,1.0,10.0,17.0,2.815117826154018,4.3,0.0,0,Laptop,56.0,72.54999999999998,1,1,2,0,3,1
2566,19,Female,Middle East,Low,High School,Part-time/Shift,2.33,45,298,111,102,3.0,9.523088444092684,2.8844849444475185,10.097569500565744,0.0,2.040513815531831,9.0,60.0,1,Android,61.0,14.5,0,3,1,1,2,0
2567,25,Male,Europe,Lower-Mid,Bachelor,Full-time Employee,10.48,268,297,45,117,2.0,7.154992679559144,1.9238343683484624,10.0,17.0,1.0,5.5,49.0,0,Tablet,55.0,53.4,1,2,2,0,1,2
2568,50,Male,Europe,Upper-Mid,Bachelor,Full-time Employee,7.04,139,204,317,0,5.0,4.980308245064848,2.156198962810196,8.0,7.0,3.887157642559154,3.7,49.0,0,iPhone,72.0,33.7,1,2,3,0,1,3
2569,28,Male,Europe,Lower-Mid,Master,Full-time Employee,12.7,204,255,66,120,3.0,6.775271483722138,1.0,16.070219277189665,22.0,9.088483986827788,5.6,76.0,1,Android,74.0,51.9,1,2,2,2,1,0
2570,21,Male,North America,Lower-Mid,Bachelor,Student,5.13,144,187,217,20,4.0,6.366657420521289,2.007929348101736,2.0,9.0,2.0658192064483663,9.4,65.0,0,iPhone,63.0,26.8,1,4,2,0,3,3
2571,20,Female,Middle East,Upper-Mid,Bachelor,Full-time Employee,5.66,168,109,48,0,0.0,5.957396145173584,2.7695779256799664,6.3524178790064525,6.0,4.386124273415473,6.1,70.0,1,Tablet,65.0,28.0,0,3,3,0,1,2
2572,18,Female,Europe,Lower-Mid,Bachelor,Student,9.52,194,405,46,139,2.0,6.579194877644096,1.9261708757474003,9.570622544063308,12.0,5.185446579840571,6.4,52.0,0,Android,51.0,47.1,0,2,2,0,3,0
2573,16,Female,North America,Low,High School,Student,8.25,174,115,401,0,7.0,6.095125261561633,3.29584417488054,9.873031417980464,8.0,1.0,9.0,19.0,0,Laptop,65.29930112427833,34.5,0,4,1,1,3,1
2574,43,Male,Asia,Lower-Mid,Bachelor,Full-time Employee,5.65,124,701,54,79,3.0,8.625802683698693,3.913174322677646,3.0,3.0,2.987066484663018,9.7,0.0,1,Laptop,65.29930112427833,41.4,1,1,2,0,1,1
2575,39,Female,Europe,Low,Bachelor,Part-time/Shift,9.91,198,782,55,44,5.0,6.399733407556721,3.1105472446481754,9.008731145319924,9.0,8.705193127061289,6.1,0.0,0,Android,89.0,58.7,0,2,1,0,2,0
2576,32,Female,Africa,Upper-Mid,Master,Full-time Employee,10.73,127,407,74,49,2.0,6.644009549375507,1.0,6.204751948497339,14.0,8.159799883204435,3.2,30.0,0,iPhone,54.0,36.68415185296776,0,0,3,2,1,3
2577,21,Female,Europe,Upper-Mid,Bachelor,Full-time Employee,4.97,92,330,123,131,0.0,7.453174869551717,3.798746005090949,8.501422826580287,4.0,4.243007397195035,9.6,51.0,0,Tablet,80.0,25.2,0,2,3,0,1,2
2578,24,Female,Africa,Low,Bachelor,Full-time Employee,8.31,159,81,52,317,6.0,6.236753813252521,3.195367475362593,6.0,8.0,8.914056019792152,7.0,86.0,0,Laptop,75.0,32.9,0,0,1,0,1,1
2579,32,Female,Asia,Lower-Mid,PhD,Full-time Employee,7.6,147,624,212,205,3.0,8.239189331878928,2.959556726350721,7.274910756784694,11.0,8.153719363711469,8.2,14.0,0,Tablet,68.0,44.9,0,1,2,3,1,2
2580,17,Male,South America,Lower-Mid,High School,Student,4.26,67,581,147,175,2.0,8.636749585191888,2.8840712757431235,5.0,4.0,7.3169104651382915,9.8,17.0,0,Tablet,83.0,27.3,1,5,2,1,3,2
2581,23,Male,South America,Lower-Mid,Master,Part-time/Shift,5.96,151,79,76,139,6.0,6.174510117079455,3.2254389559769576,2.0,8.0,1.7227366840911715,8.7,62.0,0,Tablet,69.0,26.6,1,5,2,2,2,2
2582,44,Female,Asia,Low,Bachelor,Part-time/Shift,6.59,185,499,160,127,6.0,9.100857281661982,3.182640940528408,5.536169963873935,8.0,3.761786813454249,7.3,27.0,0,Android,69.0,43.7,0,1,1,0,2,0
2583,24,Female,Europe,Low,Bachelor,Student,7.6,183,457,170,0,3.0,7.492483554522145,2.827331121862556,9.36466856739585,11.0,1.0005214657889423,7.6,41.59859976662777,0,Tablet,64.0,43.1,0,2,1,0,3,2
2584,27,Female,Middle East,High,Bachelor,Full-time Employee,5.62,77,612,275,46,0.0,8.804305786330474,2.792024894033215,4.065268619542523,7.0,5.427452059179126,9.5,21.0,0,Laptop,77.0,33.3,0,3,0,0,1,1
2585,25,Female,South America,Low,Bachelor,Full-time Employee,4.26,123,87,111,168,2.0,7.3109845860503535,2.981890178502504,6.843391721538202,9.0,7.04654890151008,8.2,55.0,1,iPhone,76.0,20.4,0,5,1,0,1,3
2586,47,Female,Middle East,Lower-Mid,Master,Full-time Employee,6.54,121,208,80,10,6.0,7.595305359687357,2.1810743125511234,4.47249262911365,9.0,3.5142934708001388,7.9,30.0,0,Tablet,59.0,31.2,0,3,2,2,1,2
2587,25,Male,Middle East,Lower-Mid,Bachelor,Full-time Employee,5.66,141,152,125,313,5.0,8.543067892175982,3.0784769934887124,2.0,7.0,1.0,9.5,67.0,0,Laptop,52.0,27.6,1,3,2,0,1,1
2588,32,Male,Europe,High,High School,Unemployed_Looking,10.67,132,820,103,253,4.0,7.943393775519013,1.0450699922183817,9.0,11.0,9.814328764166758,2.0,0.0,1,Laptop,63.0,56.5,1,2,0,1,4,1
2589,33,Female,Europe,Low,Bachelor,Full-time Employee,8.92,204,328,238,87,5.0,4.8770182258560135,2.1224344677482123,8.996597854718855,13.0,2.942487922979895,7.4,22.0,0,Android,57.0,45.8,0,2,1,0,1,0
2590,15,Male,North America,Low,High School,Student,6.6,146,442,54,248,4.0,6.847507438653622,3.101700947196041,0.0,6.0,1.0,9.8,20.0,0,Laptop,64.0,36.4,1,4,1,1,3,1
2591,27,Male,Africa,Low,Master,Full-time Employee,9.53,216,299,97,112,2.0,5.988089176125145,1.0,6.0,14.0,1.0315580326811158,9.5,37.0,1,iPhone,77.0,46.4,1,0,1,2,1,3
2592,28,Male,North America,Upper-Mid,Bachelor,Unemployed_Looking,7.84,165,513,139,117,0.0,8.411816330124939,2.692755302432301,2.0,15.0,5.460155323333885,3.9,17.0,0,Laptop,60.0,44.0,1,4,3,0,4,1
2593,16,Female,Africa,Lower-Mid,High School,Student,9.71,202,456,147,191,5.0,7.621473116162116,1.0658891894067486,6.564153530929264,10.0,4.900364582767193,7.8,19.0,0,Android,65.0,49.0,0,0,2,1,3,0
2594,18,Female,Asia,Lower-Mid,High School,Student,5.5,123,160,401,0,3.0,6.570684418718898,4.015322083982118,1.579133601348981,6.0,1.0,9.5,40.0,0,Laptop,66.0,24.9,0,1,2,1,3,1
2595,27,Female,Africa,Upper-Mid,High School,Student,7.6,149,327,166,86,2.0,7.572240208860652,1.922131293202589,11.544354711878835,14.0,1.1125709559996353,8.7,30.0,0,Tablet,73.0,36.9,0,0,3,1,3,2
2596,22,Male,Asia,Low,Bachelor,Part-time/Shift,3.95,102,487,118,6,4.0,9.337765938982724,3.1049530122424835,6.0,3.0,2.8843535444461814,8.8,10.0,0,Laptop,43.0,28.8,1,1,1,0,2,1
2597,24,Male,Middle East,Low,Bachelor,Part-time/Shift,7.42,94,174,323,80,4.0,7.632159778713422,3.003515680801838,2.0,10.0,1.9906062741063189,8.0,48.0,0,Android,59.0,28.1,1,3,1,0,2,0
2598,16,Male,Asia,Low,High School,Part-time/Shift,6.82,158,820,401,232,3.0,5.396930312792779,3.063962219717551,5.0,12.0,5.938977152272753,7.2,0.0,0,Tablet,67.0,56.5,1,1,1,1,2,2
2599,27,Female,Asia,High,Bachelor,Full-time Employee,13.72,283,106,41,0,1.0,5.715739971758,1.0,16.070219277189665,17.0,5.242395406550417,3.0,82.0,0,iPhone,77.0,57.1,0,1,0,0,1,3
2600,28,Male,Asia,Upper-Mid,High School,Full-time Employee,7.89,157,307,69,170,3.0,6.150879138932097,3.0075204258112085,5.0,12.0,8.982404740029184,8.8,42.0,0,iPhone,60.0,38.3,1,1,3,1,1,3
2601,23,Male,Africa,Low,Master,Student,7.4,187,466,147,79,7.0,5.22283025393363,2.196099810768322,7.0,12.0,1.0,7.9,44.0,0,Tablet,46.0,43.6,1,0,1,2,3,2
2602,22,Male,South America,Low,High School,Student,8.77,232,168,85,29,3.0,6.570399694892207,2.932523805656212,4.0,7.0,2.01993613781012,8.8,80.0,0,Tablet,71.0,42.3,1,5,1,1,3,2
2603,34,Male,Middle East,Upper-Mid,High School,Part-time/Shift,12.75,208,406,34,50,3.0,7.45230365755418,1.050091521263533,16.0,18.0,9.994459844029922,7.6,48.0,1,Tablet,59.0,57.3,1,3,3,1,2,2
2604,27,Female,Europe,High,Master,Full-time Employee,6.03,89,186,67,212,3.0,6.012499596561313,3.013608587464934,3.2169201107203182,12.0,1.0202157742945877,9.4,67.0,1,Android,53.0,25.1,0,2,0,2,1,0
2605,17,Female,South America,Low,High School,Student,4.31,91,517,401,116,3.0,8.528278897074793,3.944729353966776,3.447917588996152,5.0,3.2001629269723626,6.418568102444702,0.0,0,Android,59.0,28.5,0,5,1,1,3,0
2606,27,Male,Europe,Lower-Mid,Bachelor,Full-time Employee,4.71,110,247,41,82,0.0,8.281140555432632,3.706444591809776,0.0,5.0,1.0,9.9,48.0,0,iPhone,63.0,25.0,1,2,2,0,1,3
2607,36,Female,Asia,Upper-Mid,Master,Full-time Employee,4.78,88,186,284,192,6.0,5.688505305378904,4.216725411073181,0.6855164571367669,2.0,5.634460508495418,2.9,38.0,1,Laptop,59.0,22.7,0,1,3,2,1,1
2608,34,Female,Europe,Low,Bachelor,Full-time Employee,3.06,117,314,39,195,3.0,8.041635742639478,3.997747424279171,7.023185895549998,4.0,3.083954185877631,8.8,69.0,0,iPhone,43.0,24.6,0,2,1,0,1,3
2609,26,Female,Europe,Upper-Mid,High School,Student,4.35,75,284,257,61,4.0,7.20211872310706,5.0,6.3164519310065215,2.0,2.919284668662306,9.8,38.0,0,Tablet,74.0,21.8,0,2,3,1,3,2
2610,22,Male,Asia,Low,Bachelor,Full-time Employee,3.19,102,131,79,37,7.0,6.890702426970215,3.2687672488977424,3.0,3.0,1.4980093533597925,9.1,41.59859976662777,1,iPhone,78.0,16.9,1,1,1,0,1,3
2611,19,Female,Asia,Low,Bachelor,Student,6.9,129,657,33,47,1.0,6.613222028896539,2.731681834373258,8.588557026344436,9.0,6.428824923419373,6.5,18.0,0,iPhone,72.0,41.3,0,1,1,0,3,3
2612,27,Male,North America,Lower-Mid,Bachelor,Full-time Employee,6.06,147,190,73,173,6.0,7.406223786055412,2.219542736883847,5.0,7.0,1.0,10.0,71.0,0,Tablet,54.0,30.2,1,4,2,0,1,2
2613,43,Male,South America,Low,High School,Part-time/Shift,14.54,272,230,96,166,0.0,5.441220313228227,1.0,16.070219277189665,18.0,10.0,0.1,67.0,1,Android,63.0,63.1,1,5,1,1,2,0
2614,34,Male,North America,Lower-Mid,Bachelor,Full-time Employee,7.25,119,287,32,158,2.0,7.0145375875360765,2.827124045906954,8.0,11.0,1.1565791866268125,10.0,45.0,0,Android,65.0,33.4,1,4,2,0,1,0
2615,17,Female,Europe,Low,High School,Student,6.76,150,279,136,53,6.0,6.364125823204892,3.226577751297049,10.349535867375003,8.0,1.0,10.0,57.0,0,Tablet,71.0,32.9,0,2,1,1,3,2
2616,22,Female,Europe,Low,Bachelor,Part-time/Shift,10.41,186,482,101,115,4.0,6.591479065839969,2.041269330633253,10.244357674300256,12.0,4.796387016094624,6.2,27.0,0,Tablet,72.0,50.3,0,2,1,0,2,2
2617,48,Male,Africa,Lower-Mid,PhD,Part-time/Shift,9.67,136,152,181,18,4.0,8.581330054807724,3.0672506286613825,5.0,9.0,1.0,8.1,49.0,0,Laptop,58.0,38.6,1,0,2,3,2,1
2618,36,Male,Asia,Low,Bachelor,Caregiver/Home,3.83,50,141,175,94,2.0,8.6352468704281,3.8474335211350175,3.0,2.0,10.0,1.2,50.0,0,iPhone,66.0,15.9,1,1,1,0,0,3
2619,33,Female,Asia,Lower-Mid,Master,Full-time Employee,3.78,77,274,159,95,4.0,9.491202316241973,5.0,4.931862006359068,6.0,1.0,9.8,64.0,0,iPhone,70.0,21.1,0,1,2,2,1,3
2620,30,Female,Middle East,Low,Bachelor,Part-time/Shift,8.13,136,286,167,125,3.0,7.52264560084055,3.906185464903386,11.603560932185136,11.0,9.938452782000876,1.7,29.0,0,iPhone,65.29930112427833,36.1,0,3,1,0,2,3
2621,32,Male,Asia,Upper-Mid,Bachelor,Full-time Employee,1.82,22,283,136,163,0.0,9.979715636998172,4.690999874466031,7.0,2.0,1.0,9.6,58.0,0,Android,72.0,11.8,1,1,3,0,1,0
2622,17,Female,South America,Low,High School,Student,4.65,94,651,89,87,3.0,6.335713906142427,1.0,7.685847732200963,9.0,3.053830102725697,8.3,1.0,0,Android,73.0,32.6,0,5,1,1,3,0
2623,48,Female,North America,Low,PhD,Full-time Employee,10.98,167,454,295,290,1.0,7.239174567702335,1.0,5.0,14.0,10.0,2.8,26.0,1,iPhone,66.0,51.8,0,4,1,3,1,3
2624,30,Female,Africa,Upper-Mid,Bachelor,Part-time/Shift,7.78,158,382,79,187,3.0,5.307090306130669,2.011281643168559,5.969127946143759,13.0,5.010132632791869,9.0,54.0,0,Tablet,79.0,39.6,0,0,3,0,2,2
2625,28,Male,North America,Lower-Mid,Master,Full-time Employee,6.78,104,113,64,155,4.0,7.528705825149434,2.1057846435512824,4.0,9.0,5.996898786010737,7.9,78.0,0,Laptop,69.0,26.0,1,4,2,2,1,1
2626,34,Male,South America,High,High School,Full-time Employee,4.24,78,81,104,75,5.0,6.671501864699567,4.2026635136018085,6.0,4.0,9.70942427792338,0.0,85.0,0,Tablet,56.0,17.8,1,5,0,1,1,2
2627,45,Female,Asia,Low,Master,Caregiver/Home,7.23,108,410,109,97,5.0,9.204655077578858,2.311951268725194,5.3164018156547534,13.0,9.708756314519528,0.1,32.0,0,Tablet,79.0,36.2,0,1,1,2,0,2
2628,29,Male,North America,Lower-Mid,Master,Part-time/Shift,8.85,93,459,95,202,3.0,7.7320523016246705,1.9741198281190564,1.0,14.0,3.9986554452503578,7.4,39.0,0,Android,65.29930112427833,38.7,1,4,2,2,2,0
2629,24,Male,Europe,Low,Bachelor,Part-time/Shift,4.89,125,684,401,145,2.0,7.289030055842672,4.96317577730087,1.0,0.0,5.258834656224026,1.3,0.0,0,iPhone,61.0,37.6,1,2,1,0,2,3
2630,13,Female,Asia,Low,High School,Part-time/Shift,7.25,137,598,116,188,4.0,8.818650988420279,2.1025567810579897,5.176333189314914,9.0,2.9362766133772444,9.9,16.0,0,Tablet,60.0,41.0,0,1,1,1,2,2
2631,39,Male,South America,Lower-Mid,PhD,Part-time/Shift,10.08,124,248,401,83,4.0,6.691962534633136,1.101726643503269,8.0,7.0,9.953951537861473,1.1,18.0,1,Laptop,68.0,36.68415185296776,1,5,2,3,2,1
2632,30,Female,Europe,High,Bachelor,Unemployed_Looking,10.31,185,92,69,287,3.0,7.474356402153861,3.060752355643144,8.520207220977818,12.0,10.0,0.3,85.0,0,Laptop,70.0,40.8,0,2,0,0,4,1
2633,24,Male,South America,Low,Bachelor,Part-time/Shift,5.19,93,426,135,102,5.0,8.958786920777886,3.110844010385428,5.0,3.0,5.912990422694071,4.6,24.0,0,Android,67.0,28.9,1,5,1,0,2,0
2634,25,Female,Middle East,Lower-Mid,Bachelor,Full-time Employee,9.3,184,184,92,232,5.0,7.284739921352931,1.106875410737832,4.998106871314942,13.0,1.0,9.6,67.0,0,Tablet,68.0,40.3,0,3,2,0,1,2
2635,32,Female,Middle East,Upper-Mid,PhD,Full-time Employee,6.43,99,204,45,196,3.0,7.063162675692222,1.988028650415228,6.809087568774805,8.0,10.0,3.0,61.0,1,Android,82.0,27.0,0,3,3,3,1,0
2636,18,Male,Middle East,Low,High School,Unemployed_Looking,8.58,168,38,51,206,1.0,8.44493724570214,1.0,1.0,14.0,1.0,8.2,73.0,0,iPhone,76.0,32.7,1,3,1,1,4,3
2637,15,Female,Africa,Low,High School,Student,5.4,102,224,67,163,5.0,6.17011758962526,3.1477347045845594,4.483085926488338,5.0,4.982915596560793,5.0,64.0,0,Laptop,67.0,24.2,0,0,1,1,3,1
2638,13,Male,Europe,Low,High School,Student,4.31,106,65,111,181,7.0,7.828140560472272,4.369716388380818,2.0,4.0,1.0,9.8,64.0,1,Tablet,74.0,17.5,1,2,1,1,3,2
2639,37,Male,Europe,High,Bachelor,Part-time/Shift,12.02,234,174,190,117,7.0,6.242536678841204,1.2676716129928534,9.0,15.0,9.54063692358282,7.2,62.0,1,Laptop,55.0,52.2,1,2,0,0,2,1
2640,32,Female,Europe,Upper-Mid,PhD,Full-time Employee,3.27,72,224,26,16,4.0,8.577901693028638,4.036691070208207,7.819390198194464,3.0,1.0,8.1,80.0,0,Android,69.0,18.1,0,2,3,3,1,0
2641,14,Male,South America,Lower-Mid,High School,Student,15.321028152585416,288,677,152,48,4.0,5.945710933133939,1.0606405685142215,16.070219277189665,19.0,2.9371497167307288,1.9,16.0,1,iPhone,83.0,72.54999999999998,1,5,2,1,3,3
2642,25,Female,South America,Lower-Mid,Bachelor,Part-time/Shift,8.37,142,170,96,224,7.0,7.524710237339735,3.2801630278269087,9.36172479519326,11.0,1.0,10.0,59.0,0,Laptop,63.0,34.2,0,5,2,0,2,1
2643,16,Male,South America,Lower-Mid,High School,Student,6.42,188,213,346,136,6.0,9.167958260504802,3.115994014130735,4.0,10.0,1.0,8.8,45.0,1,Android,57.0,34.0,1,5,2,1,3,0
2644,21,Male,Europe,Low,Bachelor,Student,1.18,43,589,186,93,4.0,7.289637327472671,5.0,3.0,0.0,5.843535266311548,8.1,20.0,0,Tablet,58.0,19.3,1,2,1,0,3,2
2645,16,Female,Europe,Low,High School,Student,5.29,150,108,68,0,3.0,6.452731101326904,3.0064090368530096,6.250438110686336,7.0,2.1663482146715127,8.4,97.0,0,Tablet,54.0,25.5,0,2,1,1,3,2
2646,24,Female,Asia,Lower-Mid,Bachelor,Full-time Employee,14.89,284,133,182,5,3.0,4.827083389475134,1.043917712287767,16.070219277189665,22.5,10.0,4.2,52.0,0,Tablet,57.0,60.9,0,1,2,0,1,2
2647,34,Male,Africa,Low,Bachelor,Unemployed_Looking,6.34,78,153,401,73,3.0,7.763712173877323,3.914309446364249,2.0,0.0,1.145995496446523,8.1,44.0,0,Android,61.0,24.5,1,0,1,0,4,0
2648,16,Male,Europe,Lower-Mid,High School,Student,5.4,113,152,288,107,6.0,9.921614063917264,1.153730185569867,3.0,15.0,1.0,9.2,58.0,0,Tablet,51.0,23.9,1,2,2,1,3,2
2649,36,Female,South America,Upper-Mid,Bachelor,Caregiver/Home,11.96,249,35,87,168,6.0,7.555142210727812,1.2132059956672758,12.276088953741404,15.0,9.751062809535334,5.8,83.0,1,Tablet,65.0,49.3,0,5,3,0,0,2
2650,39,Female,South America,Upper-Mid,Bachelor,Part-time/Shift,3.78,65,355,141,76,0.0,6.018177404248832,2.6286066907069685,7.427728788012268,5.0,3.3726075517109617,8.4,26.0,1,Tablet,74.0,22.6,0,5,3,0,2,2
2651,21,Male,North America,Upper-Mid,Bachelor,Part-time/Shift,6.08,181,190,174,108,4.0,8.441831577399373,3.0296765081885364,3.0,10.0,10.0,6.418568102444702,64.0,0,Tablet,56.0,32.5,1,4,3,0,2,2
2652,33,Male,Asia,Low,High School,Part-time/Shift,9.73,162,820,101,8,4.0,6.486457744495133,1.0,5.0,10.0,10.0,0.6,0.0,0,Tablet,80.0,65.7,1,1,1,1,2,2
2653,27,Female,Asia,Lower-Mid,High School,Full-time Employee,2.11,74,200,120,140,5.0,6.524943400205738,5.0,9.867227342259133,2.0,1.8396978483237807,8.9,60.0,0,Laptop,70.0,14.4,0,1,2,1,1,1
2654,29,Female,Asia,High,Bachelor,Full-time Employee,3.99,70,52,66,0,3.0,10.439272161175763,2.9335738170236145,9.633192584668128,6.0,8.915843409797693,3.8,74.0,0,Android,75.0,14.8,0,1,0,0,1,0
2655,32,Female,Europe,Lower-Mid,Master,Full-time Employee,6.98,140,820,44,109,5.0,6.3451781687686815,1.2144513712516023,2.8769367894996862,16.0,8.966626735054147,1.4,0.0,0,Laptop,58.0,57.8,0,2,2,2,1,1
2656,30,Male,Africa,Lower-Mid,Master,Full-time Employee,7.85,155,93,192,77,2.0,8.17183279647608,1.9478317988172933,6.0,8.0,2.188271353169376,9.4,75.0,0,Tablet,74.0,32.3,1,0,2,2,1,2
2657,32,Male,Asia,Upper-Mid,Bachelor,Part-time/Shift,8.33,117,516,139,148,4.0,7.725268233229548,1.019609153453022,7.0,12.0,1.882091678904852,6.2,20.0,0,iPhone,54.0,41.8,1,1,3,0,2,3
2658,20,Female,Europe,Upper-Mid,High School,Unemployed_Looking,6.76,90,187,259,81,3.0,10.469736002729269,4.918442392898831,11.35723564560691,0.0,10.0,7.7,44.0,0,Tablet,74.0,36.68415185296776,0,2,3,1,4,2
2659,35,Male,North America,Upper-Mid,Bachelor,Part-time/Shift,6.79,128,199,45,46,5.0,6.743416306743651,1.1221323744762717,7.0,16.0,4.70336630021093,6.8,44.0,0,Android,65.29930112427833,36.68415185296776,1,4,3,0,2,0
2660,13,Female,Africa,Low,High School,Student,5.08,110,820,45,150,3.0,9.698577359942608,3.966808043528225,7.440313314840935,1.0,5.121707745742837,9.3,0.0,0,Tablet,71.0,48.7,0,0,1,1,3,2
2661,43,Male,Asia,High,Bachelor,Part-time/Shift,7.8,120,820,31,299,3.0,7.820799785619078,2.9893477219387545,4.0,5.0,2.9195825608028216,9.5,0.0,0,Laptop,53.0,50.1,1,1,0,0,2,1
2662,45,Male,Asia,Low,Master,Unemployed_Looking,4.49,50,110,150,87,7.0,8.961653172615943,4.252751784651658,4.0,0.0,1.0,8.1,44.0,0,Tablet,56.0,17.7,1,1,1,2,4,2
2663,21,Female,Europe,Upper-Mid,High School,Part-time/Shift,4.64,91,98,38,14,1.0,7.500945103588653,2.8495908312237286,6.231745820584702,3.0,10.0,1.8,65.0,0,Android,71.0,18.6,0,2,3,1,2,0
2664,27,Female,Europe,High,High School,Full-time Employee,7.82,241,64,283,63,3.0,6.27652302721007,1.9853067774911293,10.789875423947263,14.0,4.120386677303721,9.1,66.0,0,Android,65.29930112427833,39.1,0,2,0,1,1,0
2665,31,Male,Africa,Upper-Mid,Bachelor,Full-time Employee,4.4,51,150,204,118,2.0,8.314669122358225,2.875135973308584,1.0,8.0,1.1523159325889147,9.4,56.0,0,Tablet,70.0,17.0,1,0,3,0,1,2
2666,33,Female,Asia,High,High School,Full-time Employee,11.72,151,344,30,84,4.0,4.665847662787076,1.0163229855669915,13.980265343539283,14.0,7.981563672105147,6.1,52.0,1,Tablet,51.0,48.5,0,1,0,1,1,2
2667,14,Male,Africa,Lower-Mid,High School,Student,10.03,237,468,116,127,3.0,7.52188895802797,2.9627961255862005,6.0,4.0,7.03502614766919,9.1,25.0,0,Laptop,73.0,52.6,1,0,2,1,3,1
2668,24,Male,Asia,Low,Bachelor,Part-time/Shift,9.55,215,608,172,270,6.0,5.083516416894729,2.170849242940031,6.0,10.0,3.7151660498825785,9.0,0.0,0,Android,53.0,54.7,1,1,1,0,2,0
2669,28,Male,Asia,Lower-Mid,Master,Full-time Employee,4.82,96,250,39,0,1.0,6.263923271931854,1.8151930222917976,6.0,9.0,1.2571433966310397,8.1,49.0,0,Laptop,71.0,24.0,1,1,2,2,1,1
2670,44,Female,Middle East,Low,High School,Caregiver/Home,8.69,158,654,110,94,6.0,9.006282137750889,3.2159662397924045,10.8008586926993,11.0,1.0,8.3,13.0,0,Android,71.0,50.2,0,3,1,1,0,0
2671,38,Male,Europe,Low,Master,Caregiver/Home,6.38,71,268,6,157,3.0,6.990366258256777,2.9851257389149515,9.0,5.0,1.9023538808986389,7.4,69.0,0,Tablet,58.0,36.68415185296776,1,2,1,2,0,2
2672,22,Male,North America,Upper-Mid,Bachelor,Unemployed_Looking,10.74,241,133,113,0,3.0,7.7789829051622,2.0603524952247274,6.0,11.0,9.975813620849424,3.7,75.0,1,Android,71.0,46.9,1,4,3,0,4,0
2673,18,Male,North America,Low,Bachelor,Part-time/Shift,15.321028152585416,240,318,208,10,4.0,4.050629827863539,1.0453027823529142,16.070219277189665,22.0,3.950348629505079,0.0,38.0,0,Tablet,68.0,62.2,1,4,1,0,2,2
2674,23,Male,Asia,Low,Bachelor,Student,4.5,67,307,252,29,3.0,7.148486918170526,2.0222702680973588,3.0,8.0,5.017349820066056,8.5,28.0,1,Laptop,60.0,22.1,1,1,1,0,3,1
2675,24,Female,Asia,Low,Bachelor,Unemployed_Looking,9.68,215,820,64,260,4.0,6.031030680068414,1.063404388186678,10.817944613245272,8.0,9.91830191564159,2.1,0.0,0,Laptop,55.0,62.4,0,1,1,0,4,1
2676,33,Male,Europe,Upper-Mid,High School,Full-time Employee,5.99,131,413,84,123,2.0,8.970434134506414,3.880243516049454,6.0,2.0,1.1179240649190674,9.6,27.0,0,Tablet,45.0,35.1,1,2,3,1,1,2
2677,13,Male,North America,Low,High School,Student,4.15,86,122,125,102,0.0,7.57826437577089,4.726428480453299,5.0,5.0,2.2877302033136413,9.5,62.0,1,iPhone,68.0,17.1,1,4,1,1,3,3
2678,21,Male,Middle East,Low,Bachelor,Unemployed_Looking,6.24,110,554,113,156,1.0,8.626771379183392,2.809329767089216,5.0,15.0,2.210857259725072,8.9,11.0,1,iPhone,49.0,36.3,1,3,1,0,4,3
2679,35,Female,Asia,Lower-Mid,Bachelor,Caregiver/Home,14.33,275,268,274,127,4.0,4.758374145019042,1.0659134037243037,16.070219277189665,22.5,9.906220102665054,3.4,29.0,1,Tablet,66.0,36.68415185296776,0,1,2,0,0,2
2680,45,Male,North America,Low,Bachelor,Full-time Employee,2.89,49,192,401,111,6.0,7.393928240857556,5.0,10.0,4.0,6.718152377201469,8.2,10.0,0,Android,62.0,15.8,1,4,1,0,1,0
2681,37,Male,Europe,Low,High School,Unemployed_Looking,6.13,68,820,44,123,4.0,6.409163149737436,1.9786579991656448,5.0,8.0,9.96223690977372,8.3,0.0,0,Android,72.0,47.9,1,2,1,1,4,0
2682,28,Female,North America,Lower-Mid,High School,Full-time Employee,4.59,128,494,131,208,5.0,7.445781991161287,2.164524531608365,4.597539850063231,8.0,1.0,9.0,21.0,0,iPhone,62.0,32.7,0,4,2,1,1,3
2683,18,Male,Asia,Low,Bachelor,Student,4.66,87,658,401,216,5.0,8.346311344248978,4.176715853563714,2.0,4.0,4.741881363631738,6.3,0.0,1,iPhone,62.0,32.6,1,1,1,0,3,3
2684,44,Female,Asia,Low,Master,Full-time Employee,6.47,128,116,48,132,4.0,8.89732448369183,3.089206809978033,6.201891874048009,9.0,1.0,9.1,76.0,0,Tablet,72.0,28.7,0,1,1,2,1,2
2685,37,Female,South America,High,Bachelor,Part-time/Shift,8.5,194,435,20,191,3.0,7.114877495761621,2.979788975668958,7.459848696088225,7.0,5.245074476935172,9.9,28.0,0,Tablet,68.0,46.7,0,5,0,0,2,2
2686,27,Female,Africa,Lower-Mid,Master,Full-time Employee,6.43,125,471,115,268,3.0,8.373896862874128,4.010401606113799,10.051154956820668,7.0,1.0,7.4,14.0,0,Android,68.0,36.0,0,0,2,2,1,0
2687,25,Male,Europe,Low,Master,Full-time Employee,5.78,149,268,262,74,1.0,7.447638036081554,2.847942538848476,1.0,8.0,1.0,8.1,60.0,0,iPhone,70.0,36.68415185296776,1,2,1,2,1,3
2688,22,Male,Africa,Low,High School,Unemployed_Looking,4.83,197,80,81,175,7.0,9.023170239239136,3.330960417075915,4.0,4.0,1.0,9.8,92.0,0,iPhone,50.0,28.4,1,0,1,1,4,3
2689,35,Female,Middle East,Lower-Mid,Master,Caregiver/Home,5.68,86,820,146,116,1.0,7.773763111280167,2.7692940464805127,5.070574766435983,6.0,6.27917406536843,8.3,0.0,0,Android,73.0,41.9,0,3,2,2,0,0
2690,24,Female,North America,Lower-Mid,Bachelor,Full-time Employee,5.16,105,145,401,139,1.0,9.025602262508038,3.757423497689887,2.9826723318696606,2.0,3.2919744720081017,8.1,36.0,0,Laptop,71.0,22.6,0,4,2,0,1,1
2691,14,Female,North America,Low,High School,Student,8.85,177,124,401,208,4.0,5.341610898588166,2.0324965560002792,4.918488682684691,16.0,1.895349276653569,9.7,30.0,0,Android,55.0,36.4,0,4,1,1,3,0
2692,17,Female,Africa,Low,High School,Student,12.08,223,290,147,334,0.0,5.248408562204192,1.0,13.039680849510288,18.0,10.0,6.9,41.59859976662777,1,iPhone,63.0,52.3,0,0,1,1,3,3
2693,14,Female,South America,Low,High School,Student,11.29,193,820,181,239,2.0,5.458278826839657,1.880059674787762,12.352540875979363,16.0,7.148699851613434,3.3,0.0,0,Laptop,65.0,66.3,0,5,1,1,3,1
2694,23,Female,North America,Low,Master,Part-time/Shift,8.65,140,192,95,132,4.0,5.411941758074454,1.958090501770999,3.767823397567171,13.0,7.90579613281284,5.0,68.0,1,Tablet,64.0,36.68415185296776,0,4,1,2,2,2
2695,16,Female,Asia,Low,High School,Student,5.0,119,218,401,103,5.0,5.829077771357399,3.217894292541408,1.7456682177508869,7.0,1.0,9.2,27.0,0,Laptop,68.0,24.6,0,1,1,1,3,1
2696,21,Male,Europe,Lower-Mid,High School,Student,11.52,243,449,307,41,4.0,6.74121930346742,1.038222718893606,6.0,10.0,7.015195885956199,7.8,33.0,0,Tablet,79.0,56.6,1,2,2,1,3,2
2697,23,Female,North America,Upper-Mid,Bachelor,Student,6.91,188,160,58,6,3.0,7.706572487938823,2.9806755955699824,8.682343753972146,2.0,10.0,2.2,53.0,0,Laptop,76.0,33.9,0,4,3,0,3,1
2698,16,Female,Asia,Lower-Mid,High School,Part-time/Shift,4.13,114,297,201,35,2.0,9.408504650977816,3.95438318068253,7.773077990485273,2.0,6.142548586182679,6.3,39.0,0,Tablet,52.0,24.5,0,1,2,1,2,2
2699,33,Female,Africa,Lower-Mid,Bachelor,Full-time Employee,4.92,114,298,102,85,3.0,7.976263676457854,2.854791761265074,6.982467623581826,5.0,6.122732383135233,10.0,39.0,0,Android,71.0,27.5,0,0,2,0,1,0
2700,39,Female,Asia,Upper-Mid,Bachelor,Part-time/Shift,10.58,260,197,109,22,4.0,7.161773390742099,2.026340324742307,13.736039939427435,19.0,1.0,8.7,55.0,0,Laptop,78.0,51.0,0,1,3,0,2,1
2701,34,Male,South America,Upper-Mid,Master,Full-time Employee,2.59,53,274,187,252,6.0,7.98496167309408,4.192338441852419,6.0,4.0,1.0,8.5,52.0,0,Android,69.0,16.3,1,5,3,2,1,0
2702,21,Female,Europe,Low,High School,Part-time/Shift,6.12,116,475,124,0,1.0,5.993678835707099,2.795455585275086,3.0,6.0,10.0,3.0,16.0,0,iPhone,76.0,33.8,0,2,1,1,2,3
2703,18,Male,Europe,Low,Bachelor,Full-time Employee,6.94,136,234,160,193,4.0,7.231172597314013,3.043250688802196,6.0,8.0,1.003176176869694,9.1,52.0,0,Android,85.0,30.7,1,2,1,0,1,0
2704,45,Female,Europe,Low,PhD,Caregiver/Home,11.01,177,194,145,80,5.0,6.0440390528705805,2.2041664018568934,8.133337069208807,12.0,5.8723801877193065,8.1,57.0,0,iPhone,75.0,45.6,0,2,1,3,0,3
2705,41,Male,Middle East,High,High School,Part-time/Shift,13.14,197,356,12,138,5.0,7.320812421779792,1.165482605721012,4.0,18.0,6.75340159226687,5.3,39.0,0,Android,67.0,56.3,1,3,0,1,2,0
2706,44,Male,North America,High,Master,Unemployed_Looking,12.05,260,209,401,331,3.0,8.867565533124868,1.0199421381725762,13.0,16.0,1.0,6.9,18.0,0,iPhone,75.0,55.4,1,4,0,2,4,3
2707,40,Male,Asia,Upper-Mid,Bachelor,Caregiver/Home,15.26,288,580,13,201,3.0,6.277690700544719,1.0,16.070219277189665,18.0,10.0,0.6,14.0,1,Laptop,66.0,72.54999999999998,1,1,3,0,0,1
2708,23,Female,South America,Lower-Mid,Bachelor,Full-time Employee,5.18,144,334,341,204,0.0,8.444847700034353,2.662417791643585,5.035707203471983,5.0,1.2904853609333546,7.5,22.0,0,Tablet,65.0,30.8,0,5,2,0,1,2
2709,21,Female,Asia,Low,Bachelor,Unemployed_Looking,5.61,93,805,196,73,3.0,6.757687891928375,3.8680555229838345,10.177486813219492,6.0,10.0,5.7,0.0,0,Tablet,61.0,39.5,0,1,1,0,4,2
2710,24,Female,Asia,Low,Bachelor,Full-time Employee,5.11,106,463,208,87,2.0,7.370322903345457,2.815685344982795,8.571097539593652,6.0,3.213500652532646,7.4,30.0,0,Laptop,81.0,30.3,0,1,1,0,1,1
2711,23,Male,Africa,High,Bachelor,Part-time/Shift,6.18,106,515,115,244,6.0,7.09828569312508,3.22968259073971,3.0,6.0,7.632059360955602,1.0,4.0,0,Tablet,65.29930112427833,34.8,1,0,0,0,2,2
2712,17,Female,Europe,Low,High School,Student,3.46,63,334,178,103,5.0,8.993294631327627,3.1333981475695327,9.047597524245576,3.0,4.81287092869152,9.5,56.0,0,Laptop,80.0,18.9,0,2,1,1,3,1
2713,26,Female,South America,Low,Bachelor,Part-time/Shift,8.99,142,275,162,0,2.0,7.153607274705809,1.0,8.162661797622553,10.0,5.167869828605558,4.3,50.0,0,iPhone,70.0,38.3,0,5,1,0,2,3
2714,22,Female,Asia,High,Bachelor,Student,4.01,113,274,192,141,2.0,6.94987214816056,2.8737268858073697,8.0,6.0,5.080101838030728,8.2,37.0,0,Laptop,51.0,24.2,0,1,0,0,3,1
2715,30,Female,Asia,Upper-Mid,High School,Full-time Employee,14.65,162,808,144,163,4.0,6.31530574588648,1.15251109711003,16.070219277189665,8.0,4.860434386288659,4.0,4.0,1,Laptop,69.0,67.4,0,1,3,1,1,1
2716,14,Female,North America,Lower-Mid,High School,Student,8.43,171,711,401,188,3.0,8.09935882692819,1.930895195192311,4.646512770198701,12.0,3.026475932196132,10.0,0.0,0,Laptop,44.0,50.2,0,4,2,1,3,1
2717,38,Female,North America,Low,Bachelor,Full-time Employee,6.87,161,213,171,152,0.0,7.087530067498207,3.7787774167566632,7.554866048803609,4.0,5.4209492520844815,8.3,41.0,0,Laptop,71.0,34.4,0,4,1,0,1,1
2718,25,Male,Asia,Lower-Mid,Master,Full-time Employee,11.37,250,118,167,0,3.0,7.290522953993159,1.9721360215421844,6.0,10.0,2.0887782204405227,7.9,54.0,0,iPhone,74.0,49.0,1,1,2,2,1,3
2719,17,Female,Europe,Low,High School,Student,7.49,190,540,401,191,4.0,7.797552764633124,4.048878042748593,11.849373677220845,7.0,5.861853623881236,8.4,0.0,0,Tablet,59.0,45.1,0,2,1,1,3,2
2720,28,Female,Middle East,Upper-Mid,Bachelor,Unemployed_Looking,8.32,152,425,127,60,5.0,7.37683300500118,2.190641539365488,5.265891858211417,11.0,7.876427214896386,5.8,47.0,0,Android,66.0,41.7,0,3,3,0,4,0
2721,33,Male,North America,Upper-Mid,Bachelor,Unemployed_Looking,15.321028152585416,215,271,101,0,1.0,5.79197227684959,1.0,16.070219277189665,8.0,10.0,0.0,74.0,1,iPhone,85.0,64.0,1,4,3,0,4,3
2722,14,Female,South America,Lower-Mid,High School,Student,6.47,155,269,55,215,5.0,8.41457903876041,4.119832189090409,8.79511168272752,10.0,1.0,8.2,77.0,0,Laptop,60.0,32.5,0,5,2,1,3,1
2723,16,Female,South America,Lower-Mid,High School,Student,9.59,261,255,61,89,3.0,5.333975479426849,2.012000510703242,14.122805716070287,11.0,6.007908014661376,5.8,48.0,0,Android,54.0,48.9,0,5,2,1,3,0
2724,17,Female,Africa,Lower-Mid,High School,Student,3.05,102,820,263,100,4.0,7.107219109617237,4.070119586445395,3.795457911428136,6.0,6.020604191943002,9.7,0.0,0,Tablet,80.0,37.9,0,0,2,1,3,2
2725,27,Male,Asia,Upper-Mid,Master,Full-time Employee,12.58,283,347,34,91,6.0,4.4205058504482135,1.212066162471905,12.0,12.0,9.770217770129433,4.4,48.0,1,Laptop,85.0,60.3,1,1,3,2,1,1
2726,17,Male,Africa,Low,High School,Student,7.32,163,364,401,64,2.0,8.107168216835769,2.902368478277228,6.0,6.0,2.143666613884309,6.6,0.0,0,Tablet,65.0,37.7,1,0,1,1,3,2
2727,27,Female,Europe,High,Master,Full-time Employee,8.33,91,141,48,0,5.0,6.872163184241309,3.097409221192409,6.1439403930505945,11.0,1.7909173453998477,7.9,67.0,0,Android,75.0,28.9,0,2,0,2,1,0
2728,24,Male,North America,Lower-Mid,Bachelor,Unemployed_Looking,2.68,79,228,295,102,7.0,8.51915098320755,4.276273979461613,6.0,4.0,2.580047096939796,9.8,34.0,0,iPhone,78.0,16.4,1,4,2,0,4,3
2729,34,Female,Africa,Lower-Mid,Bachelor,Full-time Employee,5.2,120,621,401,208,4.0,7.059579676666935,4.022893254350257,2.26714368805981,0.0,4.939469434685007,0.1,0.0,0,Laptop,58.0,37.4,0,0,2,0,1,1
2730,24,Female,Africa,Lower-Mid,Master,Student,5.88,116,301,45,129,3.0,8.441725494731406,3.0171092105625807,6.781845000380064,8.0,1.0,8.3,39.0,0,Android,60.0,29.5,0,0,2,2,3,0
2731,26,Female,Africa,Low,Master,Full-time Employee,4.19,95,421,144,180,1.0,8.14568041338982,3.807511031770565,5.993994611377421,3.0,4.222456628987072,4.3,39.0,0,Tablet,77.0,26.5,0,0,1,2,1,2
2732,22,Male,Africa,Upper-Mid,Bachelor,Part-time/Shift,6.03,112,222,44,99,5.0,7.92486554076628,5.0,4.0,4.0,9.80700822717835,3.5,74.0,0,Android,82.0,26.7,1,0,3,0,2,0
2733,25,Female,Europe,Low,Bachelor,Full-time Employee,2.3,66,269,56,188,3.0,8.022846899719873,3.93586851358298,9.475420812894852,0.0,4.929193543669034,5.4,41.0,0,Laptop,71.0,15.8,0,2,1,0,1,1
2734,22,Male,South America,Lower-Mid,Bachelor,Unemployed_Looking,8.99,186,160,63,116,3.0,5.65386634571075,1.812077142480525,9.0,6.0,9.970203640273349,3.1,60.0,1,iPhone,56.0,39.1,1,5,2,0,4,3
2735,19,Female,South America,Lower-Mid,Bachelor,Student,5.89,125,117,132,112,3.0,8.284790589069114,2.947315744647028,9.637743570067876,8.0,3.0701200436640645,9.1,38.0,0,Tablet,85.0,24.5,0,5,2,0,3,2
2736,29,Female,North America,Lower-Mid,PhD,Part-time/Shift,11.48,279,796,110,34,5.0,5.305276810751501,2.1336919151895084,8.080730989689714,8.0,8.825014731282412,3.4,0.0,1,Android,60.0,69.7,0,4,2,3,2,0
2737,41,Male,Europe,Low,PhD,Part-time/Shift,10.51,191,230,91,81,5.0,7.033053908257589,1.1250028694913023,9.0,17.0,1.7995528407916614,9.0,59.0,0,Android,62.0,46.5,1,2,1,3,2,0
2738,24,Female,North America,Upper-Mid,Bachelor,Student,7.85,166,341,208,0,0.0,6.647295176596853,2.8313941615274296,9.151316410059906,9.0,1.2839038797291495,6.7,35.0,0,Android,68.0,39.2,0,4,3,0,3,0
2739,27,Male,Europe,Low,High School,Part-time/Shift,10.4,210,250,77,15,0.0,7.646027554007486,1.761131745996612,3.0,11.0,1.0,9.4,60.0,1,iPhone,81.0,46.6,1,2,1,1,2,3
2740,47,Female,Middle East,High,Bachelor,Full-time Employee,15.321028152585416,189,318,162,0,4.0,4.492613984571718,1.0784476109923504,16.070219277189665,20.0,8.863728305041798,0.8,41.0,1,Laptop,74.0,61.0,0,3,0,0,1,1
2741,50,Male,South America,Low,Bachelor,Caregiver/Home,8.67,110,342,0,0,4.0,6.963247402158886,1.0,6.0,15.0,7.9508940667970815,4.4,42.0,0,Laptop,69.0,38.7,1,5,1,0,0,1
2742,16,Female,North America,Lower-Mid,High School,Student,10.09,217,103,107,0,2.0,5.960694950257295,1.0,12.029032613516176,12.0,6.104762831428261,2.6,71.0,0,Android,70.0,42.0,0,4,2,1,3,0
2743,46,Female,Asia,Lower-Mid,Master,Unemployed_Looking,4.76,95,280,73,54,5.0,7.755425762147796,3.1074765215684663,5.541471538082417,3.0,1.0,8.5,42.0,0,Android,65.0,26.4,0,1,2,2,4,0
2744,48,Female,Africa,Low,Bachelor,Part-time/Shift,6.04,77,167,25,163,4.0,7.723243160420209,3.012620958397493,2.481239450616137,9.0,4.967375421571373,8.2,79.0,1,Android,71.0,25.1,0,0,1,0,2,0
2745,42,Male,Asia,Low,High School,Caregiver/Home,6.59,127,473,97,84,4.0,8.046963629317794,2.0119309850622256,6.0,12.0,1.0,8.6,37.0,0,Laptop,41.0,38.7,1,1,1,1,0,1
2746,13,Female,South America,Lower-Mid,High School,Student,3.06,105,308,119,97,7.0,7.2443518194759795,4.201172801431087,6.002722348196525,4.0,2.6106987682968312,8.7,41.0,1,iPhone,62.0,21.0,0,5,2,1,3,3
2747,38,Male,North America,Low,Bachelor,Full-time Employee,6.52,184,551,401,86,3.0,8.151007273193963,4.908247714507068,4.0,3.0,10.0,6.6,0.0,1,Android,67.0,44.2,1,4,1,0,1,0
2748,18,Female,Africa,Low,Bachelor,Full-time Employee,3.53,108,152,150,142,2.0,7.033371114750592,3.935860401282624,0.0,3.0,1.284712509953525,9.4,46.0,0,Laptop,53.0,19.1,0,0,1,0,1,1
2749,29,Female,Middle East,Low,Bachelor,Full-time Employee,6.04,171,145,44,127,3.0,7.965159530389993,2.9648946401414755,7.61719144483245,9.0,1.0,8.4,82.0,0,Laptop,69.0,30.8,0,3,1,0,1,1
2750,33,Male,Africa,Low,Bachelor,Full-time Employee,10.78,212,643,401,26,4.0,5.764504090120017,2.026604897424176,8.0,14.0,9.934101138793496,9.1,0.0,1,iPhone,63.0,58.7,1,0,1,0,1,3
2751,25,Female,North America,Lower-Mid,Master,Full-time Employee,4.58,79,207,81,0,3.0,7.858661815324237,3.9717698080084993,5.337388017493913,0.0,1.0,9.8,55.0,0,iPhone,83.0,20.3,0,4,2,2,1,3
2752,31,Female,North America,Lower-Mid,Master,Full-time Employee,4.4,94,508,401,49,3.0,9.120089780313648,3.030409908676192,9.121122345042894,3.0,6.12807344287309,7.5,0.0,0,Tablet,81.0,29.4,0,4,2,2,1,2
2753,31,Female,Africa,Lower-Mid,Bachelor,Full-time Employee,3.46,58,165,401,1,0.0,8.674683819616392,3.7325969699946495,7.864807564240412,2.0,6.307435309191769,7.7,15.0,1,Tablet,60.0,16.0,0,0,2,0,1,2
2754,31,Male,Africa,Upper-Mid,High School,Part-time/Shift,6.25,113,420,301,244,2.0,6.612048328575172,1.0,7.0,10.0,1.0942736824032748,3.9,13.0,0,iPhone,63.0,33.7,1,0,3,1,2,3
2755,32,Female,Africa,Upper-Mid,Bachelor,Part-time/Shift,12.2,183,658,24,99,0.0,6.008589087569633,1.0,13.727561367195577,13.0,1.433342031675168,1.7,36.0,0,iPhone,64.0,59.8,0,0,3,0,2,3
2756,23,Female,South America,Upper-Mid,Master,Unemployed_Looking,7.09,115,204,335,0,3.0,7.455779396904394,2.9411088772037988,5.7076150181938825,8.0,1.0,9.5,42.0,1,Tablet,60.0,29.7,0,5,3,2,4,2
2757,43,Female,Africa,Low,High School,Full-time Employee,5.69,124,820,30,44,5.0,9.253177533483791,4.149508506187835,7.318898216294183,4.0,7.91127192419424,8.6,0.0,1,iPhone,67.0,54.1,0,0,1,1,1,3
2758,39,Male,Africa,Lower-Mid,Bachelor,Caregiver/Home,5.52,123,238,7,75,7.0,7.163297895513985,3.386211634545023,4.0,5.0,3.637972064929191,8.7,65.0,0,Laptop,57.0,29.1,1,0,2,0,0,1
2759,20,Male,Asia,Lower-Mid,Bachelor,Part-time/Shift,4.05,111,184,36,60,4.0,7.1581095209847705,5.0,1.0,1.0,1.9721843033383089,9.9,65.0,0,Tablet,54.0,21.6,1,1,2,0,2,2
2760,34,Female,Africa,High,Master,Full-time Employee,4.46,44,282,401,19,5.0,7.563760790671474,3.160951065407458,6.674568467931338,6.0,1.0,8.1,13.0,0,Android,71.0,20.1,0,0,0,2,1,0
2761,22,Female,Europe,Upper-Mid,Bachelor,Full-time Employee,14.41,236,166,225,76,4.0,4.467040707165098,1.0594967063459286,16.070219277189665,22.5,8.88038065787643,4.8,66.0,1,Tablet,71.0,55.9,0,2,3,0,1,2
2762,23,Male,Asia,Low,Bachelor,Student,5.61,132,145,103,68,2.0,7.986145539859693,2.962209198925735,2.0,7.0,4.26075178494363,10.0,65.0,0,Laptop,57.0,26.2,1,1,1,0,3,1
2763,39,Male,South America,Upper-Mid,Bachelor,Full-time Employee,4.2,152,121,59,0,7.0,7.5631889359119535,5.0,5.0,4.0,4.591489085384832,8.7,89.0,0,Android,74.0,25.0,1,5,3,0,1,0
2764,41,Male,North America,High,Bachelor,Unemployed_Looking,5.14,58,175,308,269,6.0,8.210578463629517,4.097011204412876,3.0,7.0,4.684866119832212,9.3,38.0,0,iPhone,59.0,21.2,1,4,0,0,4,3
2765,18,Female,Africa,Lower-Mid,Bachelor,Full-time Employee,5.22,134,152,132,88,3.0,8.397683138847524,2.9193438323483734,9.44600493614184,2.0,3.0308685349147693,9.8,82.0,0,Android,68.0,24.9,0,0,2,0,1,0
2766,22,Female,Asia,Lower-Mid,Bachelor,Full-time Employee,10.32,247,340,48,160,7.0,5.799114861353756,1.308485965396064,13.40779773554548,20.0,9.626669838446546,1.2,76.0,1,Laptop,73.0,51.6,0,1,2,0,1,1
2767,28,Male,Europe,Low,Master,Part-time/Shift,4.53,135,116,394,78,1.0,8.963246838903864,1.7229227092700696,4.0,5.0,1.0,8.2,44.0,1,Laptop,65.0,23.4,1,2,1,2,2,1
2768,13,Male,Africa,Low,High School,Student,6.08,157,268,99,125,4.0,7.326634912215764,3.00704556810005,5.0,6.0,9.88557692267959,0.2,50.0,0,iPhone,70.0,36.68415185296776,1,0,1,1,3,3
2769,28,Male,Europe,High,Master,Full-time Employee,4.72,99,747,323,102,0.0,8.870011048600874,3.697395696767961,4.0,3.0,7.307375508819701,8.9,0.0,0,Android,65.29930112427833,37.1,1,2,0,2,1,0
2770,23,Male,Europe,High,Bachelor,Student,3.54,49,478,35,43,5.0,6.138586290380478,4.119001366622359,2.0,2.0,5.89187620845568,5.7,30.0,0,Tablet,65.29930112427833,22.6,1,2,0,0,3,2
2771,37,Male,Africa,High,High School,Full-time Employee,3.93,73,82,371,185,0.0,5.532582966702132,3.71801493353955,0.0,10.0,1.285941069292195,9.0,46.0,0,Android,63.0,16.7,1,0,0,1,1,0
2772,34,Male,Europe,Upper-Mid,Bachelor,Full-time Employee,4.04,82,634,401,160,0.0,8.341575358518297,4.717930422592519,2.0,0.0,3.2163566461115423,9.9,0.0,0,Laptop,58.0,31.7,1,2,3,0,1,1
2773,40,Male,Europe,High,Bachelor,Unemployed_Looking,15.0,203,207,161,155,5.0,5.99070043263881,2.1730750377966666,16.070219277189665,21.0,9.66688621905464,2.6,56.0,0,Laptop,63.0,57.4,1,2,0,0,4,1
2774,30,Female,South America,High,Bachelor,Full-time Employee,5.69,88,89,340,103,4.0,6.136905267230556,2.038663825065366,6.115526434174045,3.0,3.8131362314420856,6.8,38.0,0,iPhone,65.29930112427833,22.1,0,5,0,0,1,3
2775,35,Female,South America,Low,Bachelor,Part-time/Shift,9.97,188,234,211,95,6.0,7.127671172616275,2.192462798927848,9.169103135690396,14.0,4.82666398218597,5.7,41.0,0,Tablet,60.0,44.6,0,5,1,0,2,2
2776,26,Male,Middle East,Low,Master,Part-time/Shift,8.2,95,232,298,0,2.0,5.372082528067088,1.824697125937201,3.0,5.0,4.145088886432889,8.0,37.0,1,Android,62.0,31.6,1,3,1,2,2,0
2777,36,Female,Middle East,High,High School,Full-time Employee,6.64,172,742,51,90,4.0,8.284206210339443,2.103142328437184,7.613445115459088,6.0,8.97086656916072,2.4,7.0,0,Tablet,62.0,48.3,0,3,0,1,1,2
2778,46,Female,North America,Low,Bachelor,Unemployed_Looking,7.26,123,820,53,26,6.0,8.030862183543894,3.1781194298340347,6.69835637031909,10.0,2.7606599441278274,8.6,0.0,1,Android,63.0,49.8,0,4,1,0,4,0
2779,14,Female,South America,Low,High School,Student,6.01,163,366,263,0,0.0,7.568035452105591,3.678034927550797,5.963570643195744,5.0,1.0,9.3,14.0,0,Laptop,64.0,34.4,0,5,1,1,3,1
2780,13,Male,Europe,Lower-Mid,High School,Student,14.29,316,24,258,83,1.0,5.800980293940401,1.0,16.070219277189665,16.0,10.0,3.3,58.0,1,iPhone,70.0,58.2,1,2,2,1,3,3
2781,13,Female,Africa,Lower-Mid,High School,Student,4.79,120,188,329,0,4.0,8.697282969234218,2.01357795521874,9.463522137215431,3.0,10.0,1.9,42.0,0,Laptop,74.0,23.0,0,0,2,1,3,1
2782,38,Female,Middle East,Lower-Mid,Master,Unemployed_Looking,15.13,147,820,202,168,4.0,4.9796671320663055,1.025627381348178,16.070219277189665,15.0,9.942446315361154,1.2,0.0,1,Android,65.29930112427833,72.54999999999998,0,3,2,2,4,0
2783,45,Female,North America,Low,Bachelor,Caregiver/Home,5.64,113,820,113,132,2.0,8.569669864994106,1.90507873986033,3.151878762273668,5.0,7.255720156815238,5.5,0.0,1,Laptop,65.29930112427833,48.5,0,4,1,0,0,1
2784,23,Male,North America,High,Master,Student,2.65,61,287,74,109,5.0,8.439076075612828,4.115485530745673,3.0,0.0,1.0,9.6,55.0,1,iPhone,55.0,16.9,1,4,0,2,3,3
2785,28,Female,Middle East,Upper-Mid,Bachelor,Full-time Employee,5.49,96,536,101,164,5.0,7.126734790377765,3.247390130699683,6.501622771896013,7.0,3.77483008220865,9.2,10.0,1,Laptop,60.0,33.3,0,3,3,0,1,1
2786,14,Male,Europe,Low,High School,Student,3.53,100,152,276,79,1.0,6.508195583623554,2.8085296603816583,9.0,6.0,2.2105344946935808,9.2,61.0,0,Tablet,61.0,17.8,1,2,1,1,3,2
2787,24,Female,Middle East,Low,Bachelor,Student,5.62,156,499,108,206,1.0,6.518264174819142,3.84316299849158,11.480374288945908,7.0,4.192108032086833,7.1,13.0,0,Laptop,57.0,37.4,0,3,1,0,3,1
2788,28,Male,Africa,Low,Bachelor,Full-time Employee,8.38,82,289,138,65,0.0,7.975374199773684,1.0,6.0,12.0,4.454221916488244,7.5,34.0,0,Tablet,52.0,32.8,1,0,1,0,1,2
2789,15,Female,Africa,Lower-Mid,High School,Student,2.79,93,314,133,6,4.0,7.658792444829902,3.008892561742156,7.172581025103216,0.0,1.0,9.9,52.0,0,iPhone,60.0,19.7,0,0,2,1,3,3
2790,27,Female,Europe,High,Bachelor,Full-time Employee,4.31,99,264,100,61,2.0,7.695028094673172,3.8378100463985407,8.498755949054814,6.0,1.0,10.0,42.0,0,iPhone,67.0,23.4,0,2,0,0,1,3
2791,31,Female,Asia,Lower-Mid,Bachelor,Unemployed_Looking,6.76,192,304,150,0,5.0,5.362587291257233,3.08409067576952,12.1344361116522,8.0,7.849836027377278,2.8,35.0,1,Tablet,71.0,36.68415185296776,0,1,2,0,4,2
2792,22,Female,South America,High,Bachelor,Full-time Employee,12.22,316,439,168,100,0.0,7.43497767005064,1.7531633436427103,14.145883090736271,13.0,10.0,0.1,31.0,1,Laptop,59.0,66.4,0,5,0,0,1,1
2793,45,Male,Africa,Low,Bachelor,Full-time Employee,7.82,174,131,401,19,3.0,8.735618099021426,2.023818628130005,3.0,10.0,1.060844981351167,6.7,39.0,0,iPhone,61.0,36.6,1,0,1,0,1,3
2794,30,Female,Europe,Lower-Mid,High School,Full-time Employee,9.76,244,55,113,174,2.0,9.06137258917986,1.0,12.906987719352902,15.0,1.0,8.2,64.0,0,Android,56.0,44.0,0,2,2,1,1,0
2795,34,Female,Africa,Upper-Mid,Bachelor,Full-time Employee,6.82,152,436,14,0,4.0,8.01397247804969,3.0405927871595773,5.799942551785788,4.0,1.0,8.3,33.0,0,Tablet,65.0,39.0,0,0,3,0,1,2
2796,14,Male,South America,Low,High School,Student,3.55,81,708,106,74,2.0,10.029174635712357,3.860612979208756,8.0,1.0,4.145953202818317,8.4,11.0,0,Laptop,57.0,30.6,1,5,1,1,3,1
2797,23,Female,Africa,Upper-Mid,Bachelor,Student,5.16,72,336,401,23,5.0,9.63941931684079,4.187489649493976,7.708450476397072,7.0,2.7115799133506515,6.418568102444702,12.0,0,Laptop,71.0,24.6,0,0,3,0,3,1
2798,33,Male,Asia,Lower-Mid,High School,Unemployed_Looking,6.52,109,569,104,83,3.0,8.117687826377718,3.0756031474488776,7.0,9.0,9.997282500568463,0.2,28.0,0,Laptop,47.0,38.4,1,1,2,1,4,1
2799,22,Male,North America,Lower-Mid,Bachelor,Full-time Employee,5.19,100,820,61,0,5.0,6.677715010821201,3.138562447173836,5.0,5.0,1.8811374722907563,7.3,0.0,0,iPhone,61.0,49.2,1,4,2,0,1,3
2800,35,Male,Asia,Upper-Mid,High School,Full-time Employee,2.48,75,226,54,149,5.0,9.372188457363146,4.17877781513823,3.0,0.0,7.730570500914187,1.1,64.0,0,iPhone,68.0,16.8,1,1,3,1,1,3
2801,16,Female,North America,Low,High School,Student,3.72,70,218,185,0,2.0,8.687275860397762,3.9093242486341504,9.196373313304788,0.0,3.315069982180593,7.2,50.0,0,Android,67.0,17.4,0,4,1,1,3,0
2802,40,Female,North America,High,Master,Full-time Employee,8.16,112,491,90,178,5.0,8.188830504155721,2.1695849072579305,6.085850887063173,6.0,1.0,9.3,32.0,0,Android,89.0,40.0,0,4,0,2,1,0
2803,24,Male,North America,Lower-Mid,Master,Student,11.38,196,254,223,39,3.0,4.672581083514803,1.913813035835629,9.0,14.0,9.041187371801913,7.9,49.0,1,Android,65.29930112427833,47.8,1,4,2,2,3,0
2804,34,Female,North America,High,Bachelor,Part-time/Shift,4.88,104,408,54,24,3.0,7.914044735217331,3.947633560734028,4.032315837284637,8.0,1.0,10.0,48.0,0,Android,55.0,29.9,0,4,0,0,2,0
2805,15,Male,Middle East,Low,High School,Student,1.4,50,775,91,237,4.0,5.313963194315285,5.0,8.0,1.0,8.9705056627582,7.5,11.0,0,Android,64.0,24.4,1,3,1,1,3,0
2806,46,Female,Africa,Low,Bachelor,Full-time Employee,7.22,76,221,28,102,1.0,7.093507281347571,1.8728956347517167,2.331534679927745,8.0,1.157665072081397,5.5,48.0,0,iPhone,47.0,29.6,0,0,1,0,1,3
2807,20,Male,Asia,Upper-Mid,Bachelor,Full-time Employee,10.16,125,612,83,56,2.0,6.696178207214245,1.0,6.0,15.0,10.0,0.1,9.0,1,Tablet,64.0,47.9,1,1,3,0,1,2
2808,31,Female,Asia,Lower-Mid,Master,Full-time Employee,5.19,89,321,88,121,2.0,5.848208253094576,3.79049077559237,2.954622768625676,9.0,2.2491804628463257,9.5,44.0,0,Tablet,57.0,26.8,0,1,2,2,1,2
2809,50,Female,Europe,High,High School,Unemployed_Looking,10.09,178,108,175,107,4.0,7.143906058137219,1.0270117970158303,11.86841375908663,15.0,5.009510357831907,7.2,68.0,1,Laptop,74.0,41.8,0,2,0,1,4,1
2810,38,Male,Africa,High,Bachelor,Full-time Employee,3.68,97,256,95,216,2.0,7.618149200110773,2.942662266861789,3.0,3.0,9.03255803801098,8.8,73.0,0,Laptop,60.0,22.9,1,0,0,0,1,1
2811,43,Male,South America,High,High School,Unemployed_Looking,5.8,89,146,87,81,4.0,8.175922627938183,1.0,2.0,2.0,4.947199703852763,9.3,62.0,0,Laptop,64.0,24.7,1,5,0,1,4,1
2812,34,Female,Europe,Lower-Mid,Master,Full-time Employee,5.89,123,308,309,69,3.0,6.1528745501124495,3.9131943801345552,6.134974697256418,6.0,2.1340064121862743,4.8,19.0,0,iPhone,59.0,31.3,0,2,2,2,1,3
2813,19,Female,Asia,Lower-Mid,Bachelor,Student,5.35,110,278,126,249,6.0,7.896483838826109,3.2194902348339647,5.807556679285915,3.0,1.0,8.4,51.0,0,Android,82.0,26.0,0,1,2,0,3,0
2814,28,Female,North America,Low,Bachelor,Full-time Employee,5.49,134,454,159,47,2.0,8.770387836546627,1.8863571685063032,3.614781629394067,15.0,7.063623630103463,9.1,17.0,0,Laptop,62.0,34.3,0,4,1,0,1,1
2815,33,Male,Middle East,High,High School,Full-time Employee,5.45,134,331,64,183,2.0,7.72143700934688,2.9218790552220377,2.0,7.0,10.0,1.1,50.0,0,Laptop,83.0,30.9,1,3,0,1,1,1
2816,17,Female,Middle East,Lower-Mid,High School,Student,12.54,215,180,47,29,3.0,6.603915878477986,1.910604036718856,12.362230598322778,17.0,3.0011246093046746,6.5,73.0,0,Laptop,73.0,49.6,0,3,2,1,3,1
2817,26,Female,Asia,Lower-Mid,Master,Full-time Employee,7.51,144,306,197,102,1.0,7.130430548416913,1.7960221578391848,8.916294452639335,15.0,2.202030189844087,10.0,51.0,0,Android,70.0,35.8,0,1,2,2,1,0
2818,14,Male,North America,Low,High School,Student,2.34,86,101,118,136,5.0,7.635340335904576,3.191568932054806,4.0,5.0,3.946556090943957,9.5,53.0,0,iPhone,69.0,12.3,1,4,1,1,3,3
2819,17,Female,North America,Low,High School,Student,9.55,203,268,68,66,1.0,7.069764359811161,1.0,8.823447723664335,4.0,1.0966241654973152,8.6,59.0,0,Tablet,69.0,36.68415185296776,0,4,1,1,3,2
2820,49,Female,Middle East,High,Master,Unemployed_Looking,4.35,64,468,31,182,6.0,7.666991722407312,3.2855399203469227,4.929372553600722,5.0,4.7702144571308285,6.0,48.0,1,Tablet,46.0,28.4,0,3,0,2,4,2
2821,26,Male,Asia,Upper-Mid,Bachelor,Full-time Employee,8.54,194,372,31,25,4.0,7.34579541906511,2.9985541690434583,7.0,14.0,3.8273823722218654,9.9,39.0,0,iPhone,62.0,44.4,1,1,3,0,1,3
2822,19,Female,Europe,Low,Bachelor,Student,7.69,143,189,237,51,1.0,6.859950334344918,2.854740166416499,4.967788630664803,2.0,3.17340509760709,8.5,43.0,0,Android,73.0,32.4,0,2,1,0,3,0
2823,19,Male,Middle East,Low,Bachelor,Student,15.321028152585416,316,354,211,265,1.0,6.114079510373318,1.0,16.070219277189665,22.5,10.0,0.0,38.0,1,Tablet,65.0,72.54999999999998,1,3,1,0,3,2
2824,31,Male,Asia,High,Bachelor,Part-time/Shift,4.59,73,206,67,78,5.0,9.344140154305013,3.074564249052702,2.0,2.0,1.0,8.4,60.0,0,Android,51.0,21.3,1,1,0,0,2,0
2825,28,Female,North America,Upper-Mid,High School,Full-time Employee,6.94,193,213,63,129,3.0,8.629548661056495,2.947195422383505,6.7065589049684124,9.0,5.158138032468291,0.8,72.0,0,Laptop,64.0,36.5,0,4,3,1,1,1
2826,15,Female,Middle East,Lower-Mid,High School,Student,6.76,251,131,99,16,5.0,7.2554584924595185,2.1590561213436006,8.89280949997611,16.0,9.845439723484317,2.2,70.0,1,iPhone,82.0,36.68415185296776,0,3,2,1,3,3
2827,46,Female,Europe,Lower-Mid,Master,Full-time Employee,6.36,68,268,147,70,5.0,8.495949949366866,2.1314669621895765,5.051919822240668,5.0,4.728384860327204,2.5,41.59859976662777,0,Tablet,77.0,36.68415185296776,0,2,2,2,1,2
2828,36,Male,Middle East,Lower-Mid,Bachelor,Full-time Employee,6.48,105,80,12,176,1.0,8.47496962003336,1.8681945581197847,3.0,12.0,1.0,8.4,88.0,0,iPhone,64.0,25.3,1,3,2,0,1,3
2829,29,Female,Europe,Lower-Mid,PhD,Part-time/Shift,3.57,86,81,48,46,3.0,7.532108974352518,4.043827377787879,7.069246139729168,6.0,2.1357838414306487,8.7,77.0,1,Android,65.29930112427833,15.9,0,2,2,3,2,0
2830,20,Female,Europe,Upper-Mid,High School,Full-time Employee,7.32,197,239,86,0,2.0,7.23955702656614,3.833004197878484,7.543810464550555,6.0,10.0,5.0,59.0,0,Android,61.0,37.8,0,2,3,1,1,0
2831,19,Male,Asia,Low,High School,Part-time/Shift,7.42,171,287,241,36,1.0,7.193270069772331,2.749457630302101,5.0,5.0,4.413085149255383,6.0,45.0,0,Android,48.0,37.4,1,1,1,1,2,0
2832,26,Male,Middle East,Upper-Mid,Master,Full-time Employee,9.17,139,107,163,164,2.0,7.614940504590431,2.8269160424633344,2.0,10.0,1.209517488444134,9.6,55.0,0,Laptop,56.0,34.6,1,3,3,2,1,1
2833,44,Female,Europe,Low,PhD,Full-time Employee,5.49,86,411,401,180,3.0,8.85231524871722,4.927080569938734,7.611057362266235,1.0,10.0,6.9,0.0,0,Laptop,81.0,30.1,0,2,1,3,1,1
2834,45,Male,Middle East,Low,Bachelor,Caregiver/Home,6.76,281,161,280,0,7.0,6.7089996336738045,1.3467896751691546,16.070219277189665,19.0,6.546957771255807,6.3,60.0,0,Laptop,62.0,36.68415185296776,1,3,1,0,0,1
2835,18,Male,Africa,Low,Bachelor,Student,4.43,75,820,140,0,0.0,9.402991749052577,2.760404541484197,2.0,10.0,1.4070099535818938,9.6,0.0,0,iPhone,63.0,38.9,1,0,1,0,3,3
2836,30,Male,Africa,Upper-Mid,Bachelor,Full-time Employee,4.87,45,345,353,181,2.0,8.472005723522882,3.864904352498255,5.0,8.0,5.1611356606825245,9.4,11.0,0,iPhone,62.0,22.7,1,0,3,0,1,3
2837,21,Female,Europe,Upper-Mid,High School,Student,6.82,167,275,157,109,6.0,7.1923933914483404,3.2111391760002674,5.759998412173225,8.0,1.0,8.8,44.0,0,Laptop,84.0,34.4,0,2,3,1,3,1
2838,44,Male,Asia,Upper-Mid,PhD,Part-time/Shift,6.87,110,132,71,117,3.0,7.516206519943315,4.042255649999432,5.0,0.0,8.982512650813847,1.0,67.0,0,Tablet,81.0,28.3,1,1,3,3,2,2
2839,13,Female,Asia,Low,High School,Student,7.49,94,205,221,118,7.0,6.0906706654152565,3.386979491677123,8.023993810526258,6.0,9.621475978577829,8.9,47.0,0,Android,87.0,27.2,0,1,1,1,3,0
2840,24,Female,Europe,Lower-Mid,Bachelor,Part-time/Shift,14.76,304,170,88,36,3.0,3.8742382921262744,1.0,16.070219277189665,22.5,9.971930580327957,0.0,79.0,0,iPhone,65.29930112427833,63.1,0,2,2,0,2,3
2841,27,Male,Middle East,Upper-Mid,Master,Full-time Employee,8.64,281,266,312,228,5.0,5.972599221810857,1.998845602732281,8.0,15.0,7.652483216089849,2.7,28.0,0,Laptop,68.0,49.2,1,3,3,2,1,1
2842,32,Male,South America,Low,PhD,Full-time Employee,6.18,102,190,157,119,2.0,7.636788867874923,3.907020085882375,3.0,2.0,6.223656723960436,4.8,50.0,0,Laptop,50.0,27.2,1,5,1,3,1,1
2843,18,Male,Europe,Lower-Mid,Bachelor,Student,15.321028152585416,316,307,72,42,3.0,5.812249961530712,1.018777781218202,16.070219277189665,16.0,9.917088381809991,0.0,49.0,0,Android,80.0,69.9,1,2,2,0,3,0
2844,26,Male,Africa,Upper-Mid,High School,Student,2.24,59,127,401,38,1.0,9.246270518406495,3.823502703340422,2.0,6.0,1.0,9.4,26.0,1,Laptop,53.0,12.0,1,0,3,1,3,1
2845,24,Female,Africa,Low,Bachelor,Full-time Employee,5.02,97,148,57,226,4.0,8.892253933579235,4.088250764274632,3.1646876371841146,5.0,3.9574068125720654,9.7,62.0,0,Android,67.0,21.7,0,0,1,0,1,0
2846,36,Female,Africa,Low,PhD,Full-time Employee,15.11,259,326,148,156,7.0,6.608840718550587,1.3094322178511866,16.070219277189665,20.0,2.6373531090981546,4.3,40.0,0,Laptop,54.0,65.4,0,0,1,3,1,1
2847,26,Male,Middle East,Lower-Mid,Bachelor,Full-time Employee,10.05,161,165,57,261,1.0,5.815959249741323,1.0,9.0,15.0,5.227658890715316,5.2,49.0,0,Laptop,59.0,40.0,1,3,2,0,1,1
2848,34,Female,North America,High,PhD,Full-time Employee,14.53,291,104,33,0,4.0,4.7179546735736215,1.0076130966697197,16.070219277189665,17.0,9.952463560238542,0.1,65.0,0,Laptop,65.29930112427833,60.8,0,4,0,3,1,1
2849,15,Female,Middle East,Low,High School,Student,7.96,221,31,120,133,3.0,5.093098284815063,2.955982765384627,1.5458016959180991,10.0,1.074956865927967,9.7,74.0,0,Android,59.0,35.7,0,3,1,1,3,0
2850,32,Female,South America,Lower-Mid,Bachelor,Full-time Employee,8.93,247,227,55,36,7.0,7.639728504999233,3.344849688040085,7.280864239497758,12.0,9.67002525308927,4.1,62.0,1,Laptop,60.0,46.7,0,5,2,0,1,1
2851,43,Female,Europe,High,PhD,Unemployed_Looking,11.45,145,735,97,73,4.0,4.597628074422269,2.0136308149218616,12.784436702891243,13.0,10.0,7.8,29.0,1,Android,60.0,58.0,0,2,0,3,4,0
2852,47,Female,Europe,Low,Master,Full-time Employee,5.15,47,177,29,12,2.0,8.526000173978675,4.914950862802759,10.582583435348257,4.0,10.0,6.418568102444702,79.0,0,Laptop,73.0,20.5,0,2,1,2,1,1
2853,34,Female,Asia,Lower-Mid,Bachelor,Full-time Employee,11.43,184,170,401,119,6.0,7.353693239486095,1.226878935227469,16.070219277189665,17.0,3.722864833559537,3.9,37.0,1,Android,54.0,46.2,0,1,2,0,1,0
2854,29,Male,Africa,Low,Bachelor,Full-time Employee,4.57,72,170,118,83,3.0,9.706756465123716,3.051350237995091,3.0,0.0,2.9647411831171464,8.7,65.0,0,Tablet,67.0,19.5,1,0,1,0,1,2
2855,25,Male,Africa,Low,Bachelor,Full-time Employee,3.88,117,98,137,62,5.0,8.477755356944202,4.12972567302818,2.0,5.0,1.0,8.4,76.0,0,Laptop,77.0,19.3,1,0,1,0,1,1
2856,26,Female,Asia,Lower-Mid,Bachelor,Full-time Employee,7.18,119,148,401,147,1.0,7.141208419314339,3.7245331666338055,4.833092830684389,7.0,10.0,0.2,35.0,0,Android,60.0,29.1,0,1,2,0,1,0
2857,45,Male,Africa,Low,PhD,Full-time Employee,8.01,114,213,231,159,7.0,7.083231953146552,3.323922472373006,5.0,11.0,5.59584381308658,2.9,38.0,1,Laptop,58.0,36.68415185296776,1,0,1,3,1,1
2858,14,Female,Europe,Lower-Mid,High School,Student,4.74,79,314,43,245,5.0,6.723697421966424,3.238712422516352,8.066121557916167,7.0,3.867822784421855,6.3,56.0,1,iPhone,65.29930112427833,23.0,0,2,2,1,3,3
2859,39,Female,Asia,Low,Bachelor,Full-time Employee,4.37,93,176,367,70,4.0,7.795482707018761,4.087544185581216,1.0,0.0,3.9073653467321954,7.8,30.0,0,Laptop,77.0,21.7,0,1,1,0,1,1
2860,22,Male,Asia,Low,Bachelor,Student,3.91,73,200,32,12,2.0,7.934204061151786,4.852772651553856,4.0,0.0,5.197471770641279,9.4,73.0,0,iPhone,67.0,18.2,1,1,1,0,3,3
2861,21,Female,Europe,Upper-Mid,Bachelor,Full-time Employee,3.71,101,129,135,0,3.0,7.703231276980093,2.9179430807821864,3.781611202587532,5.0,1.1102876854675334,9.1,79.0,0,Android,60.0,18.4,0,2,3,0,1,0
2862,44,Male,South America,Upper-Mid,Bachelor,Full-time Employee,6.55,136,305,188,174,2.0,8.592253626691642,2.844507289469006,7.0,8.0,4.215682587812603,5.8,29.0,0,Android,70.0,34.5,1,5,3,0,1,0
2863,33,Male,Europe,High,Bachelor,Full-time Employee,9.99,296,558,79,109,5.0,6.572934358347517,3.231975255953753,8.0,16.0,6.833681330178436,6.2,16.0,0,Tablet,54.0,62.1,1,2,0,0,1,2
2864,20,Male,Middle East,Lower-Mid,Bachelor,Full-time Employee,4.0,66,68,194,28,2.0,6.7769822178670776,3.875789359118305,5.0,2.0,5.060594906344801,9.9,66.0,0,iPhone,72.0,14.2,1,3,2,0,1,3
2865,32,Female,Europe,Upper-Mid,Master,Full-time Employee,11.96,168,461,187,145,6.0,7.593275171655496,2.178562135840008,12.053780606268909,14.0,8.668787881746775,9.0,23.0,1,Tablet,69.0,52.9,0,2,3,2,1,2
2866,21,Male,North America,Low,Bachelor,Student,7.1,124,641,67,122,0.0,7.944894441262818,1.7244646117444984,4.0,8.0,10.0,3.3,38.0,0,iPhone,62.0,41.4,1,4,1,0,3,3
2867,36,Male,Asia,Lower-Mid,Bachelor,Full-time Employee,6.76,84,572,69,117,7.0,6.527867529419352,2.275733596697882,3.0,16.0,4.807133052288329,5.3,37.0,1,Android,57.0,36.68415185296776,1,1,2,0,1,0
2868,38,Female,Middle East,Low,Master,Part-time/Shift,13.98,261,345,33,94,2.0,3.8742382921262744,1.0,16.070219277189665,17.0,10.0,2.7,57.0,1,Android,56.0,63.6,0,3,1,2,2,0
2869,49,Female,Europe,Upper-Mid,Bachelor,Caregiver/Home,6.15,100,124,54,20,5.0,8.3240898836095,3.081085787383836,4.76352458105135,6.0,1.0,9.8,72.0,0,Android,70.0,26.3,0,2,3,0,0,0
2870,31,Female,South America,Low,Bachelor,Full-time Employee,6.38,118,601,401,121,4.0,7.342845634956527,3.110957179920915,2.8047576248785053,10.0,4.886282437617791,9.7,41.59859976662777,0,Android,77.0,38.6,0,5,1,0,1,0
2871,15,Male,South America,Low,High School,Student,5.97,106,116,287,39,6.0,7.220790851081616,3.2177989103539635,4.0,6.0,1.0,9.8,55.0,1,Android,59.0,23.4,1,5,1,1,3,0
2872,43,Female,Europe,High,Bachelor,Caregiver/Home,11.08,219,321,20,150,3.0,6.82624941942643,1.032391700412519,15.215673541905373,17.0,4.983174231258965,3.7,42.0,0,Tablet,70.0,52.6,0,2,0,0,0,2
2873,13,Female,North America,Low,High School,Student,10.32,225,287,361,214,3.0,6.286301141807814,3.0511713269278373,6.271798850907302,12.0,1.0,9.3,54.0,0,iPhone,44.0,48.4,0,4,1,1,3,3
2874,24,Male,North America,Lower-Mid,Master,Student,6.18,129,196,401,119,0.0,8.857334858875603,2.736626325646515,2.0,5.0,1.0,6.418568102444702,13.0,0,Tablet,59.0,28.7,1,4,2,2,3,2
2875,24,Female,Europe,Lower-Mid,Master,Student,6.01,142,820,89,102,1.0,7.590314556864004,2.79651790706766,1.0,6.0,10.0,0.8,0.0,0,iPhone,65.0,49.3,0,2,2,2,3,3
2876,37,Male,Middle East,Upper-Mid,Master,Caregiver/Home,7.7,113,820,59,33,2.0,7.410316617731405,2.8954646727376314,1.0,12.0,7.122686100042114,4.2,41.59859976662777,0,Laptop,56.0,57.8,1,3,3,2,0,1
2877,30,Female,South America,Upper-Mid,High School,Full-time Employee,8.11,161,301,50,133,4.0,8.383984930604951,3.047186484737636,10.462708971065185,14.0,1.0,7.2,72.0,1,Tablet,56.0,39.3,0,5,3,1,1,2
2878,33,Male,Asia,High,High School,Part-time/Shift,2.79,28,418,72,0,2.0,8.76169511732281,3.80930740835744,3.0,0.0,8.073041941245188,6.418568102444702,31.0,0,Android,58.0,18.6,1,1,0,1,2,0
2879,20,Female,Middle East,Upper-Mid,Bachelor,Part-time/Shift,12.25,248,820,64,54,2.0,5.635136748262261,1.96977974983363,16.070219277189665,10.0,10.0,0.0,0.0,1,iPhone,68.0,72.54999999999998,0,3,3,0,2,3
2880,28,Male,Middle East,Upper-Mid,High School,Part-time/Shift,6.41,147,637,119,85,5.0,8.156387695810057,4.144098912803711,3.0,8.0,8.840339143289643,9.4,19.0,0,iPhone,63.0,42.3,1,3,3,1,2,3
2881,30,Male,Asia,Low,Bachelor,Full-time Employee,3.52,95,690,196,0,4.0,8.594269621644067,2.99377005908534,1.0,6.0,1.0,8.6,0.0,0,Tablet,43.0,33.1,1,1,1,0,1,2
2882,38,Male,South America,Lower-Mid,Bachelor,Caregiver/Home,11.99,216,300,212,128,3.0,7.472823010624124,1.0,10.0,15.0,4.990118129745433,1.2,39.0,0,Tablet,44.0,54.2,1,5,2,0,0,2
2883,22,Male,Europe,Lower-Mid,Bachelor,Student,8.55,121,645,40,69,5.0,7.437994448280628,2.0154297002881334,5.0,7.0,2.763015286451765,9.9,0.0,0,Laptop,59.0,44.8,1,2,2,0,3,1
2884,31,Male,Middle East,Upper-Mid,High School,Unemployed_Looking,4.61,70,283,75,117,0.0,9.275927857140868,2.7709104657852355,3.0,6.0,6.353334420965876,9.3,46.0,0,Android,70.0,22.5,1,3,3,1,4,0
2885,41,Female,North America,Low,Bachelor,Full-time Employee,14.88,186,166,130,98,1.0,4.286958840498982,1.0,16.070219277189665,17.0,10.0,4.6,68.0,1,Laptop,41.0,55.5,0,4,1,0,1,1
2886,18,Female,Asia,Low,Bachelor,Part-time/Shift,6.11,139,213,178,76,5.0,8.18201539131148,4.109064628529394,8.255192339995034,5.0,3.975899765945417,9.7,51.0,0,iPhone,60.0,29.2,0,1,1,0,2,3
2887,24,Male,South America,High,Bachelor,Student,7.0,149,226,135,213,0.0,6.318588508216821,1.0,5.0,9.0,5.20351401345237,4.4,50.0,0,Android,60.0,33.0,1,5,0,0,3,0
2888,26,Female,Africa,Low,Bachelor,Full-time Employee,7.69,110,226,156,102,3.0,7.595346191787584,2.946237966936046,11.097105113624762,11.0,7.034494515164518,5.5,57.0,0,Tablet,79.0,31.0,0,0,1,0,1,2
2889,31,Female,South America,Upper-Mid,Bachelor,Part-time/Shift,9.53,105,245,236,193,2.0,7.579764349556839,1.919481951947052,9.159556914754123,5.0,6.118546943071403,8.5,57.0,0,Laptop,61.0,36.4,0,5,3,0,2,1
2890,22,Female,North America,Lower-Mid,Bachelor,Full-time Employee,4.69,98,527,111,73,3.0,6.2901274604317,1.9768035779599704,5.211943511508525,8.0,10.0,10.0,20.0,0,Laptop,69.0,30.4,0,4,2,0,1,1
2891,27,Female,Asia,Lower-Mid,PhD,Full-time Employee,6.58,162,143,73,12,4.0,7.923559156063084,2.047718539180431,5.465992698161507,16.0,1.0,8.9,67.0,1,iPhone,66.0,31.1,0,1,2,3,1,3
2892,13,Female,Asia,Lower-Mid,High School,Student,4.08,109,128,266,121,2.0,8.730036266443811,2.813518210859802,9.20960166681155,6.0,1.0,8.7,83.0,0,Laptop,44.0,19.7,0,1,2,1,3,1
2893,20,Male,South America,Lower-Mid,Bachelor,Part-time/Shift,7.25,171,233,84,0,3.0,8.153822808005348,1.931053806919192,3.0,8.0,4.0648863952263605,5.2,59.0,0,Android,73.0,35.0,1,5,2,0,2,0
2894,37,Female,North America,Low,Bachelor,Full-time Employee,8.12,134,647,136,118,1.0,6.18681831374932,1.0,3.726446913281685,11.0,6.175745926580492,7.5,0.0,0,Tablet,67.0,46.1,0,4,1,0,1,2
2895,22,Male,Africa,Low,High School,Part-time/Shift,7.64,126,605,180,123,5.0,7.15345669122746,2.0977085711914483,2.0,5.0,1.921155023806573,6.4,15.0,0,Tablet,70.0,41.8,1,0,1,1,2,2
2896,21,Female,North America,Low,Bachelor,Full-time Employee,5.75,116,199,243,151,2.0,6.92463523786228,3.952424208933601,6.714810813389708,4.0,7.207672750843418,9.2,32.0,0,Tablet,89.0,25.0,0,4,1,0,1,2
2897,28,Male,Asia,Upper-Mid,High School,Full-time Employee,8.16,182,240,143,205,3.0,5.46410848647364,1.0893604409408046,4.0,15.0,4.110521883683133,9.1,62.0,0,Laptop,44.0,39.8,1,1,3,1,1,1
2898,21,Female,Europe,Lower-Mid,Bachelor,Full-time Employee,2.13,50,179,81,77,2.0,7.839318869042309,3.9249749961864415,8.094518543597289,1.0,1.0,8.3,49.0,0,Android,82.0,11.0,0,2,2,0,1,0
2899,30,Male,Europe,High,Bachelor,Unemployed_Looking,6.49,129,501,122,290,2.0,6.87662506308024,3.9667973257126334,4.0,9.0,10.0,8.2,8.0,0,iPhone,62.0,37.6,1,2,0,0,4,3
2900,42,Male,North America,High,High School,Full-time Employee,6.0,90,263,174,106,3.0,7.929179115462127,3.008076736655938,1.0,5.0,4.1557588926745535,8.8,48.0,0,Android,68.0,28.0,1,4,0,1,1,0
2901,39,Male,Asia,Upper-Mid,Master,Full-time Employee,6.76,229,218,13,0,5.0,7.678307316993921,2.1050965608010417,9.0,6.0,7.854464949830064,5.6,59.0,0,Tablet,65.0,36.68415185296776,1,1,3,2,1,2
2902,16,Female,Middle East,Low,High School,Student,9.32,184,502,91,242,5.0,7.953707925691362,2.141817245175022,8.77780699869744,12.0,1.0,6.8,42.0,0,Tablet,61.0,47.8,0,3,1,1,3,2
2903,19,Female,North America,Low,Bachelor,Student,14.61,308,254,56,110,5.0,4.608561475723295,1.232475709239523,16.070219277189665,22.5,5.823725471248463,1.4,51.0,0,Tablet,65.29930112427833,64.9,0,4,1,0,3,2
2904,20,Male,South America,Lower-Mid,Bachelor,Unemployed_Looking,3.24,111,171,95,221,4.0,6.54334949002759,3.0257473312065204,9.0,2.0,1.9288591407652536,10.0,100.0,0,Android,68.0,18.9,1,5,2,0,4,0
2905,39,Female,South America,High,High School,Part-time/Shift,6.27,110,347,61,119,7.0,8.74023973666099,2.239612584184264,5.893714209671502,9.0,4.569676762061867,2.7,47.0,0,Tablet,50.0,32.8,0,5,0,1,2,2
2906,35,Female,Asia,Upper-Mid,High School,Full-time Employee,6.59,152,218,86,14,5.0,7.868855521207336,3.0750999407788875,6.131344964010369,6.0,9.95480489195675,0.4,44.0,0,iPhone,73.0,32.8,0,1,3,1,1,3
2907,18,Female,Africa,Lower-Mid,Bachelor,Unemployed_Looking,4.68,119,820,214,297,5.0,7.055815575790721,4.1209331927429735,1.118667678870369,7.0,2.847957413327425,9.8,0.0,0,Android,61.0,39.9,0,0,2,0,4,0
2908,20,Male,North America,Upper-Mid,Bachelor,Full-time Employee,11.2,214,240,87,145,3.0,7.324042926900171,1.9218667703089816,10.0,11.0,10.0,3.0,62.0,0,iPhone,54.0,48.7,1,4,3,0,1,3
2909,50,Male,South America,Low,Master,Full-time Employee,6.42,142,196,41,148,3.0,8.056630971839779,2.0557413461129963,6.0,8.0,2.0683414407392684,6.9,63.0,0,Tablet,60.0,32.7,1,5,1,2,1,2
2910,32,Female,South America,Lower-Mid,PhD,Full-time Employee,7.98,184,217,169,127,4.0,6.83877680772269,4.062742845067457,3.0,9.0,4.169155003555114,9.5,49.0,0,Android,78.0,38.3,0,5,2,3,1,0
2911,28,Female,Europe,Low,Bachelor,Full-time Employee,8.41,123,349,68,156,4.0,7.48013358683679,4.100511333825918,7.066795809662612,2.0,9.84022870712817,1.1,35.0,0,Tablet,65.29930112427833,37.7,0,2,1,0,1,2
2912,26,Female,Middle East,Lower-Mid,Bachelor,Full-time Employee,7.31,182,97,220,49,2.0,7.231897952684608,2.8772224616153914,6.522768847832746,8.0,3.0761892775368627,8.2,49.0,0,Android,69.0,33.3,0,3,2,0,1,0
2913,36,Female,Africa,High,High School,Full-time Employee,11.26,279,151,142,113,5.0,5.588760870034618,1.074799802046845,16.070219277189665,15.0,4.713808102691372,3.9,63.0,0,Tablet,58.0,53.4,0,0,0,1,1,2
2914,44,Male,Asia,Upper-Mid,Master,Caregiver/Home,10.24,143,144,377,168,3.0,7.611394016869676,1.9065706774694708,7.0,15.0,7.018671561270315,2.3,39.0,0,Android,73.0,39.6,1,1,3,2,0,0
2915,48,Female,North America,High,PhD,Part-time/Shift,7.63,113,323,74,128,4.0,6.6963545429397575,3.006525431228986,6.841054963179087,10.0,2.950408117682332,9.2,45.0,0,Android,72.0,35.8,0,4,0,3,2,0
2916,19,Female,Africa,Lower-Mid,Bachelor,Student,6.81,130,234,57,222,3.0,7.661371764763079,2.9894166494424703,5.220622128466111,2.0,1.0,9.2,70.0,0,Android,83.0,30.1,0,0,2,0,3,0
2917,26,Female,Asia,Lower-Mid,Bachelor,Full-time Employee,5.03,104,152,64,3,2.0,7.909486443598568,2.9181498777327737,3.451941843897284,6.0,7.100614214622024,5.4,49.0,0,Tablet,63.0,22.7,0,1,2,0,1,2
2918,14,Female,Middle East,Lower-Mid,High School,Student,4.81,163,460,97,210,5.0,7.466397294355014,2.1619694655875854,4.6796148369053086,10.0,1.0,8.1,36.0,0,Tablet,72.0,33.8,0,3,2,1,3,2
2919,27,Male,Asia,Low,Bachelor,Full-time Employee,14.22,301,407,87,4,1.0,6.294619052044417,1.0,16.070219277189665,22.0,10.0,5.1,54.0,1,Tablet,66.0,67.8,1,1,1,0,1,2
2920,16,Male,Europe,Low,High School,Student,9.9,231,268,146,161,4.0,7.539382596219752,2.0519045590429794,2.0,7.0,9.95558070839077,2.5,60.0,0,Android,78.0,46.7,1,2,1,1,3,0
2921,22,Female,Asia,Lower-Mid,Bachelor,Student,10.72,214,359,166,60,1.0,7.922001099534356,1.0,6.860272140414198,16.0,3.339443964342584,5.6,33.0,0,Tablet,58.0,50.7,0,1,2,0,3,2
2922,26,Female,Africa,Lower-Mid,Bachelor,Full-time Employee,8.59,211,515,401,74,3.0,8.305088904752218,1.992113673120361,7.324274989078949,8.0,1.0,7.4,0.0,0,iPhone,72.0,49.2,0,0,2,0,1,3
2923,21,Male,Middle East,Lower-Mid,Bachelor,Part-time/Shift,4.1,106,268,115,70,5.0,7.524907269405039,4.155763514709523,7.0,1.0,5.894734851860348,5.0,14.0,0,Android,63.0,36.68415185296776,1,3,2,0,2,0
2924,20,Female,Middle East,Upper-Mid,High School,Student,10.79,195,98,87,111,4.0,5.721675392469005,1.993316365986571,9.653801132216042,15.0,5.017640115136681,9.7,74.0,0,iPhone,64.0,42.2,0,3,3,1,3,3
2925,21,Male,Middle East,Low,Bachelor,Part-time/Shift,4.77,146,72,272,30,4.0,8.633228086224836,4.100326498697711,9.0,6.0,2.953392895025639,8.9,44.0,0,iPhone,66.0,23.1,1,3,1,0,2,3
2926,20,Male,South America,Lower-Mid,Bachelor,Student,4.0,103,109,114,239,4.0,7.893572555067103,3.168866165414305,4.0,4.0,9.918075360132695,8.6,78.0,0,Laptop,65.29930112427833,18.4,1,5,2,0,3,1
2927,42,Male,Asia,High,Bachelor,Full-time Employee,1.78,46,105,38,136,1.0,8.607227658564243,4.854012874426852,5.0,0.0,1.0,8.1,76.0,0,iPhone,64.0,10.3,1,1,0,0,1,3
2928,20,Female,North America,Upper-Mid,Bachelor,Full-time Employee,4.54,77,820,78,105,2.0,6.840486068640939,3.884014029166821,5.678435672474871,4.0,10.0,4.6,0.0,0,Laptop,67.0,45.4,0,4,3,0,1,1
2929,21,Male,Europe,Lower-Mid,High School,Unemployed_Looking,12.4,265,433,172,182,4.0,6.282983149370278,1.0360977331774055,14.0,17.0,9.888871799601992,0.3,22.0,0,Laptop,81.0,60.1,1,2,2,1,4,1
2930,19,Female,Europe,Lower-Mid,Bachelor,Full-time Employee,3.34,77,245,104,127,7.0,7.27766005353381,3.281125750044542,9.966567123533844,2.0,1.0,8.2,68.0,0,Android,75.0,17.9,0,2,2,0,1,0
2931,19,Female,Africa,Lower-Mid,Bachelor,Full-time Employee,8.1,160,430,36,183,0.0,7.230547315809807,2.6943497516120094,8.177626889281573,8.0,5.384560679099722,6.2,46.0,0,Android,74.0,40.9,0,0,2,0,1,0
2932,29,Female,Europe,High,High School,Unemployed_Looking,4.68,116,580,113,252,1.0,8.223072932100187,3.824890997880221,8.300803053499585,4.0,1.0,9.9,17.0,0,Tablet,60.0,34.2,0,2,0,1,4,2
2933,45,Male,Africa,High,High School,Part-time/Shift,6.05,68,172,401,104,5.0,8.65648374211664,4.074886532376936,2.0,3.0,9.73142683559912,3.2,32.0,0,iPhone,56.0,24.5,1,0,0,1,2,3
2934,46,Female,Europe,Lower-Mid,Master,Part-time/Shift,8.42,178,268,1,87,2.0,7.276082603264115,1.0,5.507606387343037,11.0,1.0,8.8,41.59859976662777,0,Laptop,75.0,36.68415185296776,0,2,2,2,2,1
2935,31,Female,Europe,Lower-Mid,Bachelor,Unemployed_Looking,5.47,135,267,250,152,5.0,8.114682967865647,3.142789746025328,6.4168264638187855,5.0,2.790095354366591,8.6,50.0,0,Android,74.0,36.68415185296776,0,2,2,0,4,0
2936,34,Female,Europe,Lower-Mid,Master,Full-time Employee,9.46,253,503,50,76,4.0,5.723206208078439,2.052986671626684,11.459113396729723,8.0,6.84276531085017,8.7,31.0,0,Tablet,65.29930112427833,55.1,0,2,2,2,1,2
2937,42,Female,South America,High,High School,Full-time Employee,2.86,53,584,88,0,4.0,7.140124089379207,3.023366517516033,2.4747889721991365,9.0,2.895629221030398,6.4,15.0,0,Laptop,59.0,25.9,0,5,0,1,1,1
2938,30,Male,Asia,Lower-Mid,Bachelor,Full-time Employee,6.76,214,596,101,155,6.0,5.57276071493348,2.147559474400891,16.070219277189665,8.0,9.916442205365122,0.5,15.0,0,Tablet,65.29930112427833,36.68415185296776,1,1,2,0,1,2
2939,16,Male,Asia,Low,High School,Student,1.56,66,483,94,102,2.0,7.889393148367021,4.906642932490078,8.0,0.0,5.11277500915484,9.9,26.0,0,Tablet,49.0,19.2,1,1,1,1,3,2
2940,34,Female,Asia,Lower-Mid,Bachelor,Full-time Employee,7.24,162,89,137,116,2.0,5.915911341631365,2.842646979215854,6.459498515902548,9.0,7.117784640756491,7.9,57.0,0,Laptop,61.0,32.1,0,1,2,0,1,1
2941,14,Female,Africa,Low,High School,Student,8.67,243,367,169,103,4.0,7.28615687555538,1.044977800794626,7.59113777155928,9.0,9.915398267765768,9.8,37.0,0,Android,75.0,47.3,0,0,1,1,3,0
2942,22,Female,Europe,Lower-Mid,Bachelor,Unemployed_Looking,7.69,162,138,173,188,2.0,6.874171047558149,2.9804043238506988,5.921128058807067,7.0,1.1319027277996483,8.3,44.0,1,iPhone,60.0,33.3,0,2,2,0,4,3
2943,29,Male,South America,Low,Bachelor,Unemployed_Looking,6.33,90,624,93,0,2.0,7.801491617049817,1.9247152196231456,3.0,7.0,1.0,8.0,6.0,0,Android,71.0,36.7,1,5,1,0,4,0
2944,29,Male,Middle East,Lower-Mid,Bachelor,Full-time Employee,14.66,316,318,224,144,1.0,5.623995414336777,1.0,16.070219277189665,21.0,10.0,3.4,42.0,1,Android,63.0,68.5,1,3,2,0,1,0
2945,21,Female,South America,Lower-Mid,Bachelor,Full-time Employee,5.77,123,286,357,182,5.0,8.935459547518644,3.068067083384036,11.98321863976382,3.0,5.910301376742998,7.1,28.0,0,Laptop,68.0,28.9,0,5,2,0,1,1
2946,31,Male,Asia,Upper-Mid,Master,Part-time/Shift,9.26,89,440,165,240,2.0,6.160603679562372,1.0,4.0,16.0,1.1689355037124614,6.0,37.0,0,Tablet,54.0,39.6,1,1,3,2,2,2
2947,27,Male,South America,High,High School,Full-time Employee,7.48,138,110,45,200,5.0,8.51556303575442,2.0630436278317,2.0,7.0,1.0,8.8,71.0,0,iPhone,66.0,30.4,1,5,0,1,1,3
2948,24,Female,Europe,Upper-Mid,Master,Full-time Employee,5.16,104,180,174,106,4.0,7.504340240367251,2.9518387442761784,1.8589943917485063,6.0,3.903218969821446,2.2,39.0,0,Android,41.0,24.4,0,2,3,2,1,0
2949,26,Female,North America,Upper-Mid,Bachelor,Unemployed_Looking,6.04,138,766,208,131,4.0,8.09118454572706,2.078543618902729,3.179487281849365,13.0,3.8866444502080126,6.4,0.0,0,iPhone,63.0,43.6,0,4,3,0,4,3
2950,31,Female,South America,Upper-Mid,Bachelor,Part-time/Shift,13.25,291,570,37,166,2.0,5.304340947276611,1.0,16.070219277189665,8.0,9.148027515932949,2.3,27.0,1,Android,49.0,69.7,0,5,3,0,2,0
2951,40,Male,Asia,High,High School,Unemployed_Looking,12.08,206,221,17,83,0.0,5.532913325180366,1.0,11.0,14.0,1.4632542084571718,6.3,56.0,0,iPhone,77.0,50.8,1,1,0,1,4,3
2952,21,Female,North America,Low,Bachelor,Student,8.19,178,412,46,0,2.0,7.498224914240244,2.905307490235272,5.1755837196685714,7.0,10.0,3.4,38.0,0,Tablet,73.0,42.4,0,4,1,0,3,2
2953,33,Female,Europe,Lower-Mid,PhD,Part-time/Shift,10.71,230,277,297,88,2.0,7.137517344288085,1.8888901955607569,10.594347900482632,13.0,9.136739968964534,5.3,26.0,1,Tablet,70.0,50.6,0,2,2,3,2,2
2954,35,Male,North America,High,Master,Full-time Employee,6.23,107,465,68,25,3.0,7.693777734949518,3.9389309473573015,2.0,4.0,10.0,0.0,35.0,0,iPhone,80.0,34.1,1,4,0,2,1,3
2955,27,Female,Africa,Lower-Mid,Master,Part-time/Shift,7.32,186,184,37,192,3.0,6.66158849882214,1.997847123045532,3.9382281628546174,8.0,1.107375979678887,7.8,71.0,0,Laptop,56.0,36.3,0,0,2,2,2,1
2956,23,Female,Europe,Upper-Mid,Bachelor,Unemployed_Looking,6.44,116,240,122,5,0.0,5.330262596203962,3.8088806183711177,8.189020276671933,9.0,10.0,3.4,54.0,1,Tablet,82.0,28.6,0,2,3,0,4,2
2957,24,Female,Africa,Upper-Mid,Master,Student,8.83,170,438,211,102,3.0,7.572078878851186,1.946978924368962,6.9261533545434295,13.0,1.0,8.9,22.0,0,Android,74.0,44.1,0,0,3,2,3,0
2958,27,Female,Africa,Lower-Mid,Master,Full-time Employee,2.35,58,253,93,64,1.0,6.466563168302709,3.7612340770372032,11.034359541701017,0.0,10.0,9.9,64.0,0,Android,63.0,15.2,0,0,2,2,1,0
2959,23,Male,South America,High,Bachelor,Student,8.72,146,108,401,69,2.0,8.059322853754447,1.0,4.0,13.0,9.984870187115964,2.2,38.0,0,iPhone,76.0,33.3,1,5,0,0,3,3
2960,14,Female,Africa,Lower-Mid,High School,Student,6.91,147,553,88,58,6.0,7.377063659328253,2.168357793864723,7.933685010093617,7.0,7.78435418658855,7.3,3.0,0,iPhone,54.0,40.3,0,0,2,1,3,3
2961,27,Female,Asia,Upper-Mid,Master,Unemployed_Looking,4.11,88,257,401,101,5.0,7.280070423626354,3.141939588158454,5.511389666034514,8.0,4.69689310751764,8.5,2.0,0,Tablet,57.0,22.2,0,1,3,2,4,2
2962,21,Female,Middle East,Upper-Mid,Bachelor,Part-time/Shift,3.83,62,166,103,143,2.0,9.697207115952786,4.785174352966698,6.254095276321828,4.0,1.0,9.6,53.0,0,iPhone,59.0,16.3,0,3,3,0,2,3
2963,28,Male,Africa,High,High School,Full-time Employee,8.73,141,734,47,142,4.0,6.694630089537674,2.073883539559509,8.0,16.0,7.793667156285804,8.4,14.0,0,Laptop,60.0,49.8,1,0,0,1,1,1
2964,17,Female,Africa,Low,High School,Student,7.82,191,358,103,194,1.0,5.42176981900761,2.844466738062426,7.6160209126478,15.0,10.0,1.7,32.0,1,Tablet,54.0,41.5,0,0,1,1,3,2
2965,44,Male,Europe,Upper-Mid,Master,Unemployed_Looking,8.12,100,114,141,18,3.0,6.923576069656098,1.8821364567439909,6.0,10.0,7.008176737976364,3.0,45.0,0,Laptop,77.0,30.0,1,2,3,2,4,1
2966,22,Male,Europe,Low,High School,Full-time Employee,3.02,71,68,204,0,3.0,7.641369949573163,2.923081352927255,6.0,6.0,2.9756699717666137,8.7,53.0,0,Laptop,62.0,12.7,1,2,1,1,1,1
2967,30,Male,Europe,Lower-Mid,Bachelor,Part-time/Shift,6.68,135,335,56,90,5.0,8.019837204747482,3.135793710926922,5.0,8.0,1.0,9.0,46.0,0,Android,69.0,34.2,1,2,2,0,2,0
2968,42,Female,Europe,Low,High School,Part-time/Shift,7.56,166,723,6,0,7.0,7.367183472374864,3.2844054626129475,12.072192683334034,15.0,2.6938330054579542,8.3,3.0,0,Android,59.0,50.1,0,2,1,1,2,0
2969,19,Female,Europe,Lower-Mid,High School,Full-time Employee,4.53,75,398,73,189,4.0,8.303570634808983,4.077906891751322,9.799671883373618,0.0,1.0,8.2,41.0,0,iPhone,47.0,25.2,0,2,2,1,1,3
2970,45,Female,North America,Lower-Mid,Master,Full-time Employee,5.02,67,299,211,0,3.0,10.07586973926371,3.964983533665317,9.565620570128353,8.0,4.080890770705997,9.6,43.0,0,Laptop,68.0,24.9,0,4,2,2,1,1
2971,24,Male,South America,Upper-Mid,Bachelor,Student,11.09,172,155,62,167,3.0,6.160776998805033,2.035278851079883,15.0,12.0,4.960027529176569,4.1,68.0,0,Laptop,46.0,43.3,1,5,3,0,3,1
2972,22,Male,Asia,High,Bachelor,Part-time/Shift,5.43,134,495,115,0,5.0,8.276814568667941,3.1157511919824668,7.0,8.0,1.8090938179757616,4.5,32.0,0,Android,64.0,34.6,1,1,0,0,2,0
2973,29,Male,South America,Low,Master,Unemployed_Looking,9.6,233,77,378,2,5.0,5.924627960937657,1.0826580125986631,8.0,11.0,9.850160925393329,0.4,51.0,1,Tablet,51.0,43.3,1,5,1,2,4,2
2974,21,Male,Asia,Low,Bachelor,Full-time Employee,7.84,187,227,86,121,2.0,5.971854808861844,1.8389836378312887,1.0,15.0,2.06407008514468,0.8,59.0,0,iPhone,85.0,37.3,1,1,1,0,1,3
2975,18,Male,South America,Lower-Mid,High School,Student,7.1,155,134,67,20,5.0,5.700959624184433,3.168583087398736,4.0,8.0,5.719316149454277,5.5,52.0,0,Android,74.0,30.5,1,5,2,1,3,0
2976,27,Male,Asia,Low,Master,Unemployed_Looking,9.17,195,406,161,100,3.0,5.905324843897309,1.9735214318389804,8.0,15.0,10.0,0.0,29.0,0,Laptop,66.0,46.7,1,1,1,2,4,1
2977,41,Female,North America,Lower-Mid,High School,Unemployed_Looking,4.87,92,554,140,188,6.0,8.09916389817287,2.243380100567669,4.559937929959635,10.0,9.807587357905373,6.1,14.0,0,Android,78.0,32.6,0,4,2,1,4,0
2978,37,Female,Africa,Low,Bachelor,Unemployed_Looking,8.35,183,365,186,95,3.0,5.554877593410162,1.0026964997025938,2.754763443005004,7.0,1.030954298786164,6.5,22.0,0,Android,57.0,43.9,0,0,1,0,4,0
2979,14,Male,North America,Lower-Mid,High School,Student,7.85,155,151,70,251,2.0,7.019287121426967,1.7911632385061844,6.0,10.0,5.107207325949628,6.8,58.0,0,Android,70.0,32.4,1,4,2,1,3,0
2980,30,Female,Middle East,Lower-Mid,Bachelor,Full-time Employee,7.45,212,443,193,113,2.0,5.843139071534927,2.8351516010932043,0.0,5.0,4.156246389489236,7.3,29.0,0,Laptop,67.0,45.3,0,3,2,0,1,1
2981,44,Female,Asia,Low,Bachelor,Full-time Employee,4.73,86,83,160,0,4.0,8.285059617794607,3.0008937663127018,12.637928315120472,1.0,9.935205035717374,1.1,77.0,1,Laptop,68.0,20.3,0,1,1,0,1,1
2982,32,Male,South America,Lower-Mid,Bachelor,Part-time/Shift,5.68,142,163,401,131,7.0,6.809594160794595,3.2507757397035792,2.0,13.0,1.0,9.8,26.0,0,iPhone,78.0,27.9,1,5,2,0,2,3
2983,34,Male,Europe,Lower-Mid,Master,Part-time/Shift,4.54,49,464,27,195,2.0,10.701071086004504,2.87113796481555,2.0,8.0,1.0,8.8,42.0,0,Tablet,72.0,25.3,1,2,2,2,2,2
2984,33,Male,Europe,Lower-Mid,Bachelor,Full-time Employee,6.55,135,204,89,189,5.0,7.780396553987866,2.1817671416655102,8.0,9.0,2.738725440793855,6.9,61.0,0,iPhone,68.0,30.8,1,2,2,0,1,3
2985,37,Male,Europe,Lower-Mid,PhD,Full-time Employee,3.47,50,437,101,199,2.0,7.177716576245994,3.9520798487635713,1.0,6.0,1.0761739500392165,9.6,32.0,0,iPhone,48.0,23.1,1,2,2,3,1,3
2986,25,Female,Africa,Upper-Mid,Master,Student,10.74,188,734,64,0,3.0,7.196159006188074,1.0,11.999058071896556,12.0,5.049348910626079,1.1,0.0,0,Android,55.0,58.4,0,0,3,2,3,0
2987,28,Female,North America,Low,Master,Full-time Employee,5.88,103,329,121,92,5.0,7.450182075111429,3.1192456188684137,6.707173130567439,8.0,1.0,9.2,39.0,0,iPhone,64.0,29.3,0,4,1,2,1,3
2988,43,Male,Africa,Upper-Mid,High School,Full-time Employee,4.26,47,104,85,0,6.0,9.947515668854738,4.1764226193285445,8.0,1.0,1.0,8.9,51.0,0,Tablet,66.0,16.4,1,0,3,1,1,2
2989,21,Male,Middle East,Low,High School,Unemployed_Looking,9.8,192,820,60,0,4.0,7.737297054059718,2.05638440319982,7.0,14.0,8.951373182152977,4.6,0.0,0,iPhone,65.29930112427833,67.2,1,3,1,1,4,3
2990,15,Male,North America,Lower-Mid,High School,Student,15.15,316,702,84,88,5.0,7.215051464298681,1.1419357060713478,16.070219277189665,22.0,6.720194978456145,2.6,0.0,1,iPhone,89.0,72.54999999999998,1,4,2,1,3,3
2991,23,Male,Middle East,Upper-Mid,Bachelor,Student,13.78,316,268,71,147,4.0,6.08591042828946,1.092248796088006,15.0,22.0,10.0,4.6,72.0,1,Tablet,80.0,36.68415185296776,1,3,3,0,3,2
2992,43,Male,Asia,High,Bachelor,Unemployed_Looking,8.24,110,236,0,72,2.0,6.087449792992263,1.932077667443504,8.0,15.0,1.245545822747954,7.7,44.0,0,Tablet,71.0,34.3,1,1,0,0,4,2
2993,30,Male,Africa,Upper-Mid,Bachelor,Unemployed_Looking,4.71,99,158,49,334,2.0,6.57342883915745,2.777049828590924,0.0,0.0,10.0,3.0,59.0,0,Android,66.0,22.0,1,0,3,0,4,0
2994,31,Female,Middle East,Low,Master,Part-time/Shift,5.35,81,210,74,124,4.0,6.755768271765196,3.044297770956037,6.899896252188634,4.0,4.957383065766077,4.6,61.0,0,Tablet,63.0,23.5,0,3,1,2,2,2
2995,25,Female,Africa,Upper-Mid,Bachelor,Full-time Employee,8.11,160,387,12,0,0.0,5.952304086617235,1.0,6.349776994930346,16.0,1.3091841239127453,9.5,42.0,0,Tablet,55.0,40.9,0,0,3,0,1,2
2996,19,Male,South America,Low,Bachelor,Full-time Employee,8.04,193,201,360,0,1.0,6.431375469862469,1.0,4.0,12.0,1.2614143357392194,9.2,49.0,0,Android,65.29930112427833,38.0,1,5,1,0,1,0
2997,23,Female,North America,Lower-Mid,Bachelor,Full-time Employee,8.96,177,586,348,36,3.0,5.403607004269164,2.029002465659299,5.213341911282419,8.0,6.121544322716503,5.8,0.0,0,Android,68.0,49.0,0,4,2,0,1,0
2998,29,Male,Asia,Low,PhD,Full-time Employee,5.65,120,176,79,123,1.0,8.549654360359755,3.796948497547058,4.0,5.0,7.420713557908853,2.7,61.0,1,Android,53.0,26.8,1,1,1,3,1,0
2999,32,Male,Africa,Upper-Mid,Bachelor,Part-time/Shift,4.83,108,217,252,203,4.0,7.285024324878981,2.060671191709991,7.0,11.0,9.990868858627552,2.2,47.0,0,Laptop,68.0,24.7,1,0,3,0,2,1
3000,32,Male,South America,Low,Master,Unemployed_Looking,6.9,119,239,401,220,3.0,7.980765133800296,1.9151958401211773,2.0,11.0,10.0,1.9,15.0,0,Tablet,63.0,31.2,1,5,1,2,4,2
3001,23,Female,Africa,Low,Master,Student,3.16,70,637,106,205,7.0,8.484091155198296,4.236616521249841,7.538557506462183,1.0,4.584042374364446,7.4,15.0,0,iPhone,46.0,28.0,0,0,1,2,3,3
3002,27,Male,North America,Upper-Mid,Bachelor,Student,3.58,77,100,47,245,5.0,8.980159084887301,3.1680842405478016,2.0,3.0,1.0,8.3,65.0,0,iPhone,56.0,16.0,1,4,3,0,3,3
3003,31,Male,Europe,Lower-Mid,Bachelor,Full-time Employee,2.84,77,179,21,120,1.0,10.001025362174236,2.856362001557652,8.0,0.0,3.3590869680694406,5.1,82.0,0,Laptop,61.0,16.5,1,2,2,0,1,1
3004,34,Female,South America,Upper-Mid,Master,Part-time/Shift,11.74,147,157,190,236,4.0,5.6162870283648125,3.053246463647917,8.0,9.0,2.927189941675376,1.8,49.0,0,iPhone,84.0,42.6,0,5,3,2,2,3
3005,35,Female,Europe,Upper-Mid,Master,Part-time/Shift,6.81,176,360,44,2,3.0,6.012056560293439,2.910664162609215,12.897307786245332,11.0,1.9663904882373413,9.4,48.0,0,Tablet,71.0,39.0,0,2,3,2,2,2
3006,20,Female,South America,Low,High School,Unemployed_Looking,9.81,210,244,38,334,0.0,8.494813133879704,1.7345766717812208,9.688742382159395,7.0,1.2272428854908564,8.2,50.0,0,Laptop,52.0,45.2,0,5,1,1,4,1
3007,20,Male,Middle East,Lower-Mid,High School,Student,6.15,175,161,198,225,7.0,8.945604636190685,3.354440697161881,6.0,7.0,9.65227189722193,6.2,51.0,0,Android,70.0,31.0,1,3,2,1,3,0
3008,30,Female,Europe,Low,Master,Full-time Employee,7.1,187,220,160,0,3.0,6.242898454714395,1.0591836982437226,4.799392224589297,13.0,10.0,3.8,54.0,1,Laptop,50.0,37.2,0,2,1,2,1,1
3009,40,Female,Europe,Lower-Mid,Bachelor,Unemployed_Looking,6.16,70,64,17,224,3.0,8.35777864118282,2.956204978124839,5.596373554903959,7.0,1.0,8.2,91.0,0,iPhone,76.0,21.2,0,2,2,0,4,3
3010,44,Male,Asia,Lower-Mid,Bachelor,Full-time Employee,12.98,270,290,241,305,3.0,6.672105480966474,1.8890469822282447,13.0,22.0,10.0,3.2,41.0,1,Laptop,60.0,61.0,1,1,2,0,1,1
3011,16,Male,Asia,Lower-Mid,High School,Student,5.76,208,741,230,147,0.0,7.682683629472012,2.774404623928599,1.0,6.0,5.323075925581176,6.8,4.0,0,iPhone,64.0,47.4,1,1,2,1,3,3
3012,29,Female,Europe,Upper-Mid,High School,Full-time Employee,8.81,150,187,94,128,5.0,6.428452706531568,2.118011507111901,6.408615733299348,12.0,1.0,10.0,76.0,0,iPhone,78.0,36.4,0,2,3,1,1,3
3013,21,Male,Asia,Low,Bachelor,Student,5.05,101,454,298,146,2.0,8.661992461811485,3.939307763222428,0.0,4.0,1.0,9.1,18.0,0,Android,52.0,30.1,1,1,1,0,3,0
3014,23,Female,Europe,High,Bachelor,Part-time/Shift,8.24,149,59,57,0,2.0,7.165384290977702,1.9062093423952573,11.42309138164014,13.0,8.115716139103117,8.8,41.59859976662777,0,Tablet,51.0,31.9,0,2,0,0,2,2
3015,13,Female,Asia,Lower-Mid,High School,Student,12.04,197,289,94,130,1.0,5.317253982587653,1.0,16.070219277189665,13.0,7.269174421863141,4.4,51.0,0,Android,59.0,49.7,0,1,2,1,3,0
3016,24,Male,Asia,Low,Bachelor,Full-time Employee,2.83,49,238,60,77,3.0,6.919915760802789,3.974952592774104,5.0,3.0,1.129400712019794,9.2,70.0,0,Tablet,75.0,14.5,1,1,1,0,1,2
3017,25,Male,North America,Upper-Mid,Master,Full-time Employee,2.23,57,105,196,102,3.0,9.172031673473793,4.037457293093851,5.0,0.0,1.0,10.0,68.0,0,Android,50.0,11.2,1,4,3,2,1,0
3018,25,Male,North America,Low,Bachelor,Full-time Employee,1.59,65,242,107,101,6.0,8.030586907515538,4.204236606083047,6.0,0.0,7.756822537036042,3.4,52.0,0,Android,41.0,14.2,1,4,1,0,1,0
3019,47,Female,Africa,Upper-Mid,High School,Caregiver/Home,6.47,92,338,28,94,4.0,8.305313588488833,4.000184760165624,9.362893759110868,6.0,1.0,8.7,41.0,0,Android,60.0,31.9,0,0,3,1,0,0
3020,19,Male,Middle East,Low,High School,Part-time/Shift,8.19,147,150,108,123,4.0,5.961254163789604,2.97249280990806,1.0,6.0,4.943067748579719,9.3,81.0,0,iPhone,71.0,36.68415185296776,1,3,1,1,2,3
3021,42,Female,North America,Upper-Mid,Master,Full-time Employee,4.71,98,209,103,221,4.0,9.31936658667999,3.0133167839946604,7.456008334752759,4.0,2.00051420780607,8.9,53.0,1,Tablet,77.0,24.0,0,4,3,2,1,2
3022,27,Female,Asia,Low,Bachelor,Full-time Employee,7.59,156,444,348,127,2.0,6.585941361254877,2.871648918055828,5.90652971968204,9.0,5.147736152491538,9.0,13.0,0,Tablet,60.0,40.8,0,1,1,0,1,2
3023,46,Female,Middle East,High,High School,Full-time Employee,4.78,65,552,400,74,2.0,7.457976638679096,4.933155687940239,7.597345651302465,6.0,2.182210699426621,9.2,6.0,0,iPhone,61.0,31.0,0,3,0,1,1,3
3024,35,Female,Asia,Upper-Mid,Master,Caregiver/Home,8.14,236,382,401,50,3.0,8.519595322422402,1.9159979113505536,6.534030256919058,11.0,5.094548670710846,0.0,8.0,0,Android,77.0,47.7,0,1,3,2,0,0
3025,40,Female,North America,High,Bachelor,Caregiver/Home,8.33,178,105,106,102,7.0,5.8340822547857,4.369266543414649,4.0938573077931295,12.0,7.570878851798661,9.6,71.0,1,Tablet,46.0,37.4,0,4,0,0,0,2
3026,28,Male,Europe,Lower-Mid,High School,Full-time Employee,4.85,107,127,130,159,5.0,7.95345176407557,3.0649520513925914,6.0,5.0,1.848188460952236,9.6,71.0,0,Tablet,61.0,22.2,1,2,2,1,1,2
3027,20,Male,North America,Low,High School,Student,4.49,129,103,234,61,5.0,8.583802507408048,4.248383966562493,1.0,4.0,9.804190775510282,4.0,51.0,0,iPhone,67.0,21.7,1,4,1,1,3,3
3028,29,Male,North America,Lower-Mid,Master,Full-time Employee,7.68,145,414,388,194,4.0,9.13819529043767,4.138200946175616,3.0,9.0,5.920152099838552,6.4,10.0,0,Laptop,65.29930112427833,39.2,1,4,2,2,1,1
3029,20,Female,South America,Lower-Mid,Bachelor,Full-time Employee,3.63,111,273,262,195,1.0,9.000997460340763,3.819329400017018,11.226749645751072,3.0,10.0,2.9,44.0,0,Android,60.0,22.7,0,5,2,0,1,0
3030,34,Male,Asia,Lower-Mid,Bachelor,Full-time Employee,7.95,117,208,95,39,6.0,7.954702674703017,1.1293096287929294,2.0,16.0,1.0,9.2,66.0,0,iPhone,65.0,32.9,1,1,2,0,1,3
3031,15,Male,South America,Low,High School,Student,5.99,151,179,120,140,6.0,8.271582625531892,3.208923102432288,2.0,13.0,1.0,9.8,61.0,0,iPhone,41.0,29.3,1,5,1,1,3,3
3032,20,Male,North America,Upper-Mid,Bachelor,Student,3.19,68,457,55,63,2.0,7.246976851113747,1.872813683245052,3.0,4.0,1.1753558812194986,9.9,37.0,0,Android,58.0,22.7,1,4,3,0,3,0
3033,32,Male,Asia,High,Master,Full-time Employee,7.26,147,374,342,93,4.0,7.846824001270611,2.9882106571853466,6.0,10.0,3.929365253184483,4.0,23.0,0,Laptop,70.0,37.7,1,1,0,2,1,1
3034,20,Male,North America,Upper-Mid,Bachelor,Student,9.14,248,225,162,40,5.0,7.556980990102946,1.1463601432970232,7.0,16.0,1.695924103089506,6.2,41.59859976662777,0,iPhone,55.0,46.3,1,4,3,0,3,3
3035,31,Male,North America,Upper-Mid,High School,Unemployed_Looking,5.47,126,443,18,0,2.0,6.717779706188716,3.850973574651594,5.0,7.0,1.1463018317621414,8.1,32.0,0,iPhone,66.0,33.5,1,4,3,1,4,3
3036,41,Male,Europe,Low,Master,Full-time Employee,6.08,93,136,401,128,4.0,8.364051127055841,3.0161797259854137,2.0,0.0,1.9358496786286885,9.5,34.0,0,iPhone,69.0,25.1,1,2,1,2,1,3
3037,22,Female,South America,Low,Bachelor,Part-time/Shift,0.99,45,142,123,162,2.0,8.618645349104952,3.881971799415759,8.892581343168612,3.0,10.0,3.6,39.0,0,Tablet,62.0,7.6,0,5,1,0,2,2
3038,19,Female,North America,Lower-Mid,Bachelor,Full-time Employee,4.47,84,114,132,0,3.0,7.724658271703079,2.9432949333058493,3.9703669884341526,7.0,1.0,8.4,66.0,0,Tablet,67.0,18.1,0,4,2,0,1,2
3039,15,Male,Asia,Lower-Mid,High School,Student,4.31,92,291,98,115,5.0,6.562661643538534,3.2357174927901524,7.0,1.0,2.728616206753891,2.6,44.0,0,Laptop,55.0,22.8,1,1,2,1,3,1
3040,15,Female,Europe,Lower-Mid,High School,Student,4.4,125,67,62,59,2.0,6.88139502606957,3.865369999494399,4.5412219767104665,4.0,9.193760890065708,5.6,83.0,0,Tablet,63.0,19.9,0,2,2,1,3,2
3041,49,Female,North America,Upper-Mid,Master,Caregiver/Home,6.99,163,784,0,43,3.0,8.59810512159474,2.9940844253108585,4.146797281070953,6.0,9.01539097582242,6.6,9.0,0,Laptop,71.0,50.3,0,4,3,2,0,1
3042,23,Male,North America,High,Master,Student,7.48,128,109,224,150,6.0,8.2154115331591,1.2189704301419273,2.0,14.0,1.7314404497729208,2.7,49.0,1,Android,67.0,29.1,1,4,0,2,3,0
3043,27,Female,Asia,High,High School,Part-time/Shift,4.27,103,60,81,75,7.0,8.263677065326165,3.3092164603911107,4.195159986114559,8.0,1.0,8.1,72.0,0,Android,59.0,18.8,0,1,0,1,2,0
3044,31,Female,Asia,High,Master,Part-time/Shift,5.3,102,751,36,178,4.0,8.876196632470903,3.0733794385184394,6.388931519005578,7.0,8.930281696154255,9.0,6.0,0,Laptop,67.0,38.8,0,1,0,2,2,1
3045,39,Female,Europe,Lower-Mid,Master,Full-time Employee,12.73,244,149,140,64,0.0,4.653178541002296,1.0,13.0,16.0,6.320875246897322,6.6,57.0,0,Android,72.0,53.7,0,2,2,2,1,0
3046,48,Female,North America,Low,Master,Part-time/Shift,4.36,78,820,125,208,5.0,9.362373014617448,4.145131965715583,8.405119868377032,3.0,4.746807096954826,6.1,0.0,0,Android,45.0,46.7,0,4,1,2,2,0
3047,16,Female,North America,Lower-Mid,High School,Student,6.76,127,176,277,67,4.0,8.21726879856257,2.063169808082209,4.645504319159327,5.0,9.968665175077636,2.6,39.0,1,Laptop,77.0,28.1,0,4,2,1,3,1
3048,20,Female,Europe,Lower-Mid,High School,Student,5.54,175,333,91,246,4.0,7.122173281370388,1.0548488717612998,4.297982546449541,12.0,1.0,9.2,39.0,1,Android,62.0,34.1,0,2,2,1,3,0
3049,24,Female,Asia,High,Bachelor,Student,12.04,192,405,232,0,2.0,6.33827169282055,1.0,15.632320430454158,21.0,9.15690847694575,4.5,35.0,0,Android,69.0,52.9,0,1,0,0,3,0
3050,19,Male,North America,Low,Bachelor,Student,2.61,145,152,163,204,4.0,9.046801417129906,4.006335124254859,5.0,0.0,2.963603459968309,9.2,65.0,0,Android,77.0,19.5,1,4,1,0,3,0
3051,23,Male,Asia,Lower-Mid,Bachelor,Part-time/Shift,3.3,121,243,163,60,3.0,8.488099944510445,1.9689969558701248,6.0,4.0,5.990334483096907,7.0,60.0,0,iPhone,51.0,22.5,1,1,2,0,2,3
3052,16,Male,North America,Lower-Mid,High School,Student,5.08,104,272,185,191,2.0,7.37710861886102,3.904219099907653,5.0,2.0,6.047481507724326,8.5,52.0,0,Tablet,58.0,25.1,1,4,2,1,3,2
3053,32,Female,North America,Lower-Mid,PhD,Full-time Employee,5.77,86,106,51,1,3.0,6.5594316077074994,4.992148602569775,1.0,0.0,1.231366349453398,9.8,64.0,0,Tablet,62.0,22.4,0,4,2,3,1,2
3054,41,Female,Africa,High,Bachelor,Caregiver/Home,9.26,138,506,191,294,1.0,8.448094200102968,1.82128532619713,11.951490465876883,7.0,5.208083466527541,3.1,0.0,0,Tablet,57.0,46.3,0,0,0,0,0,2
3055,23,Male,Africa,Low,Bachelor,Full-time Employee,7.15,223,369,125,202,7.0,7.331238711078608,3.2799311984557407,5.0,12.0,9.661101440517204,2.4,36.0,0,Android,82.0,42.6,1,0,1,0,1,0
3056,23,Male,Middle East,Low,Bachelor,Unemployed_Looking,7.85,117,389,114,188,2.0,6.798773697881682,2.8893017359845814,4.0,4.0,3.2989494424397745,9.8,49.0,0,Tablet,56.0,36.5,1,3,1,0,4,2
3057,45,Female,Africa,Low,High School,Full-time Employee,14.85,280,820,43,102,3.0,4.159369566258428,2.944358050513595,16.070219277189665,17.0,8.100472120093466,1.9,0.0,1,Laptop,59.0,72.54999999999998,0,0,1,1,1,1
3058,27,Female,North America,Lower-Mid,High School,Full-time Employee,10.31,220,467,152,38,2.0,6.852320629322899,2.907816930694705,5.120429528356146,9.0,3.1197569337679605,8.2,26.0,0,Tablet,67.0,53.1,0,4,2,1,1,2
3059,31,Male,Middle East,Upper-Mid,High School,Full-time Employee,5.4,128,433,55,136,6.0,9.222470278505432,2.200637894135703,0.0,7.0,4.7123716149553125,8.0,49.0,0,Laptop,53.0,36.68415185296776,1,3,3,1,1,1
3060,22,Female,Middle East,Low,Bachelor,Full-time Employee,6.76,120,131,97,163,0.0,8.181169555337078,3.7414144908607336,7.6317417202755795,8.0,4.290209497153079,9.6,73.0,0,Laptop,61.0,36.68415185296776,0,3,1,0,1,1
3061,16,Female,South America,Low,High School,Student,4.64,143,474,89,112,2.0,6.5524155177542,2.942195883313504,7.063642119419341,9.0,7.214328072630784,5.9,25.0,0,Android,68.0,32.3,0,5,1,1,3,0
3062,33,Female,North America,Lower-Mid,High School,Full-time Employee,14.42,294,342,117,107,3.0,5.237324691503932,1.0,16.070219277189665,20.0,4.082581156989849,3.6,28.0,1,Tablet,62.0,66.6,0,4,2,1,1,2
3063,31,Male,Africa,High,High School,Full-time Employee,8.81,103,87,256,153,4.0,5.089053202314031,2.081759787383417,5.0,7.0,5.889612576755203,9.3,56.0,0,iPhone,64.0,30.4,1,0,0,1,1,3
3064,46,Female,Europe,Lower-Mid,High School,Unemployed_Looking,6.58,137,190,20,84,0.0,8.40791832471526,3.734046952945129,3.534297149286356,1.0,10.0,7.6,56.0,0,iPhone,60.0,32.1,0,2,2,1,4,3
3065,31,Male,South America,Low,PhD,Full-time Employee,8.56,173,129,130,74,3.0,6.41611146026758,3.073100054720173,3.0,6.0,2.9315808013320583,7.2,60.0,0,Laptop,50.0,37.2,1,5,1,3,1,1
3066,31,Female,Europe,High,Bachelor,Part-time/Shift,4.02,50,66,146,131,2.0,7.907101760848237,3.881340714721201,4.1761753868568245,0.0,5.222713478778501,8.5,85.0,0,Laptop,68.0,13.9,0,2,0,0,2,1
3067,32,Male,Asia,Upper-Mid,Bachelor,Full-time Employee,15.321028152585416,277,164,401,163,2.0,5.661245399474709,1.0,16.070219277189665,22.5,10.0,0.4,12.0,0,iPhone,83.0,64.3,1,1,3,0,1,3
3068,18,Female,South America,Low,Bachelor,Full-time Employee,3.28,90,370,175,174,0.0,6.707789910465893,3.733154116538659,7.924365841868362,0.0,10.0,0.2,46.0,0,Android,65.0,22.2,0,5,1,0,1,0
3069,29,Female,Africa,High,Bachelor,Full-time Employee,6.28,101,212,76,214,4.0,8.417102761308637,2.982509792922218,4.244148937340737,6.0,3.8649307521471545,4.0,68.0,0,Android,67.0,27.1,0,0,0,0,1,0
3070,32,Female,Asia,Upper-Mid,Bachelor,Full-time Employee,8.76,176,225,259,137,3.0,6.245082057921056,2.9460059199651774,4.391163442863105,8.0,7.920199252080801,5.2,43.0,0,Laptop,72.0,39.9,0,1,3,0,1,1
3071,21,Male,South America,Lower-Mid,Bachelor,Full-time Employee,9.62,205,352,29,129,6.0,7.409716512944411,2.2557178608028288,4.0,11.0,9.794750011935053,0.6,47.0,0,Laptop,52.0,47.2,1,5,2,0,1,1
3072,21,Male,Europe,Lower-Mid,High School,Student,7.87,186,94,292,114,3.0,6.93317499688302,2.950405651710721,4.0,8.0,6.040642623304932,1.9,68.0,0,iPhone,82.0,34.0,1,2,2,1,3,3
3073,14,Female,Africa,Lower-Mid,High School,Student,4.75,92,290,401,151,3.0,8.96677110328277,2.861027558999154,6.099003660862055,6.0,1.0,2.1,25.0,0,Laptop,67.0,23.4,0,0,2,1,3,1
3074,29,Female,Asia,Low,Bachelor,Part-time/Shift,15.321028152585416,304,227,22,39,1.0,4.1980102346618775,1.0,16.070219277189665,22.0,9.21943056648193,0.2,63.0,0,Tablet,81.0,66.1,0,1,1,0,2,2
3075,44,Female,Asia,High,Bachelor,Part-time/Shift,6.95,101,277,213,107,3.0,9.40735590482142,1.917423559843584,9.13067780693652,8.0,10.0,1.1,36.0,0,Laptop,58.0,32.1,0,1,0,0,2,1
3076,34,Female,Europe,Low,Master,Full-time Employee,4.86,76,53,57,9,4.0,6.781157995439452,3.0585159049677286,7.819142799072071,0.0,3.9878304963457936,5.8,92.0,0,Android,83.0,17.6,0,2,1,2,1,0
3077,16,Male,Europe,Lower-Mid,High School,Student,10.93,208,421,135,271,7.0,6.358719930082214,1.369136303198068,11.0,16.0,1.0,5.2,0.0,0,iPhone,73.0,51.2,1,2,2,1,3,3
3078,27,Female,North America,Lower-Mid,Bachelor,Full-time Employee,8.01,162,268,18,44,3.0,8.89164040055248,1.0105132402812798,6.621522475566492,14.0,10.0,6.0,33.0,1,Tablet,71.0,36.68415185296776,0,4,2,0,1,2
3079,30,Female,Africa,High,Bachelor,Part-time/Shift,5.86,135,413,401,55,1.0,5.341258102343772,1.889103878984617,4.700452659297121,11.0,3.22668911635496,7.1,0.0,1,Laptop,67.0,34.2,0,0,0,0,2,1
3080,25,Male,Europe,Low,Master,Unemployed_Looking,6.76,255,820,65,40,4.0,6.736915572634454,3.023849417265668,0.0,15.0,6.979930421228213,5.6,0.0,0,iPhone,63.0,36.68415185296776,1,2,1,2,4,3
3081,22,Female,North America,Lower-Mid,Bachelor,Full-time Employee,2.37,67,284,157,4,1.0,7.720225712912093,2.8051127708658417,10.069010011240415,1.0,10.0,7.3,39.0,0,Laptop,77.0,15.9,0,4,2,0,1,1
3082,23,Female,Middle East,High,Master,Student,8.62,167,288,324,146,2.0,6.635978843738922,1.0,3.837690064509186,21.0,9.13541059753964,2.7,31.0,0,iPhone,66.0,39.7,0,3,0,2,3,3
3083,34,Female,North America,Low,Master,Full-time Employee,8.42,134,439,53,85,4.0,5.102129010164371,3.017722846085888,2.289539462205185,6.0,9.88968757311422,0.1,49.0,1,Tablet,45.0,41.9,0,4,1,2,1,2
3084,21,Female,Europe,Low,Bachelor,Student,5.74,110,74,42,27,5.0,8.712514852978986,3.0854654203203418,10.68693289229218,10.0,8.931673592352473,8.0,78.0,0,Laptop,54.0,22.8,0,2,1,0,3,1
3085,42,Female,South America,Upper-Mid,Bachelor,Full-time Employee,3.72,82,257,31,108,3.0,8.345936338862371,3.906704226280537,9.90028002113176,8.0,4.9849238416610495,8.7,55.0,0,Android,63.0,22.0,0,5,3,0,1,0
3086,38,Male,Africa,Lower-Mid,Bachelor,Full-time Employee,9.1,160,582,165,135,2.0,5.395336399705863,1.960448562410944,3.0,18.0,10.0,0.1,12.0,1,Tablet,68.0,49.1,1,0,2,0,1,2
3087,30,Male,Africa,High,Bachelor,Full-time Employee,4.15,117,90,64,0,6.0,7.973507884571105,3.107096290780088,2.0,2.0,7.713067141116532,0.0,66.0,0,Laptop,65.29930112427833,20.5,1,0,0,0,1,1
3088,22,Female,Europe,Lower-Mid,Bachelor,Full-time Employee,6.69,187,206,206,251,2.0,7.974775760635579,2.9606626763846045,2.0,5.0,2.9964671091554,9.0,47.0,1,Tablet,77.0,34.3,0,2,2,0,1,2
3089,24,Female,North America,Low,Bachelor,Part-time/Shift,5.0,161,117,120,102,3.0,5.336286896633025,4.034343320987146,4.119549594723898,4.0,5.12756702574344,8.3,46.0,1,Laptop,45.0,26.9,0,4,1,0,2,1
3090,24,Male,Africa,Low,Bachelor,Student,11.84,250,200,27,121,3.0,8.125068706211588,1.0,13.0,17.0,2.8166512099813645,8.6,67.0,0,Laptop,66.0,52.2,1,0,1,0,3,1
3091,32,Female,Africa,Upper-Mid,Master,Part-time/Shift,4.17,86,205,88,26,2.0,8.717362535889611,2.836430367739673,4.849270967704404,5.0,3.985062113133556,9.0,59.0,0,Laptop,47.0,21.5,0,0,3,2,2,1
3092,32,Male,Europe,Lower-Mid,High School,Full-time Employee,8.26,186,645,109,58,6.0,7.769725747518308,2.1325855499592485,1.0,12.0,9.759927332316575,3.4,16.0,0,Tablet,73.0,50.2,1,2,2,1,1,2
3093,31,Male,Asia,Upper-Mid,High School,Unemployed_Looking,7.36,195,191,47,191,3.0,6.134782072837017,1.9446201906779563,7.0,11.0,9.079445196239403,1.4,70.0,0,Tablet,65.29930112427833,37.4,1,1,3,1,4,2
3094,31,Male,North America,Upper-Mid,Bachelor,Part-time/Shift,8.13,157,59,151,48,3.0,6.591215557126095,2.003296397558131,9.0,13.0,2.986273111714951,4.9,69.0,0,Android,69.0,32.5,1,4,3,0,2,0
3095,33,Male,Asia,Lower-Mid,Bachelor,Full-time Employee,8.31,130,311,23,32,2.0,7.708066702847886,2.8923089130164104,2.0,7.0,10.0,3.7,51.0,0,iPhone,56.0,37.6,1,1,2,0,1,3
3096,16,Female,South America,Lower-Mid,High School,Student,8.67,165,115,363,155,5.0,6.644284219012627,2.079634687179913,8.388166255822512,9.0,1.6217393804248916,9.4,54.0,0,Android,78.0,34.3,0,5,2,1,3,0
3097,14,Male,Africa,Lower-Mid,High School,Student,4.61,119,258,102,196,0.0,7.623114198973859,4.789796683183685,5.0,2.0,6.413376111889835,9.9,50.0,0,Android,75.0,24.3,1,0,2,1,3,0
3098,31,Male,Middle East,Upper-Mid,High School,Full-time Employee,4.18,86,169,120,98,1.0,7.706440934219581,3.8964902539566952,6.0,1.0,10.0,1.4,64.0,0,iPhone,71.0,19.9,1,3,3,1,1,3
3099,19,Female,Middle East,Low,Bachelor,Student,5.08,144,332,117,102,7.0,8.732579632165276,4.280248990927437,10.708433420867996,5.0,2.6075766395624065,7.7,54.0,0,Tablet,64.0,36.68415185296776,0,3,1,0,3,2
3100,38,Female,North America,Low,PhD,Full-time Employee,6.62,119,547,365,73,5.0,7.869604059641545,3.1372765071145183,5.391428778916915,14.0,1.0,7.7,0.0,0,Android,71.0,38.8,0,4,1,3,1,0
3101,29,Male,South America,Lower-Mid,Bachelor,Unemployed_Looking,5.37,80,111,369,102,4.0,9.42178325649431,1.976482584156418,3.0,8.0,1.0,8.6,39.0,0,Laptop,65.29930112427833,20.9,1,5,2,0,4,1
3102,22,Female,North America,High,Bachelor,Full-time Employee,13.81,309,230,77,106,4.0,6.07727462150623,1.031205682532441,16.070219277189665,22.0,4.928454520336314,1.7,75.0,0,Android,74.0,62.3,0,4,0,0,1,0
3103,21,Male,Europe,Upper-Mid,Bachelor,Full-time Employee,6.6,147,145,110,10,3.0,8.509172549221784,2.9975623736411845,7.0,2.0,2.887355060126656,8.2,88.0,0,iPhone,81.0,29.0,1,2,3,0,1,3
3104,43,Female,South America,Lower-Mid,Bachelor,Full-time Employee,11.05,140,306,20,131,3.0,7.651926215250206,1.989783201754024,8.68459760689078,16.0,10.0,0.8,60.0,1,Tablet,76.0,45.2,0,5,2,0,1,2
3105,37,Male,Africa,Lower-Mid,Master,Part-time/Shift,3.76,39,396,65,62,4.0,7.854986762602307,3.026541625877408,2.0,3.0,1.026830707770419,8.9,43.0,1,iPhone,58.0,21.6,1,0,2,2,2,3
3106,37,Female,Asia,Lower-Mid,PhD,Full-time Employee,10.77,199,123,18,38,4.0,6.594855268175463,1.0382128429140705,13.994608775152985,16.0,1.8279710692597568,7.9,72.0,0,Laptop,69.0,44.5,0,1,2,3,1,1
3107,44,Female,Asia,High,High School,Full-time Employee,3.51,68,188,330,66,1.0,9.543930992876456,2.7899105507203905,6.874312613258177,5.0,1.0,9.8,44.0,0,Laptop,52.0,18.9,0,1,0,1,1,1
3108,24,Male,Asia,Upper-Mid,Bachelor,Student,7.62,165,390,401,64,3.0,8.795240610596966,1.958117139055216,2.0,6.0,1.0,9.3,0.0,1,Tablet,71.0,39.8,1,1,3,0,3,2
3109,18,Male,North America,Lower-Mid,Bachelor,Student,14.08,290,418,32,0,4.0,3.900230976706669,1.073086758463799,16.070219277189665,21.0,10.0,6.418568102444702,21.0,1,Android,70.0,65.9,1,4,2,0,3,0
3110,30,Female,Asia,High,Bachelor,Full-time Employee,0.28,26,310,68,205,4.0,7.341790280491543,1.9535481640694368,10.306142417781242,8.0,9.758025127390562,3.8,41.0,1,Tablet,65.29930112427833,9.7,0,1,0,0,1,2
3111,37,Female,North America,Low,Master,Full-time Employee,2.84,65,232,53,0,5.0,7.780846859487413,3.1280921861942548,10.086254375921326,4.0,9.784333122932749,0.0,61.0,0,Tablet,53.0,17.6,0,4,1,2,1,2
3112,14,Male,Africa,Low,High School,Student,7.26,117,139,122,0,1.0,6.523323601456666,1.8297698643289029,3.0,10.0,1.1094543011361753,9.3,74.0,0,Android,62.0,27.8,1,0,1,1,3,0
3113,13,Female,South America,Lower-Mid,High School,Student,11.99,316,558,73,88,4.0,6.567593010359032,1.023400784055839,11.68122405577852,16.0,9.907959000949877,2.2,18.0,1,Android,62.0,68.0,0,5,2,1,3,0
3114,34,Male,Europe,Lower-Mid,High School,Full-time Employee,7.66,180,129,235,62,1.0,7.2479405686408604,2.7883044353493744,1.0,2.0,4.212505145156383,8.1,55.0,0,Android,53.0,35.9,1,2,2,1,1,0
3115,17,Male,Asia,Lower-Mid,High School,Student,5.88,107,438,219,102,4.0,8.366104331213556,3.0294052962971203,3.0,4.0,9.93714216760676,1.9,34.0,0,Android,69.0,31.3,1,1,2,1,3,0
3116,23,Female,Europe,Lower-Mid,Bachelor,Full-time Employee,4.51,57,341,119,67,3.0,6.126764191159273,4.948087876064276,7.170155792594805,0.0,9.98888954842442,8.9,53.0,0,Android,68.0,22.0,0,2,2,0,1,0
3117,22,Male,North America,Low,Bachelor,Full-time Employee,14.74,306,74,401,46,3.0,5.347722791011985,1.0,16.070219277189665,20.0,7.977197629033911,2.9,54.0,0,Android,63.0,60.6,1,4,1,0,1,0
3118,33,Male,Europe,Low,Master,Full-time Employee,2.85,80,190,384,6,1.0,5.870330239663204,2.818721225448308,5.0,5.0,3.299877751944228,8.0,43.0,0,Android,57.0,17.3,1,2,1,2,1,0
3119,28,Male,Middle East,Low,PhD,Full-time Employee,6.79,75,820,401,0,4.0,6.413906591849887,2.946899302526203,2.0,6.0,8.96714046149155,1.7,0.0,1,Tablet,75.0,49.0,1,3,1,3,1,2
3120,24,Female,Africa,Lower-Mid,Bachelor,Student,15.321028152585416,310,140,237,200,2.0,5.597894891679262,1.0,16.070219277189665,18.0,10.0,0.4,45.0,1,Laptop,82.0,63.7,0,0,2,0,3,1
3121,13,Female,Europe,Low,High School,Student,4.84,89,561,131,189,7.0,7.569881360050927,2.2770790049108194,12.797744481510936,7.0,3.597076060589843,8.7,0.0,0,Android,60.0,30.3,0,2,1,1,3,0
3122,22,Male,North America,Lower-Mid,Bachelor,Part-time/Shift,4.94,77,296,67,228,2.0,8.512291616046465,3.9888038899178033,4.0,8.0,1.0,9.8,50.0,0,iPhone,59.0,23.7,1,4,2,0,2,3
3123,36,Female,Europe,Upper-Mid,Master,Unemployed_Looking,7.79,163,248,282,0,2.0,8.343265780905508,1.0,7.74824386430549,13.0,10.0,0.3,42.0,1,iPhone,65.29930112427833,37.5,0,2,3,2,4,3
3124,30,Female,North America,High,Bachelor,Unemployed_Looking,8.15,181,217,162,235,4.0,6.943397935751792,3.008559292900176,10.923207549002576,6.0,4.970859607821619,8.4,62.0,1,Android,61.0,38.7,0,4,0,0,4,0
3125,20,Female,South America,Upper-Mid,High School,Part-time/Shift,6.63,154,261,128,265,7.0,6.150474392343764,4.281433500199004,5.260813275252152,7.0,1.0,8.4,35.0,0,Android,65.29930112427833,33.0,0,5,3,1,2,0
3126,14,Female,South America,Lower-Mid,High School,Student,5.14,105,79,161,34,5.0,6.012363636843279,3.1524709344189525,7.734956979966709,6.0,1.0,8.3,72.0,0,Tablet,72.0,19.9,0,5,2,1,3,2
3127,36,Female,Europe,Low,Master,Caregiver/Home,6.99,171,546,69,142,5.0,6.26059779561826,2.034271295566076,2.208990500972272,11.0,4.848984839073916,9.3,12.0,1,iPhone,46.0,44.5,0,2,1,2,0,3
3128,35,Female,Asia,Upper-Mid,Bachelor,Part-time/Shift,6.77,149,56,145,53,2.0,8.328003120283004,1.850700728538571,7.757790449078191,6.0,1.1487644309610228,9.5,60.0,0,Tablet,78.0,28.7,0,1,3,0,2,2
3129,40,Female,Asia,Low,High School,Full-time Employee,6.16,95,114,148,182,5.0,6.0967770418667655,2.161375669963343,7.552877695169176,10.0,1.0,8.6,60.0,0,Android,66.0,24.9,0,1,1,1,1,0
3130,34,Male,Africa,Low,Bachelor,Full-time Employee,10.11,202,701,96,109,0.0,7.405388053264061,2.684980246629233,6.0,12.0,6.151528523857594,3.9,2.0,0,iPhone,61.0,57.9,1,0,1,0,1,3
3131,36,Female,North America,Upper-Mid,Bachelor,Part-time/Shift,5.42,113,337,25,26,3.0,7.439432413609478,3.040541693559946,3.064988141749331,13.0,5.002091239297122,8.2,58.0,0,Laptop,64.0,30.1,0,4,3,0,2,1
3132,30,Female,Europe,Low,Master,Full-time Employee,4.38,78,391,211,68,3.0,7.601665142051931,2.949346194798681,4.76882683390987,1.0,1.0,9.7,21.0,0,Tablet,65.0,25.4,0,2,1,2,1,2
3133,16,Male,South America,Lower-Mid,High School,Student,8.63,190,252,163,76,5.0,6.728967329495687,2.086841001867556,5.0,14.0,1.0,4.5,43.0,0,Tablet,48.0,40.7,1,5,2,1,3,2
3134,14,Male,Europe,Low,High School,Student,12.03,206,462,401,0,1.0,5.816913021905173,1.0,7.0,20.0,1.2257220295091982,8.9,4.0,0,Tablet,80.0,54.3,1,2,1,1,3,2
3135,16,Female,Middle East,Lower-Mid,High School,Part-time/Shift,5.64,159,753,84,105,3.0,6.831204837439975,3.052421244082357,8.214571950062775,5.0,4.038631995992363,6.1,9.0,1,iPhone,65.0,43.2,0,3,2,1,2,3
3136,21,Male,South America,Low,Bachelor,Student,3.16,75,189,208,0,5.0,8.762749843357778,3.152629474871846,4.0,5.0,1.0,8.5,49.0,1,Tablet,69.0,16.2,1,5,1,0,3,2
3137,25,Male,North America,Lower-Mid,Bachelor,Full-time Employee,7.23,156,368,64,229,4.0,9.06248884986014,3.114946488299056,4.0,4.0,1.0,9.8,32.0,0,Laptop,75.0,37.4,1,4,2,0,1,1
3138,21,Female,Asia,Lower-Mid,Bachelor,Full-time Employee,5.87,104,116,132,31,0.0,6.731199834125045,1.0,3.145242681208346,12.0,1.338507661679551,9.4,67.0,0,Tablet,55.0,23.6,0,1,2,0,1,2
3139,19,Female,North America,Lower-Mid,Bachelor,Student,7.02,146,125,76,210,2.0,7.57667504578918,3.8460627971479977,9.097457296210871,9.0,6.17778592666566,8.7,77.0,0,iPhone,70.0,36.68415185296776,0,4,2,0,3,3
3140,15,Male,North America,Low,High School,Student,2.9,67,445,56,9,3.0,9.09303759081578,4.018959941444114,3.0,0.0,4.171411564566062,9.9,41.0,0,Android,62.0,21.1,1,4,1,1,3,0
3141,18,Male,South America,Lower-Mid,High School,Full-time Employee,8.18,196,181,168,102,5.0,5.350532725108641,1.0556361364694735,2.0,18.0,1.0,7.8,70.0,0,Tablet,65.29930112427833,37.7,1,5,2,1,1,2
3142,36,Female,North America,Lower-Mid,High School,Caregiver/Home,1.86,47,638,77,83,0.0,8.035666543763073,3.75363157054018,6.500719023767479,8.0,1.544042092000745,9.8,27.0,0,Android,44.0,24.3,0,4,2,1,0,0
3143,50,Female,South America,Low,High School,Full-time Employee,5.63,72,77,124,0,1.0,7.82002436163964,2.8087051930218774,3.1084006635527848,9.0,1.0,9.7,71.0,0,iPhone,64.0,21.7,0,5,1,1,1,3
3144,28,Female,Europe,Lower-Mid,PhD,Full-time Employee,12.13,254,720,86,32,2.0,4.404379417892416,2.95430324129648,16.070219277189665,19.0,10.0,0.0,9.0,1,iPhone,65.29930112427833,67.1,0,2,2,3,1,3
3145,18,Female,Europe,Lower-Mid,Bachelor,Student,3.83,92,184,401,138,7.0,8.841066026385578,3.350191524777409,11.606145981093851,7.0,1.0,9.2,41.59859976662777,1,Tablet,69.0,18.8,0,2,2,0,3,2
3146,16,Male,Europe,Lower-Mid,High School,Student,6.69,141,101,172,149,1.0,7.6435986321838385,2.8407602550743385,2.0,6.0,6.278590508342413,8.3,49.0,0,Tablet,70.0,27.4,1,2,2,1,3,2
3147,16,Male,Europe,Lower-Mid,High School,Student,6.76,212,156,61,297,0.0,6.888123037565857,1.0,16.070219277189665,17.0,8.415416197071234,7.6,76.0,0,iPhone,58.0,36.68415185296776,1,2,2,1,3,3
3148,17,Female,North America,Low,High School,Student,7.56,130,464,56,86,3.0,5.230972718709251,2.997458808577232,6.444586904748657,9.0,9.996417324992796,1.3,46.0,1,Tablet,65.29930112427833,38.2,0,4,1,1,3,2
3149,31,Male,Africa,Lower-Mid,Master,Full-time Employee,7.06,104,106,360,71,5.0,7.410974833934385,2.1348982055034784,1.0,3.0,3.831290926285074,6.5,50.0,1,Tablet,64.0,26.9,1,0,2,2,1,2
3150,31,Female,Europe,Upper-Mid,PhD,Full-time Employee,5.94,82,417,279,274,3.0,8.772144789470369,1.96898058768574,3.762265649843441,10.0,1.0,8.5,34.0,0,Android,56.0,30.4,0,2,3,3,1,0
3151,14,Female,Africa,Lower-Mid,High School,Student,7.65,170,820,187,123,3.0,7.279905943854861,2.0441692833537566,7.472139700142292,11.0,9.9804578284802,2.6,0.0,0,Android,73.0,58.6,0,0,2,1,3,0
3152,43,Male,Europe,High,High School,Unemployed_Looking,6.55,153,433,306,52,4.0,7.327557363580547,2.130069509321802,4.0,7.0,9.064317318979954,10.0,5.0,0,Laptop,61.0,39.3,1,2,0,1,4,1
3153,30,Female,Europe,Upper-Mid,Master,Full-time Employee,3.54,68,192,92,102,6.0,8.289014571250966,4.204611345646299,8.678695414539032,8.0,1.0,8.1,53.0,0,iPhone,41.0,18.3,0,2,3,2,1,3
3154,22,Male,South America,Upper-Mid,Bachelor,Full-time Employee,6.14,115,198,79,107,2.0,5.765884564971377,2.904037551294913,5.0,11.0,7.298967673892435,4.2,65.0,0,Laptop,61.0,27.2,1,5,3,0,1,1
3155,29,Female,Asia,Low,Bachelor,Full-time Employee,5.66,114,135,71,202,4.0,9.029513732458264,3.0560077795765315,4.591191955891588,4.0,1.0,8.2,65.0,0,Tablet,55.0,25.1,0,1,1,0,1,2
3156,29,Female,Africa,Low,Bachelor,Part-time/Shift,6.2,127,538,318,100,2.0,7.247359915153907,2.8115708090475167,4.604245696371158,6.0,2.1366143123679424,7.3,0.0,0,Tablet,49.0,38.0,0,0,1,0,2,2
3157,46,Female,Europe,Lower-Mid,PhD,Part-time/Shift,6.92,100,83,60,0,2.0,8.364111740884425,2.875333952263776,10.56851227329831,8.0,2.111578901575226,8.2,56.0,0,Laptop,53.0,27.2,0,2,2,3,2,1
3158,14,Female,North America,Low,High School,Student,6.18,93,230,176,176,7.0,8.080832762643334,2.3715641591805725,9.4362683700655,13.0,3.5706658068058283,5.4,40.0,0,Android,66.0,25.3,0,4,1,1,3,0
3159,34,Male,South America,Lower-Mid,Master,Part-time/Shift,6.5,71,716,10,122,3.0,8.376290086486677,3.934551580989544,3.0,6.0,2.0264158491245925,7.4,8.0,0,Tablet,78.0,38.1,1,5,2,2,2,2
3160,24,Male,Europe,Upper-Mid,Master,Student,4.83,105,443,184,107,2.0,7.787879908384134,2.9978829042594417,1.0,9.0,1.0,9.9,12.0,1,Android,68.0,29.5,1,2,3,2,3,0
3161,24,Male,Africa,High,Master,Student,9.9,251,152,96,164,3.0,6.819752337045934,2.030646690220604,8.0,15.0,6.137697600075921,5.1,75.0,0,iPhone,59.0,46.8,1,0,0,2,3,3
3162,13,Male,Africa,Lower-Mid,High School,Student,10.93,154,292,266,220,5.0,6.267766329917361,1.1518845694619615,5.0,12.0,4.981746112117898,7.6,33.0,0,iPhone,70.0,43.2,1,0,2,1,3,3
3163,24,Female,Europe,Low,Bachelor,Student,6.06,157,93,359,26,5.0,8.197290721378392,5.0,9.948285021337608,8.0,1.8402041777394529,8.6,53.0,0,iPhone,60.0,28.1,0,2,1,0,3,3
3164,27,Male,Europe,Low,Master,Full-time Employee,10.39,231,105,102,234,3.0,5.568429479796997,1.0,6.0,8.0,5.969629221306001,4.6,79.0,0,iPhone,58.0,45.3,1,2,1,2,1,3
3165,44,Female,Asia,High,High School,Caregiver/Home,4.44,35,590,196,75,0.0,7.037361639877785,2.719125006339625,8.576535326873497,5.0,10.0,5.7,10.0,0,iPhone,53.0,28.6,0,1,0,1,0,3
3166,43,Female,North America,Low,Bachelor,Part-time/Shift,9.78,196,162,248,53,5.0,7.864750453563313,1.203879617450739,12.35570641914827,15.0,9.80960652131823,6.418568102444702,60.0,1,Tablet,47.0,44.1,0,4,1,0,2,2
3167,28,Male,Europe,Upper-Mid,Bachelor,Part-time/Shift,3.99,58,262,18,109,0.0,7.983017802361207,2.7016599769921834,2.0,6.0,1.0,8.5,33.0,0,Tablet,61.0,19.4,1,2,3,0,2,2
3168,25,Female,Europe,Low,Bachelor,Part-time/Shift,7.64,140,239,138,36,0.0,7.573668445981841,1.0,6.932998358987287,11.0,1.2625027625635965,9.0,50.0,0,Tablet,67.0,34.0,0,2,1,0,2,2
3169,32,Female,Africa,High,Master,Unemployed_Looking,10.3,208,466,301,238,2.0,5.9915561319947725,1.823303721672524,11.041044761376632,20.0,6.311562535464007,3.0,8.0,0,Laptop,64.0,52.6,0,0,0,2,4,1
3170,23,Male,Middle East,Low,Bachelor,Student,11.46,304,222,89,121,5.0,6.289594414671035,1.0719017413109004,16.070219277189665,20.0,9.848462866162832,0.0,60.0,1,Android,61.0,56.6,1,3,1,0,3,0
3171,28,Male,South America,Upper-Mid,High School,Part-time/Shift,6.03,113,384,79,188,3.0,7.287620790108417,5.0,2.0,9.0,4.970628849650726,7.9,37.0,1,Tablet,56.0,32.2,1,5,3,1,2,2
3172,24,Male,Asia,Lower-Mid,Master,Unemployed_Looking,11.22,225,202,127,48,0.0,5.829321071340945,1.0,11.0,15.0,10.0,6.3,50.0,1,Android,71.0,48.6,1,1,2,2,4,0
3173,15,Female,North America,Low,High School,Student,3.99,121,213,87,0,3.0,9.097682994438472,4.945115380391417,9.089917215539822,0.0,1.0,9.3,77.0,0,Tablet,52.0,22.6,0,4,1,1,3,2
3174,46,Female,Europe,Upper-Mid,Master,Full-time Employee,5.37,119,122,0,15,3.0,8.634728834844111,4.040177416091082,6.960823559162847,0.0,6.949598536515469,8.1,74.0,0,Laptop,73.0,25.7,0,2,3,2,1,1
3175,15,Female,Europe,Lower-Mid,High School,Part-time/Shift,3.8,87,394,174,102,3.0,8.227386440304072,4.03433145248931,5.731848812080114,1.0,9.973036108260017,7.4,19.0,0,iPhone,55.0,23.8,0,2,2,1,2,3
3176,19,Male,North America,Low,Bachelor,Student,10.01,255,78,306,19,3.0,7.6868166624211876,2.0180781030039965,7.0,13.0,4.169640562814356,7.9,72.0,0,Android,57.0,45.0,1,4,1,0,3,0
3177,31,Male,Europe,Upper-Mid,Bachelor,Unemployed_Looking,6.24,83,205,161,133,3.0,8.838781942888321,3.943545478770529,0.0,2.0,3.017049095082884,9.3,57.0,0,Android,50.0,26.0,1,2,3,0,4,0
3178,23,Female,Europe,Low,Bachelor,Full-time Employee,6.41,106,442,76,102,4.0,7.535643499247323,3.037579139541009,7.1066747197436175,9.0,1.0,8.1,23.0,1,Laptop,60.0,33.4,0,2,1,0,1,1
3179,32,Male,Middle East,Upper-Mid,Bachelor,Unemployed_Looking,6.5,100,404,171,69,5.0,7.603846762862734,4.147391103120888,1.0,11.0,1.0,8.0,24.0,0,Laptop,75.0,32.5,1,3,3,0,4,1
3180,20,Male,Asia,Lower-Mid,Bachelor,Part-time/Shift,2.96,66,187,288,102,2.0,8.703812140399448,2.926875698251738,6.0,0.0,1.0,9.5,63.0,0,Tablet,70.0,14.8,1,1,2,0,2,2
3181,24,Female,North America,Upper-Mid,Bachelor,Unemployed_Looking,7.25,164,458,122,176,3.0,8.26583467885059,1.0,1.8812277587808657,15.0,1.0,9.6,41.59859976662777,0,Tablet,75.0,40.4,0,4,3,0,4,2
3182,23,Male,Asia,Upper-Mid,Master,Full-time Employee,6.84,193,346,401,144,6.0,8.446566330598092,2.220231161062444,5.0,8.0,1.0,8.7,5.0,0,Android,70.0,39.1,1,1,3,2,1,0
3183,21,Male,Middle East,Lower-Mid,Bachelor,Unemployed_Looking,5.12,114,280,156,0,7.0,7.848197080094229,3.304948514168037,4.0,5.0,5.652908379557503,8.0,38.0,0,Tablet,54.0,26.9,1,3,2,0,4,2
3184,27,Male,Asia,Upper-Mid,Master,Part-time/Shift,8.56,184,175,125,114,1.0,6.141677285227072,2.876609575366381,6.0,8.0,5.282629149925813,8.4,70.0,1,Laptop,62.0,38.6,1,1,3,2,2,1
3185,37,Female,North America,Lower-Mid,High School,Unemployed_Looking,9.48,123,508,196,163,4.0,3.8742382921262744,2.0896483097846485,13.870237144782807,15.0,10.0,3.5,0.0,1,Android,57.0,36.68415185296776,0,4,2,1,4,0
3186,24,Male,Asia,High,Bachelor,Student,4.31,90,340,401,292,6.0,9.747762488545323,3.1363542232896444,3.0,11.0,2.649519496952527,9.2,5.0,0,Laptop,78.0,24.0,1,1,0,0,3,1
3187,31,Male,Africa,Upper-Mid,PhD,Full-time Employee,5.34,116,544,10,124,2.0,7.181550216080093,3.881474215720107,3.0,5.0,1.0,8.0,26.0,0,Laptop,53.0,35.2,1,0,3,3,1,1
3188,39,Male,North America,Lower-Mid,Master,Caregiver/Home,5.76,135,167,230,37,5.0,9.764348473579568,3.08537049343548,2.0,7.0,1.0,9.6,58.0,0,Android,74.0,28.4,1,4,2,2,0,0
3189,48,Female,North America,Upper-Mid,Bachelor,Full-time Employee,11.39,233,319,341,31,2.0,6.83618714015083,1.92056010217496,9.163629049827858,11.0,1.020416926939187,9.0,9.0,0,Laptop,74.0,54.7,0,4,3,0,1,1
3190,21,Male,North America,Upper-Mid,Bachelor,Part-time/Shift,6.59,164,177,401,0,5.0,6.579361116800498,3.177967329459903,2.0,12.0,2.895095973871608,9.2,38.0,0,iPhone,83.0,31.1,1,4,3,0,2,3
3191,37,Male,Asia,Low,Master,Part-time/Shift,4.19,107,290,173,267,5.0,8.748705226473472,3.136887461215163,4.0,7.0,1.0,9.3,16.0,0,Tablet,61.0,25.6,1,1,1,2,2,2
3192,18,Male,Asia,Lower-Mid,Bachelor,Unemployed_Looking,12.52,180,194,44,208,1.0,6.193412365316244,1.0,11.0,14.0,8.272999492579084,4.3,58.0,1,iPhone,72.0,47.1,1,1,2,0,4,3
3193,23,Male,Africa,Low,Bachelor,Part-time/Shift,9.05,155,24,110,102,7.0,8.961156852608173,1.2950374387799664,7.0,16.0,1.0,9.7,72.0,0,Tablet,88.0,32.4,1,0,1,0,2,2
3194,42,Female,Europe,High,High School,Full-time Employee,5.36,89,357,126,139,5.0,7.974778525649661,4.142255625608539,4.313312385998337,4.0,1.0,9.4,42.0,0,Android,59.0,29.1,0,2,0,1,1,0
3195,39,Female,Europe,High,Bachelor,Full-time Employee,13.03,245,78,124,81,4.0,5.446710654990963,3.0199200357520475,16.070219277189665,20.0,9.850311035230687,1.8,92.0,1,Android,50.0,53.4,0,2,0,0,1,0
3196,28,Female,Middle East,Low,Bachelor,Part-time/Shift,6.3,125,103,103,186,2.0,6.135173425722018,2.831220176105908,3.3702505541935475,9.0,5.146804148247713,8.4,67.0,0,iPhone,46.0,27.0,0,3,1,0,2,3
3197,24,Female,Asia,Low,Bachelor,Full-time Employee,4.46,72,219,77,30,2.0,9.720373114173498,2.7896487790166087,7.894888020161012,4.0,10.0,2.5,41.59859976662777,0,Laptop,72.0,19.9,0,1,1,0,1,1
3198,23,Female,Africa,Lower-Mid,Master,Full-time Employee,13.13,239,99,60,137,2.0,5.5234575653760976,1.0,8.139687654965332,16.0,9.272438529310447,4.1,72.0,0,Laptop,46.0,52.3,0,0,2,2,1,1
3199,37,Female,North America,High,High School,Full-time Employee,4.08,94,139,47,150,4.0,6.802246579206389,4.076743330519641,2.797796974033498,1.0,1.0,8.7,67.0,0,Laptop,61.0,20.4,0,4,0,1,1,1
3200,35,Male,Asia,Lower-Mid,High School,Full-time Employee,4.84,121,820,156,177,4.0,8.397382514318847,3.0700505689051014,1.0,2.0,4.933100596357591,5.2,0.0,0,Tablet,69.0,47.2,1,1,2,1,1,2
3201,19,Male,Asia,Lower-Mid,Bachelor,Student,3.48,81,143,151,140,5.0,8.145207693854053,5.0,3.0,0.0,9.845836498439128,4.3,52.0,0,Tablet,67.0,16.2,1,1,2,0,3,2
3202,23,Female,Europe,Low,Master,Full-time Employee,13.77,307,81,128,113,0.0,4.692525978550548,1.0,16.070219277189665,18.0,10.0,3.2,69.0,1,iPhone,69.0,58.5,0,2,1,2,1,3
3203,45,Female,Europe,High,High School,Unemployed_Looking,7.32,114,365,26,74,7.0,8.857950062974238,3.2047974053354165,3.8390796055840193,7.0,1.0,7.9,63.0,1,Android,67.0,36.0,0,2,0,1,4,0
3204,34,Male,Europe,High,High School,Full-time Employee,4.68,96,308,401,116,2.0,6.595714152930011,1.9113673269703308,1.0,13.0,1.1457641487310082,9.4,15.0,0,iPhone,78.0,25.5,1,2,0,1,1,3
3205,22,Female,South America,Upper-Mid,Bachelor,Full-time Employee,3.5,58,523,104,256,7.0,7.97287603273368,5.0,7.651993950440634,2.0,3.5044419224220307,9.4,33.0,0,iPhone,55.0,24.6,0,5,3,0,1,3
3206,21,Male,Asia,Lower-Mid,Bachelor,Student,11.78,316,96,401,240,2.0,5.571114008651077,1.805590390660739,16.070219277189665,17.0,10.0,4.3,50.0,1,Android,58.0,56.3,1,1,2,0,3,0
3207,25,Female,North America,Low,Bachelor,Unemployed_Looking,9.42,194,44,36,129,6.0,6.680099859838117,4.229670358638432,9.158491712655916,8.0,5.8486293348058265,7.7,99.0,0,Laptop,57.0,38.1,0,4,1,0,4,1
3208,43,Male,North America,High,High School,Part-time/Shift,5.12,89,256,140,91,4.0,8.270061681925526,3.0319138707179145,3.0,9.0,2.996595380038811,7.0,45.0,0,iPhone,73.0,25.6,1,4,0,1,2,3
3209,23,Female,Middle East,Low,Bachelor,Unemployed_Looking,7.89,140,652,117,155,1.0,6.509527693777903,1.7719166845607393,4.529127267786367,15.0,1.1764556818642533,9.5,4.0,1,Tablet,74.0,44.8,0,3,1,0,4,2
3210,23,Male,Africa,Low,Bachelor,Part-time/Shift,8.1,181,382,199,0,5.0,7.218621261465236,4.1151384765205306,4.0,5.0,4.81845945851575,8.5,26.0,0,Tablet,70.0,42.0,1,0,1,0,2,2
3211,29,Male,South America,Upper-Mid,High School,Full-time Employee,7.72,100,146,137,145,7.0,6.943651359679805,3.169502520582244,4.0,7.0,4.544477962888731,9.3,50.0,0,iPhone,77.0,28.5,1,5,3,1,1,3
3212,20,Female,Asia,Low,High School,Student,6.32,120,449,188,246,1.0,8.633708199957384,3.782702376378021,3.6858387274709017,2.0,6.245304115148999,5.5,31.0,0,Android,53.0,34.5,0,1,1,1,3,0
3213,49,Male,Europe,Low,High School,Full-time Employee,8.34,110,386,57,215,2.0,10.148158929812327,1.8569410026701665,5.0,11.0,1.0,7.5,37.0,0,Laptop,82.0,38.7,1,2,1,1,1,1
3214,29,Female,North America,Upper-Mid,Master,Unemployed_Looking,5.3,83,130,67,212,4.0,8.142963743022191,4.0797801406847,4.266346743193632,0.0,4.983007277280935,3.5,41.59859976662777,0,Tablet,80.0,20.9,0,4,3,2,4,2
3215,25,Female,Europe,Lower-Mid,Master,Full-time Employee,5.26,91,311,61,232,6.0,8.074683197183182,4.2037827987058645,8.605045060809127,5.0,1.0,8.0,55.0,1,Tablet,72.0,25.9,0,2,2,2,1,2
3216,22,Female,Africa,High,Bachelor,Student,7.14,148,663,40,75,0.0,6.927170983166784,3.764329887634805,5.225013640554529,8.0,10.0,5.3,13.0,0,iPhone,83.0,36.68415185296776,0,0,0,0,3,3
3217,30,Female,Middle East,High,Master,Unemployed_Looking,10.37,227,181,76,172,3.0,6.628770057780752,1.0,13.183189201779342,9.0,10.0,2.8,58.0,1,Laptop,48.0,47.4,0,3,0,2,4,1
3218,31,Male,Africa,Low,Bachelor,Full-time Employee,6.23,82,165,50,69,4.0,7.321458572422206,5.0,0.0,2.0,1.0,9.5,56.0,0,Android,60.0,24.6,1,0,1,0,1,0
3219,29,Male,Europe,Lower-Mid,Bachelor,Full-time Employee,5.35,79,182,51,248,0.0,7.8618884505527875,2.760186296529432,3.0,4.0,2.34062262079752,9.4,62.0,0,Tablet,58.0,22.5,1,2,2,0,1,2
3220,39,Male,Asia,Lower-Mid,Bachelor,Part-time/Shift,6.19,163,357,91,56,5.0,7.730570276003458,3.1163664304059933,6.0,14.0,1.0,8.1,19.0,0,Laptop,72.0,36.6,1,1,2,0,2,1
3221,34,Male,Europe,Upper-Mid,High School,Full-time Employee,10.35,185,502,141,69,5.0,4.513917924351876,1.1740826885833693,12.0,17.0,9.928715910350132,1.7,6.0,1,Android,54.0,52.1,1,2,3,1,1,0
3222,27,Female,Asia,Lower-Mid,Master,Part-time/Shift,5.66,100,500,157,79,1.0,8.440549270335543,2.722040942078157,4.167170767049012,1.0,5.331024534757708,3.0,10.0,0,Tablet,73.0,32.6,0,1,2,2,2,2
3223,30,Female,North America,Lower-Mid,Bachelor,Unemployed_Looking,11.2,289,102,34,41,3.0,6.021160844220167,1.0085959167256084,16.070219277189665,19.0,9.017995163177636,2.5,83.0,1,Android,79.0,51.7,0,4,2,0,4,0
3224,31,Female,Europe,Upper-Mid,PhD,Full-time Employee,9.21,215,371,117,64,3.0,8.305593968527615,1.0,11.890055070449414,13.0,8.05919435929966,3.3,27.0,0,Tablet,72.0,47.9,0,2,3,3,1,2
3225,21,Male,Africa,Upper-Mid,Bachelor,Student,3.9,79,198,81,131,3.0,9.506881596575116,4.935230520522001,7.0,1.0,1.0,9.1,83.0,0,iPhone,68.0,18.5,1,0,3,0,3,3
3226,37,Female,Africa,Lower-Mid,Bachelor,Caregiver/Home,7.03,106,146,87,111,5.0,9.717530162514118,3.1813620142810235,7.927762453033125,6.0,1.8919618981836137,9.4,60.0,0,Android,55.0,28.8,0,0,2,0,0,0
3227,15,Male,Europe,Low,High School,Student,3.86,69,290,91,0,4.0,9.075007025807292,4.110020074835719,5.0,4.0,1.0,9.9,43.0,1,Android,57.0,19.7,1,2,1,1,3,0
3228,31,Female,Asia,Upper-Mid,High School,Full-time Employee,6.95,65,175,27,0,1.0,8.207061222830864,1.8640060723519825,4.487715241100107,7.0,7.269794818322362,2.4,64.0,0,Tablet,77.0,24.6,0,1,3,1,1,2
3229,19,Female,Asia,Low,Bachelor,Unemployed_Looking,7.31,156,302,184,165,5.0,8.995732072952082,3.2337417581870644,8.352500678193138,6.0,1.0,6.6,30.0,0,Laptop,73.0,35.5,0,1,1,0,4,1
3230,20,Male,Africa,Lower-Mid,Bachelor,Student,6.67,103,268,87,0,4.0,8.25826362410086,3.1152651987600595,2.0,10.0,5.019806698147238,9.3,59.0,0,Android,65.0,36.68415185296776,1,0,2,0,3,0
3231,31,Male,Europe,Lower-Mid,Master,Unemployed_Looking,7.31,136,239,167,0,3.0,8.528202360766302,1.93226854555452,2.0,9.0,1.1197629194477667,9.4,43.0,0,Android,61.0,33.7,1,2,2,2,4,0
3232,39,Male,Asia,Low,Bachelor,Full-time Employee,8.3,161,820,116,54,6.0,6.882863488811879,1.2187762119381915,7.0,14.0,1.0,4.9,0.0,0,Tablet,45.0,59.5,1,1,1,0,1,2
3233,30,Female,North America,Upper-Mid,Master,Unemployed_Looking,11.9,171,219,60,80,6.0,7.57158048984305,2.193684410107162,13.889103905138429,18.0,4.6283093788605045,8.1,79.0,0,Laptop,54.0,47.1,0,4,3,2,4,1
3234,32,Female,South America,Low,High School,Full-time Employee,9.61,184,300,210,311,3.0,6.251376061632278,3.073494867738588,4.359174299000902,10.0,4.974550577620655,9.8,41.59859976662777,0,iPhone,84.0,44.1,0,5,1,1,1,3
3235,39,Male,South America,Lower-Mid,Bachelor,Full-time Employee,2.07,59,441,51,0,4.0,10.225740091961072,4.107168516072829,4.0,5.0,1.0,8.9,49.0,0,Laptop,52.0,20.8,1,5,2,0,1,1
3236,20,Female,Africa,Low,Bachelor,Full-time Employee,10.42,220,462,121,0,5.0,6.439047127291121,2.122365655098978,9.02792787335944,16.0,3.776922118859736,9.3,25.0,0,iPhone,67.0,52.7,0,0,1,0,1,3
3237,17,Male,Africa,Low,High School,Student,6.51,167,216,69,0,3.0,7.687294410459809,3.015935864628785,4.0,4.0,4.915564861872009,8.3,48.0,0,iPhone,65.29930112427833,32.1,1,0,1,1,3,3
3238,39,Male,Europe,Upper-Mid,High School,Full-time Employee,14.33,130,264,36,0,4.0,5.175627275707663,1.0,16.070219277189665,15.0,9.973374361225268,0.0,52.0,0,Laptop,52.0,51.4,1,2,3,1,1,1
3239,26,Female,Middle East,Low,Bachelor,Full-time Employee,8.72,144,235,181,95,0.0,7.839707973921277,1.7448995308331336,6.884250755914509,13.0,1.313040599510909,9.9,32.0,0,Laptop,67.0,36.9,0,3,1,0,1,1
3240,29,Female,Asia,Upper-Mid,Master,Full-time Employee,9.61,200,472,211,45,4.0,6.432420055686947,1.0050288937077383,11.663782405216404,15.0,10.0,3.3,17.0,0,Tablet,74.0,49.9,0,1,3,2,1,2
3241,24,Female,Europe,Upper-Mid,Bachelor,Student,4.08,73,213,64,0,1.0,8.310706457241668,1.727841477516248,4.909634175356892,7.0,10.0,2.5,48.0,0,Laptop,65.0,19.2,0,2,3,0,3,1
3242,20,Female,North America,Low,Bachelor,Part-time/Shift,4.8,134,219,102,126,4.0,6.490060867286736,3.0911518302143843,1.761007227969307,7.0,1.0,8.6,57.0,0,iPhone,89.0,25.1,0,4,1,0,2,3
3243,20,Female,Asia,Lower-Mid,Bachelor,Full-time Employee,4.24,73,211,213,98,0.0,6.799658906697139,4.7778159987102375,6.08517598767742,2.0,1.0,8.8,68.0,0,Android,48.0,19.6,0,1,2,0,1,0
3244,37,Male,Asia,Lower-Mid,Master,Full-time Employee,6.88,107,141,88,113,1.0,8.187023564379405,3.8351317193582175,4.0,5.0,1.0,9.4,74.0,0,Android,65.29930112427833,27.8,1,1,2,2,1,0
3245,20,Male,Europe,Upper-Mid,Bachelor,Part-time/Shift,2.79,59,268,240,0,5.0,7.661380970509547,3.122661309906326,4.0,3.0,6.852938140878318,6.9,7.0,0,Laptop,63.0,36.68415185296776,1,2,3,0,2,1
3246,18,Male,South America,Lower-Mid,Bachelor,Student,7.64,151,70,301,177,2.0,6.419680592592272,4.828837798402056,3.0,2.0,5.111112397021668,9.4,56.0,0,iPhone,73.0,29.9,1,5,2,0,3,3
3247,34,Male,North America,Upper-Mid,High School,Full-time Employee,11.69,234,196,48,115,5.0,6.841319552761904,2.0737423183987884,6.0,17.0,2.7607270875586964,9.5,48.0,0,Android,69.0,51.3,1,4,3,1,1,0
3248,14,Female,Asia,Low,High School,Student,8.44,214,284,339,133,4.0,7.787456928431917,1.003461019350953,6.875277389102862,14.0,1.0,9.1,24.0,0,Laptop,58.0,42.6,0,1,1,1,3,1
3249,28,Male,North America,Upper-Mid,High School,Full-time Employee,5.52,128,150,34,51,3.0,8.509146878786058,3.9603567101548887,2.0,6.0,1.0,9.4,72.0,0,Android,67.0,26.0,1,4,3,1,1,0
3250,31,Female,Europe,Low,Bachelor,Full-time Employee,5.36,112,820,6,145,3.0,7.701081650766337,3.02584931142138,5.75779649187036,8.0,1.1195896956794693,9.2,0.0,1,iPhone,46.0,51.8,0,2,1,0,1,3
3251,16,Female,Europe,Lower-Mid,High School,Student,3.94,150,252,344,97,3.0,7.689330145226104,4.025060585295067,3.746345054332216,8.0,9.892612136023216,1.6,30.0,0,Laptop,65.29930112427833,36.68415185296776,0,2,2,1,3,1
3252,29,Male,South America,High,Bachelor,Full-time Employee,6.01,136,238,156,100,5.0,7.201302947367248,3.049381281954007,3.0,10.0,9.813092661820486,3.8,62.0,0,Tablet,68.0,30.1,1,5,0,0,1,2
3253,28,Male,Africa,Low,Master,Full-time Employee,6.42,111,140,80,0,4.0,7.932610002926485,4.017263351502045,5.0,5.0,1.0,4.8,72.0,0,iPhone,71.0,26.3,1,0,1,2,1,3
3254,50,Male,Asia,Upper-Mid,PhD,Unemployed_Looking,15.321028152585416,280,129,148,102,2.0,4.020717353819832,1.0,16.070219277189665,18.0,10.0,3.1,41.0,0,Laptop,76.0,65.6,1,1,3,3,4,1
3255,26,Female,Africa,Low,Bachelor,Full-time Employee,7.03,99,291,280,118,3.0,5.6692000004431415,2.845461218316072,4.953739882408458,7.0,1.0,10.0,34.0,0,Tablet,69.0,30.5,0,0,1,0,1,2
3256,16,Female,South America,Low,High School,Student,9.48,252,416,82,220,2.0,4.795098132072683,1.0,6.9486894620021324,18.0,1.1966130550106886,9.2,34.0,0,Laptop,66.0,51.6,0,5,1,1,3,1
3257,15,Female,North America,Low,High School,Student,13.17,251,183,175,102,4.0,7.268163735625516,1.039617027121967,16.070219277189665,22.5,9.85988349114527,6.6,51.0,1,Android,56.0,54.5,0,4,1,1,3,0
3258,26,Female,Africa,Upper-Mid,Master,Full-time Employee,13.73,300,230,157,134,6.0,4.381534840171486,1.2060371786998605,16.070219277189665,18.0,7.715950153438376,3.7,54.0,1,Laptop,58.0,62.2,0,0,3,2,1,1
3259,26,Male,South America,Lower-Mid,Bachelor,Full-time Employee,5.56,99,306,148,276,2.0,7.415175918610295,3.959449284063159,2.0,5.0,1.1959396842325931,9.7,48.0,0,iPhone,77.0,27.1,1,5,2,0,1,3
3260,36,Female,Asia,Upper-Mid,PhD,Caregiver/Home,7.73,102,115,121,22,2.0,7.174991734806903,3.896571181808594,6.873502965853085,7.0,1.1808253808336138,9.4,58.0,0,Android,79.0,28.5,0,1,3,3,0,0
3261,22,Female,Asia,Low,Bachelor,Part-time/Shift,9.58,175,297,85,51,4.0,6.690456532279395,2.030388495089592,13.37603976883218,15.0,9.876763521302586,3.8,55.0,0,Android,63.0,42.9,0,1,1,0,2,0
3262,31,Male,Asia,Upper-Mid,Bachelor,Unemployed_Looking,5.84,179,820,401,248,0.0,7.965217044392532,2.7609903250011074,6.0,10.0,9.452617636057337,5.0,0.0,0,Tablet,65.0,55.5,1,1,3,0,4,2
3263,35,Male,North America,High,High School,Full-time Employee,4.66,82,748,99,0,6.0,7.469983023265817,4.264637897860188,6.0,0.0,1.0,8.5,8.0,0,Android,56.0,36.2,1,4,0,1,1,0
3264,25,Female,Asia,Upper-Mid,Master,Full-time Employee,9.41,189,288,90,66,6.0,7.403895010115776,3.2265176838338703,6.690366001956878,18.0,2.777180558833253,0.0,55.0,0,Tablet,77.0,43.4,0,1,3,2,1,2
3265,23,Male,Asia,Lower-Mid,Bachelor,Student,7.49,192,437,35,209,7.0,7.753794527007521,3.326038429063075,2.0,10.0,1.73355614836297,7.8,41.0,0,iPhone,72.0,42.8,1,1,2,0,3,3
3266,42,Female,Asia,Lower-Mid,High School,Caregiver/Home,15.07,292,73,142,213,1.0,4.451664682621876,1.0,16.070219277189665,16.0,10.0,7.0,85.0,0,Android,84.0,61.3,0,1,2,1,0,0
3267,45,Male,North America,Lower-Mid,High School,Full-time Employee,2.99,36,276,19,45,4.0,9.07843883559331,4.047832131019909,2.0,2.0,1.0203769947226264,9.1,37.0,0,Laptop,56.0,17.2,1,4,2,1,1,1
3268,31,Female,Asia,Low,Bachelor,Full-time Employee,5.81,128,544,29,136,4.0,8.453180770106966,1.0575760538528345,4.768820038510178,6.0,3.946181036604101,5.3,29.0,0,Tablet,61.0,37.1,0,1,1,0,1,2
3269,19,Female,North America,Low,Bachelor,Unemployed_Looking,4.01,68,323,207,34,4.0,6.642990692387784,3.01426897081626,5.846278877032383,3.0,3.994281451888984,8.0,24.0,0,iPhone,67.0,20.8,0,4,1,0,4,3
3270,45,Female,North America,High,PhD,Unemployed_Looking,7.73,192,72,129,92,1.0,7.728351170953513,1.0,7.1173831020755625,13.0,1.0,8.4,62.0,0,Android,71.0,36.1,0,4,0,3,4,0
3271,46,Male,North America,Upper-Mid,Bachelor,Full-time Employee,8.16,116,199,85,148,4.0,7.505920000994332,3.1208190004288165,2.0,11.0,9.83402068479387,4.4,59.0,0,iPhone,63.0,34.2,1,4,3,0,1,3
3272,18,Female,Africa,Low,Bachelor,Part-time/Shift,7.57,159,89,193,92,2.0,5.606568852088325,2.9925535359374926,3.525837881254497,6.0,10.0,3.1,60.0,1,Android,56.0,31.3,0,0,1,0,2,0
3273,14,Male,Europe,Low,High School,Student,3.39,82,226,113,0,5.0,8.997330500969746,4.21141955763656,6.0,4.0,1.0,9.5,43.0,0,Android,74.0,17.5,1,2,1,1,3,0
3274,22,Male,Africa,Upper-Mid,Bachelor,Student,11.98,144,116,120,78,2.0,6.376523639813981,1.0,11.0,12.0,10.0,0.6,67.0,0,iPhone,72.0,36.68415185296776,1,0,3,0,3,3
3275,30,Male,South America,Upper-Mid,Bachelor,Full-time Employee,5.06,110,266,132,92,3.0,5.960497112741293,3.901047498011886,4.0,4.0,10.0,6.9,59.0,1,Android,56.0,26.8,1,5,3,0,1,0
3276,17,Female,Middle East,Lower-Mid,High School,Student,8.2,116,274,202,110,3.0,8.210644495859086,2.9125049031438768,6.207764192777749,9.0,4.976363055804046,8.6,67.0,1,Laptop,79.0,33.2,0,3,2,1,3,1
3277,14,Male,Asia,Low,High School,Student,11.99,257,220,401,53,4.0,6.283095925847242,1.0586443904318668,16.0,17.0,4.9832871288701615,9.8,4.0,0,iPhone,77.0,52.5,1,1,1,1,3,3
3278,34,Male,Europe,High,High School,Part-time/Shift,8.08,142,123,401,26,4.0,7.118845981262776,1.0,2.0,12.0,1.0,7.7,14.0,0,Laptop,66.0,33.1,1,2,0,1,2,1
3279,24,Male,South America,Upper-Mid,Bachelor,Part-time/Shift,9.17,206,431,180,230,3.0,5.900988305641653,1.0,6.0,9.0,8.153985031213672,7.2,25.0,0,Laptop,66.0,48.1,1,5,3,0,2,1
3280,21,Female,Asia,Lower-Mid,High School,Student,5.72,176,76,204,236,1.0,9.124795015282285,1.882626052005674,5.21727940655606,9.0,1.0,9.7,50.0,1,Android,71.0,27.9,0,1,2,1,3,0
3281,18,Female,Asia,Low,Bachelor,Full-time Employee,2.32,125,398,200,0,2.0,8.390556969613684,3.9412776726808216,9.884610284669314,8.0,5.1634346122386585,2.1,26.0,1,Laptop,56.0,23.8,0,1,1,0,1,1
3282,31,Male,Europe,High,Bachelor,Full-time Employee,10.36,199,189,20,186,4.0,6.801972273122297,2.0264702858092174,5.0,12.0,1.0,8.7,69.0,1,Android,65.0,44.8,1,2,0,0,1,0
3283,40,Female,North America,Upper-Mid,Master,Caregiver/Home,6.93,167,356,99,153,6.0,6.786963769620839,3.190026533472877,5.602321709173216,11.0,1.0,9.7,53.0,0,Android,65.29930112427833,39.6,0,4,3,2,0,0
3284,42,Female,Middle East,Upper-Mid,Bachelor,Full-time Employee,2.8,38,820,288,173,0.0,10.589584834012264,2.760748529291205,5.935377575780961,0.0,5.244099330736048,6.418568102444702,0.0,0,Tablet,74.0,32.3,0,3,3,0,1,2
3285,25,Male,Africa,Low,Bachelor,Part-time/Shift,3.14,51,137,182,242,0.0,9.815773587154908,3.77914988171307,8.0,0.0,1.0,9.2,65.0,0,Android,49.0,13.7,1,0,1,0,2,0
3286,32,Female,North America,Upper-Mid,PhD,Full-time Employee,10.56,230,226,355,4,4.0,7.512311214591215,2.0252681549509046,9.372794754404282,14.0,1.0,9.7,32.0,0,Android,80.0,48.5,0,4,3,3,1,0
3287,20,Male,Middle East,Lower-Mid,Bachelor,Unemployed_Looking,11.06,224,820,73,169,4.0,5.194285854482073,1.040206717251921,12.0,17.0,9.879945731451452,2.7,0.0,1,Laptop,62.0,66.9,1,3,2,0,4,1
3288,28,Female,South America,Upper-Mid,High School,Unemployed_Looking,13.59,282,295,374,191,4.0,5.446809053443088,1.0236245319118915,16.070219277189665,22.5,7.870793286140469,3.0,20.0,0,Tablet,63.0,62.0,0,5,3,1,4,2
3289,20,Female,Europe,Low,Bachelor,Part-time/Shift,14.93,245,216,56,189,0.0,6.104007345581628,1.0,16.070219277189665,20.0,10.0,1.1,57.0,0,Tablet,59.0,59.4,0,2,1,0,2,2
3290,41,Male,Asia,High,High School,Full-time Employee,4.48,90,570,401,216,2.0,9.14275589266662,2.8811685437432857,4.0,3.0,2.039893023545325,9.8,0.0,1,Laptop,62.0,32.3,1,1,0,1,1,1
3291,45,Female,South America,Upper-Mid,PhD,Part-time/Shift,10.02,199,526,206,40,3.0,6.703720384370787,2.9572439977306963,7.973951301437136,6.0,2.175060891624116,8.2,0.0,0,Android,79.0,53.4,0,5,3,3,2,0
3292,19,Female,Africa,Low,Bachelor,Full-time Employee,6.19,172,150,401,165,6.0,8.159697356053439,1.1486620997319763,6.550945943048456,10.0,2.8366330319695887,8.9,11.0,0,Android,41.0,31.3,0,0,1,0,1,0
3293,24,Male,Asia,Low,Master,Student,4.87,107,202,64,87,6.0,9.60070167169028,3.243998352413296,6.0,8.0,1.0,8.5,72.0,0,Laptop,65.29930112427833,23.3,1,1,1,2,3,1
3294,40,Male,South America,Low,Bachelor,Part-time/Shift,11.51,203,820,317,0,2.0,6.919912139913204,1.0,15.0,18.0,10.0,0.4,0.0,1,Android,68.0,67.7,1,5,1,0,2,0
3295,31,Female,Africa,Upper-Mid,Bachelor,Full-time Employee,14.75,293,195,91,0,0.0,6.445680770899992,1.0,16.070219277189665,15.0,4.341049435697195,2.8,63.0,0,iPhone,53.0,63.7,0,0,3,0,1,3
3296,29,Male,Africa,Low,High School,Full-time Employee,5.5,114,427,401,117,1.0,6.614592687461476,4.7738675697744,1.0,5.0,7.310950473097093,7.7,0.0,0,iPhone,54.0,32.3,1,0,1,1,1,3
3297,47,Female,Europe,Upper-Mid,Master,Full-time Employee,6.31,92,437,22,20,4.0,8.449101584138251,3.95274623443216,7.497438374656513,3.0,4.071392794176299,9.1,33.0,0,Laptop,82.0,33.4,0,2,3,2,1,1
3298,31,Female,Europe,Low,Master,Full-time Employee,11.08,173,275,98,0,2.0,7.207001776099829,2.915522287626659,9.931483602367283,9.0,9.098160619306425,5.7,49.0,1,iPhone,65.29930112427833,46.7,0,2,1,2,1,3
3299,22,Female,Asia,Lower-Mid,Bachelor,Student,12.83,303,653,54,0,4.0,6.477915618886686,1.0187193826064072,16.070219277189665,17.0,1.0,3.4,41.59859976662777,1,Android,53.0,70.8,0,1,2,0,3,0
3300,28,Female,Asia,Upper-Mid,Bachelor,Full-time Employee,5.19,112,217,269,0,1.0,6.044362546562781,1.7677376808853331,3.743029055389334,5.0,4.374116478490797,8.7,36.0,0,Android,76.0,25.3,0,1,3,0,1,0
3301,13,Male,Europe,Lower-Mid,High School,Student,7.13,181,146,401,203,4.0,6.156016911782716,2.989072364605721,6.0,10.0,3.787795555209387,8.8,18.0,1,Laptop,68.0,32.8,1,2,2,1,3,1
3302,31,Male,Europe,Lower-Mid,Master,Full-time Employee,7.27,175,129,203,176,3.0,5.88123494675611,1.0,4.0,8.0,3.956597035684942,9.1,72.0,0,Laptop,56.0,34.2,1,2,2,2,1,1
3303,26,Male,Middle East,Low,Master,Full-time Employee,6.84,164,96,258,314,5.0,6.6827294223498095,3.2106760267871746,5.0,4.0,9.804505152686264,0.8,63.0,0,iPhone,67.0,30.6,1,3,1,2,1,3
3304,22,Male,North America,Low,Bachelor,Full-time Employee,2.76,61,683,144,163,2.0,9.6430765167963,1.8668832550766008,4.0,1.0,1.0,7.2,6.0,0,Laptop,55.0,27.1,1,4,1,0,1,1
3305,30,Male,South America,Upper-Mid,PhD,Part-time/Shift,5.7,120,419,289,132,4.0,9.068294752730326,2.997434866129546,3.0,4.0,10.0,4.0,33.0,0,Laptop,76.0,32.5,1,5,3,3,2,1
3306,23,Male,Africa,Lower-Mid,Master,Full-time Employee,6.25,100,207,401,125,5.0,6.406147756106101,3.1644063319861524,7.0,10.0,1.0,8.7,0.0,0,Laptop,76.0,26.1,1,0,2,2,1,1
3307,21,Male,Africa,Low,Bachelor,Full-time Employee,15.03,223,820,270,72,3.0,5.796398538472936,1.0,16.070219277189665,22.0,9.991296042167928,1.9,0.0,1,Tablet,70.0,72.54999999999998,1,0,1,0,1,2
3308,32,Male,North America,High,PhD,Full-time Employee,6.24,115,285,35,68,2.0,8.536590902836418,2.786190662759966,7.0,3.0,6.246161488008385,8.4,50.0,0,Laptop,69.0,30.3,1,4,0,3,1,1
3309,21,Male,Asia,Lower-Mid,High School,Student,5.52,103,611,183,0,5.0,6.45912280363406,3.1649269779223155,7.0,8.0,2.9401971783594383,9.8,0.0,1,Tablet,83.0,34.5,1,1,2,1,3,2
3310,33,Female,Europe,Lower-Mid,PhD,Part-time/Shift,11.89,236,510,304,302,3.0,6.362756606952709,1.0784637631662146,10.194922575222888,8.0,8.028225848481949,1.2,4.0,0,Android,65.0,59.9,0,2,2,3,2,0
3311,26,Female,Europe,Upper-Mid,Master,Full-time Employee,5.06,129,347,101,141,1.0,7.733150853604583,2.682244291176167,7.429480109221954,7.0,1.2142517623977351,8.1,44.0,1,Android,53.0,30.2,0,2,3,2,1,0
3312,20,Male,North America,Low,Bachelor,Student,9.48,217,177,39,234,2.0,5.951658917435978,1.0,4.0,13.0,10.0,7.1,80.0,0,Android,69.0,42.8,1,4,1,0,3,0
3313,21,Male,Africa,Lower-Mid,Bachelor,Full-time Employee,6.05,145,296,245,0,0.0,7.777755861883056,3.58996008951828,4.0,8.0,1.0,9.5,37.0,0,iPhone,86.0,31.2,1,0,2,0,1,3
3314,46,Female,North America,Upper-Mid,Bachelor,Unemployed_Looking,7.58,164,817,71,170,3.0,8.238028651679826,2.968275153704093,3.6660105429308896,12.0,5.057785472582662,9.1,0.0,0,iPhone,55.0,52.9,0,4,3,0,4,3
3315,33,Female,Europe,High,Bachelor,Full-time Employee,4.69,77,688,401,0,7.0,8.903434883444605,3.3410982609587347,9.64114724610624,2.0,1.0,8.8,0.0,0,iPhone,61.0,34.0,0,2,0,0,1,3
3316,21,Female,Africa,Upper-Mid,Bachelor,Student,6.09,141,364,352,69,4.0,5.621577715278402,4.057200055827707,6.69764133440329,3.0,4.9549210930163845,7.8,21.0,0,Android,69.0,33.2,0,0,3,0,3,0
3317,20,Male,Europe,Lower-Mid,High School,Unemployed_Looking,5.45,138,259,43,39,2.0,7.349223375454512,4.96175551605001,0.0,4.0,2.1033427116006296,9.5,63.0,0,Tablet,64.0,28.7,1,2,2,1,4,2
3318,29,Female,Europe,Upper-Mid,High School,Full-time Employee,3.97,99,338,234,29,3.0,8.028412767141512,4.013567889257641,7.013441756392254,5.0,1.0,8.2,19.0,0,iPhone,55.0,25.0,0,2,3,1,1,3
3319,20,Female,Asia,Upper-Mid,Bachelor,Full-time Employee,7.12,188,159,36,47,5.0,8.39398484199679,2.21691702810976,5.552386152705253,8.0,1.0,8.1,87.0,0,Laptop,76.0,34.1,0,1,3,0,1,1
3320,32,Female,North America,Low,Bachelor,Full-time Employee,9.44,184,197,17,153,5.0,6.186753300352575,2.1898202003400056,9.212512773725262,12.0,1.0,8.6,69.0,0,Tablet,88.0,41.0,0,4,1,0,1,2
3321,17,Female,Europe,Low,High School,Student,7.24,154,165,112,189,7.0,6.553039107351561,3.271431795697692,5.359602554594653,14.0,6.588185608673973,9.2,41.59859976662777,1,Tablet,67.0,31.6,0,2,1,1,3,2
3322,18,Female,North America,Low,Bachelor,Part-time/Shift,7.3,190,309,401,239,2.0,7.125708342015225,2.895492053956118,11.093912424612782,5.0,5.254436950360693,9.3,15.0,0,Tablet,56.0,38.9,0,4,1,0,2,2
3323,33,Female,Europe,Upper-Mid,Master,Full-time Employee,13.66,270,122,212,150,0.0,5.344683503015467,1.0,16.070219277189665,12.0,7.315868602644705,5.0,53.0,0,Tablet,50.0,57.5,0,2,3,2,1,2
3324,27,Female,North America,Low,Bachelor,Full-time Employee,8.26,176,103,119,136,4.0,8.476685443337026,2.0403922098944904,6.945908753566785,15.0,3.054455327050656,9.2,52.0,0,Tablet,68.0,35.3,0,4,1,0,1,2
3325,28,Male,Europe,Low,Bachelor,Full-time Employee,15.321028152585416,290,210,159,86,3.0,6.507208625312738,1.0,16.070219277189665,21.0,10.0,0.1,48.0,1,Laptop,76.0,64.3,1,2,1,0,1,1
3326,23,Female,Europe,Low,Bachelor,Part-time/Shift,3.2,72,589,51,44,0.0,10.155674595454297,2.7281410777740924,7.63327133661881,5.0,3.3515757454930704,7.0,18.0,0,iPhone,70.0,26.4,0,2,1,0,2,3
3327,38,Male,Asia,Low,Master,Caregiver/Home,7.32,133,260,62,78,5.0,7.92395034799168,1.1989223382498315,0.0,12.0,8.778770639696011,3.2,63.0,0,Tablet,65.29930112427833,34.5,1,1,1,2,0,2
3328,20,Male,Africa,Upper-Mid,Bachelor,Student,4.19,93,264,94,78,4.0,9.480328263705124,3.0354166152125512,4.0,2.0,2.9077779322841724,7.3,46.0,0,Laptop,59.0,22.2,1,0,3,0,3,1
3329,20,Male,Africa,Low,Bachelor,Student,10.67,124,293,110,77,4.0,8.719381030114333,1.0053206976600249,7.0,14.0,6.143935801576258,7.8,53.0,1,Android,54.0,41.1,1,0,1,0,3,0
3330,24,Male,Europe,Lower-Mid,Master,Student,5.24,129,177,204,92,1.0,5.518992533558239,2.768790535802459,1.0,11.0,9.400259172357837,8.2,70.0,1,iPhone,73.0,25.6,1,2,2,2,3,3
3331,42,Female,Europe,Lower-Mid,Bachelor,Full-time Employee,2.69,31,489,59,54,5.0,8.130562092066134,3.164564675515777,11.62364300120552,0.0,6.834285061831671,6.5,17.0,1,Tablet,74.0,20.7,0,2,2,0,1,2
3332,20,Male,Asia,Lower-Mid,High School,Student,2.6,61,667,83,102,1.0,10.101570884852164,2.742114167143168,4.0,4.0,1.0,10.0,15.0,0,Tablet,50.0,26.3,1,1,2,1,3,2
3333,49,Female,North America,Lower-Mid,Master,Part-time/Shift,5.48,85,385,0,190,1.0,8.627568416402838,2.802211779040072,6.029231406445227,2.0,1.0,9.7,67.0,0,iPhone,81.0,29.7,0,4,2,2,2,3
3334,30,Male,South America,Upper-Mid,High School,Full-time Employee,8.85,196,820,328,294,1.0,5.911851279288666,2.878646099820389,6.0,10.0,1.269811370732517,7.9,0.0,0,Tablet,71.0,62.4,1,5,3,1,1,2
3335,28,Male,Europe,Low,Bachelor,Unemployed_Looking,12.55,305,566,61,227,5.0,4.711512518785937,1.1464395842216926,13.0,17.0,1.7247850850783837,6.0,37.0,0,Android,79.0,67.9,1,2,1,0,4,0
3336,24,Male,Africa,Lower-Mid,Master,Student,15.321028152585416,300,437,133,108,3.0,4.819575131131855,1.0,16.070219277189665,18.0,10.0,10.0,24.0,0,Tablet,52.0,72.54999999999998,1,0,2,2,3,2
3337,20,Female,South America,Upper-Mid,Bachelor,Part-time/Shift,2.47,96,667,191,166,2.0,8.326721418078401,2.890360210962455,12.127205859925354,2.0,10.0,2.6,0.0,0,iPhone,51.0,28.9,0,5,3,0,2,3
3338,27,Female,Asia,Upper-Mid,High School,Student,5.76,104,603,74,0,5.0,7.214948349386769,2.0803314323232924,4.911707525435032,6.0,1.0,8.6,19.0,0,Laptop,64.0,36.0,0,1,3,1,3,1
3339,26,Female,Europe,High,Master,Full-time Employee,4.24,101,578,99,199,4.0,6.200320401589866,4.009068282816166,10.814088015228258,7.0,9.996893359427125,3.2,9.0,0,Laptop,70.0,31.3,0,2,0,2,1,1
3340,18,Female,Africa,Low,Bachelor,Student,5.95,113,624,69,8,3.0,6.9501744929054565,2.962281291095406,5.600764019060743,12.0,1.0,10.0,6.0,1,iPhone,83.0,36.4,0,0,1,0,3,3
3341,19,Male,Asia,Lower-Mid,Bachelor,Unemployed_Looking,6.58,202,211,336,0,4.0,5.790544257912078,4.065488669843358,4.0,4.0,9.885922054608594,0.8,19.0,1,iPhone,72.0,35.4,1,1,2,0,4,3
3342,42,Male,North America,Low,Master,Full-time Employee,4.7,87,268,91,134,5.0,7.321673574056001,3.1792171625247567,4.0,7.0,1.0,9.9,40.0,0,Android,63.0,36.68415185296776,1,4,1,2,1,0
3343,46,Female,Europe,High,Bachelor,Unemployed_Looking,3.48,58,720,49,182,3.0,7.881644883857684,2.9766684055997064,8.180038627474033,5.0,3.982052535349286,9.5,6.0,0,Tablet,55.0,31.7,0,2,0,0,4,2
3344,21,Male,North America,Lower-Mid,Bachelor,Full-time Employee,14.8,296,197,54,8,7.0,5.769299073401938,1.3592176579158797,15.0,16.0,9.646514680777942,0.0,59.0,0,iPhone,77.0,62.5,1,4,2,0,1,3
3345,40,Female,North America,Low,Master,Part-time/Shift,6.04,138,356,66,123,7.0,7.752476479997734,4.371838849888643,7.227530140876841,5.0,1.0,9.6,31.0,0,Android,55.0,34.7,0,4,1,2,2,0
3346,21,Male,South America,Low,High School,Student,11.14,192,294,237,145,0.0,5.137016295892813,1.0,7.0,14.0,10.0,4.0,43.0,1,Android,81.0,47.4,1,5,1,1,3,0
3347,42,Male,South America,Low,Bachelor,Full-time Employee,3.48,81,491,46,70,2.0,8.547759379897057,3.9534048015471694,3.0,0.0,1.0,9.4,33.0,0,Laptop,62.0,27.3,1,5,1,0,1,1
3348,23,Male,Africa,Upper-Mid,Bachelor,Full-time Employee,9.44,210,820,101,223,4.0,7.371393270019992,2.002389342268488,7.0,19.0,4.986652680685104,6.2,0.0,0,iPhone,81.0,60.1,1,0,3,0,1,3
3349,41,Male,North America,Upper-Mid,Master,Unemployed_Looking,7.79,177,820,78,294,5.0,9.423803482683155,2.074349715200248,1.0,13.0,9.892158220705648,1.9,0.0,0,Laptop,72.0,63.3,1,4,3,2,4,1
3350,29,Female,Middle East,Upper-Mid,High School,Full-time Employee,5.86,193,230,201,119,6.0,8.376676076248431,3.237592974345917,9.421323575056904,3.0,1.0,8.3,44.0,1,iPhone,64.0,34.5,0,3,3,1,1,3
3351,26,Male,Asia,Low,Bachelor,Part-time/Shift,6.77,83,95,303,32,1.0,7.125344465443759,1.745210596954266,3.0,8.0,8.141507759509393,7.4,56.0,0,Android,65.29930112427833,23.8,1,1,1,0,2,0
3352,24,Male,Africa,Upper-Mid,Bachelor,Student,3.46,58,376,57,272,4.0,8.832251739919991,4.037406426137096,6.0,6.0,1.0,9.0,56.0,0,iPhone,62.0,20.7,1,0,3,0,3,3
3353,27,Male,Asia,Lower-Mid,PhD,Part-time/Shift,9.81,175,433,213,83,2.0,7.961984983954308,1.0,8.0,12.0,3.17755350722702,6.418568102444702,11.0,0,iPhone,69.0,47.2,1,1,2,3,2,3
3354,23,Male,Africa,High,Bachelor,Unemployed_Looking,7.34,180,437,39,63,4.0,6.113022441226351,2.122593664572153,3.0,11.0,6.913429441305229,1.8,23.0,0,Laptop,66.0,41.6,1,0,0,0,4,1
3355,29,Male,Africa,Upper-Mid,Bachelor,Unemployed_Looking,5.72,107,48,139,111,1.0,7.305248977988007,2.799560305033215,4.0,1.0,10.0,0.3,52.0,0,Laptop,59.0,22.4,1,0,3,0,4,1
3356,14,Female,Africa,Lower-Mid,High School,Student,6.79,163,153,145,23,3.0,7.213978649961123,2.93954315997575,4.320856538614349,3.0,7.912165159153101,10.0,74.0,0,Laptop,63.0,30.8,0,0,2,1,3,1
3357,30,Female,North America,Upper-Mid,High School,Unemployed_Looking,7.12,146,597,111,149,1.0,4.188412100851923,1.0,5.763556852508767,8.0,8.07292251978289,7.4,0.0,0,Android,66.0,42.9,0,4,3,1,4,0
3358,25,Female,North America,Upper-Mid,Bachelor,Student,4.86,83,496,401,204,4.0,6.457408291583103,2.998247846161698,4.482737351722628,4.0,5.87229985024033,4.6,0.0,0,Tablet,44.0,29.8,0,4,3,0,3,2
3359,35,Female,Europe,Lower-Mid,Master,Caregiver/Home,5.39,110,430,106,120,0.0,8.777463651059314,2.723722511536189,5.14079585228205,5.0,1.4136520374595023,8.7,33.0,0,iPhone,70.0,31.8,0,2,2,2,0,3
3360,32,Male,North America,Low,PhD,Unemployed_Looking,9.78,239,254,133,106,2.0,7.216105232597276,1.0,6.0,14.0,2.0593247874794574,7.2,54.0,0,Android,55.0,48.9,1,4,1,3,4,0
3361,38,Male,Asia,High,High School,Unemployed_Looking,6.87,123,219,107,334,1.0,8.566702410362366,2.8108718879140784,4.0,8.0,1.0,9.5,36.0,0,iPhone,53.0,31.9,1,1,0,1,4,3
3362,13,Male,South America,Low,High School,Student,11.19,307,212,166,184,1.0,5.353765396009227,1.0,15.0,19.0,10.0,3.6,48.0,1,iPhone,65.29930112427833,55.3,1,5,1,1,3,3
3363,27,Female,Asia,Low,Master,Full-time Employee,4.82,109,214,146,0,1.0,6.582132427057026,4.770545344769011,3.929893909998861,4.0,2.2873090504269955,9.8,32.0,0,Tablet,47.0,24.8,0,1,1,2,1,2
3364,31,Female,South America,Lower-Mid,Master,Part-time/Shift,6.66,180,368,94,71,1.0,7.505378886480255,3.7759214379166974,6.139085648959362,5.0,1.0,8.8,54.0,0,iPhone,51.0,39.4,0,5,2,2,2,3
3365,17,Female,Europe,Low,High School,Student,7.05,175,117,61,0,4.0,7.281814593113447,2.0145692052862616,6.8428103855309566,10.0,1.0,8.5,85.0,0,Laptop,58.0,32.0,0,2,1,1,3,1
3366,14,Male,South America,Lower-Mid,High School,Student,10.06,217,263,317,81,5.0,6.754019909556651,3.050804944974898,8.0,11.0,4.790238347825301,9.3,51.0,0,iPhone,85.0,45.4,1,5,2,1,3,3
3367,29,Female,North America,Low,Bachelor,Full-time Employee,11.15,242,125,401,63,2.0,7.888035749505639,1.9092472472366817,9.898112871646411,12.0,1.1134736325495094,7.7,19.0,0,iPhone,60.0,48.7,0,4,1,0,1,3
3368,45,Male,Middle East,Upper-Mid,Master,Part-time/Shift,15.321028152585416,280,305,103,128,5.0,4.735242486961578,1.1765425345192513,16.070219277189665,20.0,9.889036125892046,0.2,61.0,1,Android,67.0,71.1,1,3,3,2,2,0
3369,27,Female,Africa,Upper-Mid,Bachelor,Full-time Employee,14.02,257,625,8,52,3.0,4.706794470809159,1.0118558788838117,16.070219277189665,18.0,9.929688557882658,1.2,7.0,1,iPhone,65.29930112427833,69.0,0,0,3,0,1,3
3370,45,Female,Asia,High,Bachelor,Full-time Employee,6.0,68,820,35,131,2.0,9.201563548558552,1.879030888121339,11.842211042920326,9.0,5.972374770762281,4.8,0.0,0,iPhone,66.0,50.4,0,1,0,0,1,3
3371,28,Male,Europe,Upper-Mid,Bachelor,Full-time Employee,3.53,67,264,97,181,4.0,6.630330717674354,3.0113747563646984,5.0,8.0,1.0,8.7,39.0,0,Laptop,64.0,19.0,1,2,3,0,1,1
3372,48,Female,Europe,Upper-Mid,Bachelor,Unemployed_Looking,7.2,169,259,0,8,3.0,6.7061050019510535,3.009256106859269,6.240998490632836,11.0,6.111749363470409,0.1,67.0,0,Android,53.0,38.4,0,2,3,0,4,0
3373,24,Female,Europe,Low,Bachelor,Student,6.51,136,320,114,26,1.0,7.363718442201679,2.844217238666346,8.823951242735864,0.0,10.0,4.0,58.0,0,iPhone,80.0,32.6,0,2,1,0,3,3
3374,48,Female,Europe,Lower-Mid,Bachelor,Part-time/Shift,3.94,77,133,70,148,4.0,8.613224301262628,4.062796050459708,4.740804039132494,6.0,1.0,9.8,57.0,0,Laptop,83.0,18.8,0,2,2,0,2,1
3375,21,Female,Middle East,Low,High School,Part-time/Shift,7.54,157,437,104,190,1.0,6.187207449332485,1.899486650168782,4.161808303184305,8.0,5.0890016717693225,9.1,50.0,0,Laptop,48.0,40.4,0,3,1,1,2,1
3376,21,Male,Africa,Lower-Mid,Bachelor,Student,6.84,71,106,37,138,7.0,7.503544917012671,3.290257673059814,4.0,12.0,9.63646781249499,1.9,91.0,0,Laptop,55.0,22.9,1,0,2,0,3,1
3377,36,Female,Europe,Lower-Mid,High School,Caregiver/Home,5.79,109,136,167,106,5.0,6.313198053267708,2.1189651627384065,4.107675630491406,0.0,3.8765629444585215,5.0,58.0,0,iPhone,65.29930112427833,25.5,0,2,2,1,0,3
3378,23,Male,Asia,Low,Master,Full-time Employee,8.46,109,130,61,74,4.0,7.316132267116352,1.0319341517841627,2.0,9.0,2.822702848407288,4.7,62.0,0,iPhone,55.0,30.7,1,1,1,2,1,3
3379,26,Female,Europe,Lower-Mid,Bachelor,Part-time/Shift,4.49,81,188,242,166,7.0,8.04499064592274,4.213535063804127,4.377239913316091,0.0,9.680192675072831,7.7,39.0,0,Laptop,70.0,20.2,0,2,2,0,2,1
3380,21,Female,South America,Low,Bachelor,Full-time Employee,9.45,192,820,138,45,4.0,7.145983358992338,1.084992016545007,5.3593832613988726,19.0,3.92184513049568,6.0,0.0,0,Laptop,58.0,67.1,0,5,1,0,1,1
3381,23,Female,North America,Lower-Mid,Bachelor,Full-time Employee,9.14,229,314,128,57,5.0,6.225360275322554,2.126535393576762,5.55670381389409,11.0,8.069960720215612,8.9,53.0,0,Tablet,87.0,46.3,0,4,2,0,1,2
3382,25,Male,Europe,Low,Bachelor,Full-time Employee,6.15,124,307,189,149,5.0,7.873937225016567,4.1573062240024905,3.0,3.0,1.0,8.3,35.0,0,Android,77.0,30.6,1,2,1,0,1,0
3383,31,Male,Asia,Upper-Mid,Master,Full-time Employee,5.14,87,159,30,218,4.0,9.376394564092086,5.0,4.0,2.0,8.040295791630124,6.1,51.0,0,Android,67.0,22.1,1,1,3,2,1,0
3384,13,Male,South America,Lower-Mid,High School,Student,6.21,113,306,248,145,3.0,6.376054814786321,3.952502786245904,0.0,5.0,4.005746852623068,5.7,44.0,0,Android,75.0,28.7,1,5,2,1,3,0
3385,37,Male,Europe,Low,High School,Caregiver/Home,10.2,129,292,232,169,4.0,6.436519371481017,1.9350245824983152,4.0,13.0,3.80139450506094,8.0,41.0,0,Tablet,76.0,36.68415185296776,1,2,1,1,0,2
3386,35,Male,Asia,Upper-Mid,High School,Part-time/Shift,11.77,205,436,232,264,4.0,5.863334318775206,1.0759785368134314,11.0,17.0,4.888610230730944,6.5,10.0,0,Laptop,59.0,55.4,1,1,3,1,2,1
3387,32,Female,Europe,Low,Master,Full-time Employee,6.43,134,109,74,175,3.0,7.180418893933177,2.980383344235769,5.068284138188378,9.0,1.0594778396521511,8.9,79.0,0,Android,57.0,28.3,0,2,1,2,1,0
3388,23,Male,Asia,Lower-Mid,Master,Full-time Employee,4.55,104,301,357,83,1.0,7.120500484909098,2.7756483937490524,1.0,8.0,4.333302550168379,3.1,25.0,0,Android,66.0,25.0,1,1,2,2,1,0
3389,27,Female,Europe,High,Bachelor,Full-time Employee,5.81,113,133,59,271,3.0,8.279581829303611,2.991903691522209,2.2721661718640287,6.0,1.0,8.8,73.0,0,Android,74.0,24.7,0,2,0,0,1,0
3390,14,Male,Africa,Lower-Mid,High School,Student,6.66,170,505,79,218,2.0,7.548174900739078,2.931460547149596,4.0,9.0,2.257543805570512,10.0,33.0,0,iPhone,66.0,40.0,1,0,2,1,3,3
3391,26,Female,Asia,Low,Bachelor,Part-time/Shift,3.86,100,143,375,98,4.0,7.74796955840955,3.004594522827316,7.882583687319288,11.0,1.0,9.5,38.0,0,Tablet,49.0,19.8,0,1,1,0,2,2
3392,24,Female,Middle East,Upper-Mid,Bachelor,Part-time/Shift,14.62,296,367,82,70,1.0,5.44813377611917,2.797204494477449,16.070219277189665,19.0,9.340718391984463,4.5,44.0,1,iPhone,57.0,67.2,0,3,3,0,2,3
3393,49,Female,North America,Low,High School,Part-time/Shift,7.43,177,649,185,130,3.0,6.610478641560551,3.045878061233581,4.877461160900265,4.0,8.068582296914824,8.3,18.0,0,Android,64.0,49.4,0,4,1,1,2,0
3394,23,Female,North America,High,Bachelor,Student,3.68,67,496,239,14,2.0,6.70950803049405,2.8560746215829083,5.898661573739969,5.0,1.0914241167998455,8.2,12.0,0,iPhone,64.0,24.9,0,4,0,0,3,3
3395,29,Female,Europe,Upper-Mid,High School,Full-time Employee,3.77,78,110,194,0,3.0,8.011955922153776,3.975373862511824,7.580329679044741,2.0,10.0,3.2,86.0,0,Android,85.0,16.1,0,2,3,1,1,0
3396,30,Female,Asia,High,Bachelor,Part-time/Shift,4.7,106,565,103,158,3.0,7.260826068593024,3.84081981643894,11.709993174405302,4.0,1.0,8.8,12.0,0,iPhone,51.0,33.4,0,1,0,0,2,3
3397,31,Male,Europe,Low,Bachelor,Full-time Employee,13.97,252,150,124,44,7.0,7.193908153287111,1.2174866740741026,16.070219277189665,17.0,5.614195455184027,2.1,41.59859976662777,0,Laptop,70.0,56.7,1,2,1,0,1,1
3398,22,Female,Middle East,High,Bachelor,Full-time Employee,4.71,80,92,48,237,5.0,8.43219972841449,4.139685536801291,6.394535030613501,3.0,1.7658811535036023,7.5,72.0,0,Laptop,65.29930112427833,17.5,0,3,0,0,1,1
3399,40,Female,Africa,Low,Bachelor,Caregiver/Home,9.42,161,148,187,57,1.0,6.189383881256314,1.8736704780268985,7.025034174755037,11.0,7.168065690745781,9.3,60.0,0,iPhone,88.0,38.5,0,0,1,0,0,3
3400,41,Male,South America,Low,PhD,Part-time/Shift,6.87,197,160,297,136,0.0,6.833112868774805,2.66428495985081,4.0,10.0,1.3951476049548082,9.7,45.0,0,Laptop,61.0,36.6,1,5,1,3,2,1
3401,44,Female,Europe,High,High School,Full-time Employee,6.76,88,463,70,16,5.0,6.516427497205163,3.135537865037676,5.936322151170746,8.0,6.874552227947903,6.1,42.0,0,Laptop,65.29930112427833,36.68415185296776,0,2,0,1,1,1
3402,42,Female,Europe,Lower-Mid,Master,Unemployed_Looking,7.2,90,483,15,128,4.0,8.933457381244715,1.033139122885207,3.717280890399049,11.0,1.0,9.2,28.0,0,Tablet,71.0,36.4,0,2,2,2,4,2
3403,49,Male,Asia,Lower-Mid,Master,Caregiver/Home,8.75,131,286,38,170,4.0,7.300148775531644,1.0995794210875176,2.0,10.0,10.0,2.3,53.0,0,Android,67.0,39.3,1,1,2,2,0,0
3404,14,Male,Middle East,Low,High School,Part-time/Shift,4.41,84,820,124,67,1.0,6.720223675338389,1.0,4.0,5.0,10.0,5.2,41.59859976662777,0,Tablet,64.0,36.9,1,3,1,1,2,2
3405,19,Female,South America,Lower-Mid,Bachelor,Student,7.24,178,123,303,30,4.0,7.252826819626088,2.073428900756267,5.140887758490714,11.0,4.9065446786061,4.1,45.0,1,Android,69.0,32.7,0,5,2,0,3,0
3406,38,Male,Asia,Upper-Mid,PhD,Full-time Employee,7.14,188,252,225,0,7.0,8.433698626499849,3.2588944147783545,1.0,3.0,9.664067186416766,2.1,63.0,0,Android,41.0,39.2,1,1,3,3,1,0
3407,38,Female,Asia,Lower-Mid,Master,Full-time Employee,12.4,233,456,382,297,1.0,6.780607110257202,1.8234229887889424,10.83602480716895,13.0,6.239711169807709,7.2,0.0,0,Android,72.0,59.7,0,1,2,2,1,0
3408,17,Male,North America,Low,High School,Part-time/Shift,8.93,188,522,274,212,7.0,6.300525838446961,1.295025501743591,4.0,21.0,9.6180118861512,0.0,7.0,0,iPhone,66.0,47.7,1,4,1,1,2,3
3409,28,Male,South America,Low,Bachelor,Part-time/Shift,10.56,155,354,91,190,6.0,5.70358975132332,1.1991053518242782,9.0,12.0,6.516105848308596,7.7,50.0,0,Laptop,63.0,45.6,1,5,1,0,2,1
3410,21,Female,Middle East,Lower-Mid,Bachelor,Part-time/Shift,6.65,106,271,125,144,3.0,6.35306788937043,1.995930967054604,8.653185578539576,5.0,7.038616091124192,9.3,48.0,0,Tablet,85.0,28.7,0,3,2,0,2,2
3411,19,Male,North America,Low,Bachelor,Student,3.04,51,487,83,60,4.0,9.596697677530344,3.054107655053041,1.0,6.0,1.0,9.1,36.0,1,Laptop,58.0,21.5,1,4,1,0,3,1
3412,22,Female,North America,Low,Bachelor,Part-time/Shift,6.4,128,190,161,152,1.0,7.777169241542009,2.8056307724437834,8.771042602673504,6.0,7.152629170923266,7.7,55.0,0,Android,61.0,28.7,0,4,1,0,2,0
3413,21,Female,Europe,Upper-Mid,Bachelor,Full-time Employee,10.3,216,527,214,102,4.0,7.224525961229281,1.0341041916367557,13.029804680336571,14.0,8.823940839115702,2.5,21.0,1,Android,85.0,53.3,0,2,3,0,1,0
3414,34,Female,North America,High,Master,Full-time Employee,5.09,69,452,202,116,3.0,7.184087294366758,3.9759202942284015,0.5613744165132739,1.0,6.953872848062447,9.5,21.0,0,iPhone,57.0,28.5,0,4,0,2,1,3
3415,22,Male,Asia,Lower-Mid,High School,Student,5.37,146,277,124,63,0.0,7.427394183559767,1.7434886213581635,3.0,9.0,5.312909765961607,9.2,57.0,0,Android,59.0,30.0,1,1,2,1,3,0
3416,28,Male,North America,Upper-Mid,Master,Full-time Employee,3.78,69,213,164,247,3.0,7.009960151979117,2.922583270737104,6.0,0.0,1.0,2.9,47.0,0,Android,64.0,18.5,1,4,3,2,1,0
3417,39,Male,Europe,Lower-Mid,Bachelor,Unemployed_Looking,6.58,96,524,100,70,2.0,6.432904243066141,1.874682169248508,2.0,12.0,3.1969343748147345,8.1,9.0,0,iPhone,73.0,36.1,1,2,2,0,4,3
3418,28,Male,Africa,Upper-Mid,High School,Part-time/Shift,6.4,142,478,49,102,3.0,6.600265034994643,1.0,2.0,11.0,2.0550705254759296,8.7,38.0,0,iPhone,67.0,37.6,1,0,3,1,2,3
3419,15,Female,Africa,Lower-Mid,High School,Student,7.16,151,507,68,18,2.0,8.280347181025169,2.890163460005337,7.968670133885593,10.0,1.0,8.2,17.0,0,iPhone,52.0,40.1,0,0,2,1,3,3
3420,37,Male,Africa,Lower-Mid,Bachelor,Part-time/Shift,7.65,79,447,401,211,5.0,8.247517180518921,1.1021930516919496,1.0,11.0,3.8309173550908766,9.6,15.0,0,Tablet,60.0,35.4,1,0,2,0,2,2
3421,32,Male,Asia,Upper-Mid,High School,Full-time Employee,5.67,95,213,113,108,3.0,6.926599955603924,3.0105795321401976,7.0,10.0,8.062739920071827,4.6,64.0,0,Tablet,59.0,25.7,1,1,3,1,1,2
3422,22,Female,South America,Low,Bachelor,Unemployed_Looking,6.76,104,72,401,334,2.0,6.799491080433404,1.925792080032211,9.404540590641222,4.0,4.117507037173928,3.0,40.0,0,Tablet,64.0,36.68415185296776,0,5,1,0,4,2
3423,44,Male,South America,Lower-Mid,PhD,Caregiver/Home,7.09,84,250,38,3,6.0,7.595733144208497,2.1655568773531906,4.0,13.0,1.0,9.8,38.0,0,Android,69.0,29.9,1,5,2,3,0,0
3424,13,Female,Asia,Low,High School,Student,6.96,159,217,82,128,2.0,5.6685313689909576,1.0,5.103328643310142,10.0,1.1590171685059292,9.8,75.0,0,Tablet,69.0,32.3,0,1,1,1,3,2
3425,32,Male,South America,High,High School,Full-time Employee,4.06,91,64,7,169,5.0,8.551813409519573,4.163735490897069,2.0,2.0,1.0,9.3,83.0,0,Android,47.0,18.1,1,5,0,1,1,0
3426,32,Female,Asia,Upper-Mid,Master,Unemployed_Looking,3.63,95,175,401,145,6.0,7.594800561049104,2.2029288895232075,5.266446650594768,10.0,1.0,9.4,30.0,0,Laptop,76.0,19.5,0,1,3,2,4,1
3427,25,Female,South America,Upper-Mid,Master,Unemployed_Looking,10.13,151,173,79,26,4.0,7.249171723883247,2.0155141420976155,9.500016799612135,15.0,3.911221279124971,9.1,48.0,0,Tablet,68.0,39.2,0,5,3,2,4,2
3428,21,Female,Africa,Low,Bachelor,Part-time/Shift,14.17,267,415,352,217,2.0,3.8742382921262744,1.8375355547421368,13.377265670910996,14.0,10.0,2.6,5.0,1,Laptop,79.0,64.1,0,0,1,0,2,1
3429,18,Female,North America,Low,High School,Part-time/Shift,6.09,55,279,39,175,1.0,7.802274890917966,1.8549844656265364,4.652351240199753,11.0,1.0,9.5,45.0,1,Android,69.0,23.5,0,4,1,1,2,0
3430,33,Female,Africa,Upper-Mid,Master,Full-time Employee,5.69,112,146,280,69,3.0,7.079962168664185,3.017176032155384,5.941176824032016,10.0,1.1053544545672165,9.6,50.0,0,Android,76.0,25.2,0,0,3,2,1,0
3431,25,Female,Europe,Low,Bachelor,Full-time Employee,11.79,251,163,165,74,3.0,5.874721316929475,2.9616429947974323,10.2290523880734,8.0,5.080225475061608,7.1,64.0,0,Laptop,70.0,51.3,0,2,1,0,1,1
3432,30,Female,Africa,Lower-Mid,PhD,Full-time Employee,10.49,194,321,121,90,6.0,6.839364905683988,1.250001184757743,5.0,13.0,4.8501117058302885,1.3,50.0,0,iPhone,78.0,47.6,0,0,2,3,1,3
3433,19,Female,Europe,Low,Bachelor,Student,3.85,141,264,294,51,3.0,8.302656273282073,2.8237798482468675,3.058513859014417,6.0,5.190707340473687,9.9,52.0,0,Tablet,70.0,25.1,0,2,1,0,3,2
3434,34,Male,Africa,Upper-Mid,Master,Full-time Employee,8.33,171,264,97,173,3.0,7.20641405987917,1.0384181072765966,3.0,12.0,1.0,9.6,47.0,0,iPhone,64.0,39.9,1,0,3,2,1,3
3435,38,Male,Asia,Low,Master,Unemployed_Looking,8.51,176,256,286,61,5.0,7.214475524311182,3.123962421670792,10.0,17.0,6.746699188624066,3.0,49.0,0,Laptop,88.0,40.2,1,1,1,2,4,1
3436,28,Male,Asia,Lower-Mid,Master,Full-time Employee,7.94,160,142,347,30,3.0,7.1902492637674325,3.979129202781109,3.0,5.0,2.015656114935194,9.2,61.0,0,Android,74.0,34.0,1,1,2,2,1,0
3437,36,Female,South America,Upper-Mid,Master,Full-time Employee,6.76,73,319,108,202,5.0,5.668760950769612,3.1157837757513525,4.7033422521233215,8.0,10.0,1.9,42.0,1,Laptop,71.0,36.68415185296776,0,5,3,2,1,1
3438,18,Female,Europe,Lower-Mid,Bachelor,Full-time Employee,8.89,156,88,81,0,2.0,6.877801875108893,1.0,4.019291259246846,13.0,2.018243851056149,8.1,61.0,0,Android,52.0,34.2,0,2,2,0,1,0
3439,21,Male,Africa,Upper-Mid,High School,Student,3.29,94,820,84,109,4.0,10.21321255783944,2.998888437140116,9.0,4.0,5.89312351105379,6.9,0.0,0,Tablet,52.0,43.9,1,0,3,1,3,2
3440,33,Female,Europe,Upper-Mid,Master,Full-time Employee,6.26,230,367,243,72,5.0,8.519308033680504,3.205532678264993,5.305980774504375,4.0,9.71123849188772,5.5,33.0,0,Laptop,68.0,42.3,0,2,3,2,1,1
3441,28,Male,Asia,High,Bachelor,Part-time/Shift,8.35,220,584,126,48,1.0,6.280445050378352,1.832084633594874,3.0,15.0,4.260286325633366,5.5,0.0,0,Android,66.0,51.5,1,1,0,0,2,0
3442,22,Female,Asia,Upper-Mid,Bachelor,Full-time Employee,4.9,88,348,174,145,1.0,8.261708313064906,3.8434042983435264,5.876407736403338,5.0,2.1540899342915862,8.7,46.0,0,Tablet,59.0,25.9,0,1,3,0,1,2
3443,34,Female,Asia,Upper-Mid,Bachelor,Full-time Employee,7.88,54,523,276,113,5.0,6.661294533672123,1.115349433768205,3.3077206432492194,10.0,4.815553702260442,4.0,11.0,0,Tablet,66.0,35.4,0,1,3,0,1,2
3444,27,Male,Asia,Lower-Mid,Master,Part-time/Shift,6.36,183,190,273,102,0.0,5.892774856882581,2.6669754840560413,4.0,8.0,1.200810461930686,3.1,48.0,1,Tablet,81.0,33.2,1,1,2,2,2,2
3445,17,Male,Europe,Lower-Mid,High School,Part-time/Shift,3.27,69,137,221,189,3.0,6.582362257527446,5.0,4.0,0.0,2.0866891535519256,8.0,63.0,1,iPhone,72.0,14.2,1,2,2,1,2,3
3446,18,Female,Europe,Low,Bachelor,Student,4.18,55,502,87,0,1.0,9.556203141242255,3.827841505107085,9.436265335785098,1.0,6.348092837120614,9.0,23.0,0,Tablet,54.0,25.0,0,2,1,0,3,2
3447,20,Female,Asia,Upper-Mid,Bachelor,Full-time Employee,11.13,175,686,30,1,2.0,5.497425774260545,1.0,14.107154642102302,13.0,9.113076868709088,4.3,18.0,1,Tablet,64.0,56.3,0,1,3,0,1,2
3448,28,Female,North America,Lower-Mid,Bachelor,Full-time Employee,4.64,103,331,177,142,6.0,6.955411853721293,3.202005489520624,9.86895752202282,1.0,6.706930525392065,8.5,30.0,0,Tablet,57.0,26.7,0,4,2,0,1,2
3449,43,Female,Europe,High,High School,Unemployed_Looking,11.38,235,470,142,150,2.0,8.059831804315982,1.0,15.41995019922936,8.0,5.13071978001566,2.5,15.0,0,Tablet,61.0,58.6,0,2,0,1,4,2
3450,29,Male,Asia,Upper-Mid,Master,Full-time Employee,7.65,156,290,91,117,5.0,7.348598544866459,3.201214073766666,1.0,6.0,1.0,9.5,41.59859976662777,0,Tablet,61.0,37.2,1,1,3,2,1,2
3451,28,Female,Asia,Upper-Mid,Bachelor,Unemployed_Looking,12.5,163,79,323,219,6.0,6.2411264422538935,1.3072890137562814,16.070219277189665,16.0,8.714687359000807,2.0,66.0,0,iPhone,60.0,43.9,0,1,3,0,4,3
3452,20,Male,Europe,Lower-Mid,Bachelor,Student,2.78,115,651,154,84,4.0,8.332037040196822,5.0,2.0,2.0,5.992215998410599,3.1,41.59859976662777,0,Tablet,52.0,30.9,1,2,2,0,3,2
3453,31,Female,Europe,Low,Bachelor,Full-time Employee,6.49,179,382,29,177,3.0,7.319665971093471,2.934402499898279,9.225798249347136,11.0,1.0,9.4,56.0,0,Android,64.0,38.9,0,2,1,0,1,0
3454,28,Female,Asia,High,Bachelor,Unemployed_Looking,9.2,242,186,36,63,0.0,6.403884581472926,1.0,10.286953245401548,16.0,1.291692376932812,9.3,71.0,0,Android,59.0,45.5,0,1,0,0,4,0
3455,23,Female,Asia,Lower-Mid,Master,Full-time Employee,2.96,80,304,219,106,4.0,7.320176258563724,4.039223990029359,10.28082828994615,2.0,4.906020362794199,6.9,21.0,0,Tablet,41.0,20.2,0,1,2,2,1,2
3456,44,Female,Africa,Lower-Mid,Bachelor,Part-time/Shift,9.38,182,359,238,0,2.0,6.533534835766282,1.9221188724144165,4.316479619624124,12.0,8.215921914388144,4.6,10.0,0,Tablet,86.0,46.0,0,0,2,0,2,2
3457,35,Female,Europe,Low,Master,Part-time/Shift,1.71,34,820,247,0,2.0,7.405970230637981,2.8791919324254387,12.213416400411068,0.0,1.0,8.7,0.0,0,Tablet,76.0,27.7,0,2,1,2,2,2
3458,50,Female,Europe,Lower-Mid,Bachelor,Full-time Employee,13.34,110,268,79,142,4.0,6.322077647021614,1.1301257192484837,15.030835780864289,17.0,6.773108939668497,7.0,52.0,0,Tablet,61.0,36.68415185296776,0,2,2,0,1,2
3459,24,Male,South America,High,Bachelor,Student,6.16,117,718,167,125,0.0,8.607272986681785,2.697411968698325,4.0,2.0,10.0,9.0,0.0,1,Tablet,65.0,40.8,1,5,0,0,3,2
3460,20,Female,Africa,Lower-Mid,Bachelor,Part-time/Shift,13.47,312,125,350,200,1.0,5.669373740492008,1.0,16.070219277189665,21.0,8.290012929488816,3.2,51.0,1,Android,53.0,59.5,0,0,2,0,2,0
3461,20,Male,South America,Low,Bachelor,Student,5.68,114,276,401,97,4.0,9.98276878196152,4.027489919826286,3.0,4.0,1.0,5.6,9.0,0,Tablet,82.0,27.3,1,5,1,0,3,2
3462,17,Female,Asia,Low,High School,Student,13.51,316,820,96,48,5.0,6.359907405360752,1.1177343338636123,16.070219277189665,22.5,9.777961699757496,0.0,0.0,1,Laptop,84.0,72.54999999999998,0,1,1,1,3,1
3463,22,Female,Middle East,Upper-Mid,Bachelor,Unemployed_Looking,4.73,75,584,401,67,6.0,8.758151225205193,3.1910915227933803,9.521823789203957,10.0,9.656925540218849,2.3,0.0,0,Tablet,67.0,30.1,0,3,3,0,4,2
3464,22,Male,Africa,High,Bachelor,Full-time Employee,14.58,245,740,57,154,4.0,4.508021602307413,1.0888554216425637,16.070219277189665,18.0,9.861412623068588,3.0,1.0,1,Tablet,75.0,71.6,1,0,0,0,1,2
3465,26,Male,North America,Upper-Mid,Bachelor,Full-time Employee,6.06,144,370,115,147,4.0,8.193891958110054,3.0978431740845864,4.0,6.0,2.9862463078645107,8.0,39.0,0,Laptop,67.0,34.0,1,4,3,0,1,1
3466,22,Male,Asia,Low,Bachelor,Unemployed_Looking,12.59,254,684,151,124,1.0,4.451984490226645,1.0,12.0,13.0,10.0,1.9,3.0,1,Laptop,52.0,66.9,1,1,1,0,4,1
3467,25,Female,Africa,Low,Master,Part-time/Shift,10.77,224,271,120,0,4.0,5.6590191153449085,3.0465258450006294,12.244943660283008,13.0,5.909524813301475,7.2,41.0,0,Android,61.0,49.6,0,0,1,2,2,0
3468,24,Male,North America,Upper-Mid,Master,Student,2.48,60,194,123,73,3.0,7.806497849888233,3.979049376291216,6.0,0.0,1.0,9.4,53.0,0,Laptop,66.0,13.8,1,4,3,2,3,1
3469,20,Female,Middle East,Low,Bachelor,Student,4.82,78,510,318,135,3.0,7.12003400549817,3.016926453164106,2.7711210660698136,8.0,9.920856382273056,3.0,0.0,0,Laptop,60.0,28.7,0,3,1,0,3,1
3470,32,Female,Africa,High,PhD,Full-time Employee,6.76,185,152,42,18,2.0,7.6654698032444655,2.938621310504757,9.736761746051757,10.0,10.0,6.418568102444702,85.0,0,Android,63.0,36.68415185296776,0,0,0,3,1,0
3471,23,Female,Africa,Low,Bachelor,Part-time/Shift,8.82,211,297,69,88,4.0,5.454952892705854,1.917411236770216,9.682031978716797,12.0,9.88918062444226,2.9,51.0,1,Laptop,64.0,44.2,0,0,1,0,2,1
3472,41,Female,South America,Low,Bachelor,Full-time Employee,9.17,168,268,0,105,2.0,7.67787747716499,1.0,11.921046405131474,6.0,5.158867564907825,6.8,60.0,0,Tablet,64.0,36.68415185296776,0,5,1,0,1,2
3473,22,Male,Asia,Low,Bachelor,Student,6.55,180,125,243,127,3.0,6.869883197342621,2.9608274351691604,5.0,2.0,4.916633429961073,9.4,60.0,0,Laptop,66.0,31.7,1,1,1,0,3,1
3474,20,Male,Asia,Lower-Mid,High School,Student,10.52,161,79,401,61,5.0,6.3943269094205935,1.1652722901409591,6.0,16.0,6.764898627786614,4.2,32.0,0,Laptop,54.0,38.5,1,1,2,1,3,1
3475,30,Female,Africa,Low,Bachelor,Full-time Employee,10.09,170,507,30,0,0.0,7.528917893789146,1.0,10.326898245907287,12.0,8.417305105187786,8.9,41.59859976662777,1,Laptop,58.0,49.9,0,0,1,0,1,1
3476,25,Male,Middle East,High,Bachelor,Full-time Employee,7.66,132,572,105,183,4.0,6.174693444951885,2.0878841873853573,4.0,10.0,4.137748358683767,5.7,13.0,0,Android,65.29930112427833,42.3,1,3,0,0,1,0
3477,34,Female,Europe,Upper-Mid,Bachelor,Full-time Employee,5.84,152,330,103,18,1.0,9.019164601979746,1.7583380489960907,10.100608075280164,7.0,5.09220793145195,8.6,53.0,0,Laptop,75.0,33.7,0,2,3,0,1,1
3478,40,Male,Africa,Lower-Mid,Bachelor,Unemployed_Looking,7.38,91,143,324,55,2.0,8.724848398993323,1.905158456917416,4.0,10.0,4.127703734851011,9.3,28.0,0,Laptop,44.0,28.8,1,0,2,0,4,1
3479,39,Male,South America,Low,High School,Caregiver/Home,3.15,42,386,15,0,4.0,8.246525685242206,3.0969353010104177,5.0,0.0,1.9637490900676229,9.6,36.0,0,Tablet,77.0,19.8,1,5,1,1,0,2
3480,18,Male,Europe,Low,Bachelor,Full-time Employee,10.22,218,260,159,84,6.0,6.748552206773725,2.137975162065502,10.0,18.0,1.0,7.4,45.0,0,Android,79.0,46.4,1,2,1,0,1,0
3481,41,Male,Africa,High,Bachelor,Unemployed_Looking,4.1,75,269,178,219,6.0,10.27437498205128,4.337376478941854,5.0,1.0,9.78570268491765,2.6,19.0,0,Tablet,65.29930112427833,22.5,1,0,0,0,4,2
3482,17,Female,Europe,Lower-Mid,High School,Student,2.36,98,168,203,121,3.0,7.281747087250658,4.0315846713844605,2.287962404317028,1.0,1.0,9.9,53.0,1,iPhone,41.0,16.2,0,2,2,1,3,3
3483,21,Female,South America,Upper-Mid,Bachelor,Student,14.58,306,201,155,0,5.0,6.113388880187091,1.131877327057933,16.070219277189665,22.5,4.836561596904463,4.8,71.0,0,Android,61.0,63.4,0,5,3,0,3,0
3484,34,Male,Europe,Low,Bachelor,Unemployed_Looking,4.41,126,311,105,5,3.0,9.033451912406733,2.930619969379196,2.0,3.0,5.995513747985285,1.6,36.0,0,Laptop,64.0,27.9,1,2,1,0,4,1
3485,24,Female,Africa,High,Master,Full-time Employee,8.3,201,194,97,116,1.0,7.566610861680544,2.803516830033933,5.5337296048276245,11.0,1.0,6.418568102444702,49.0,0,iPhone,55.0,39.9,0,0,0,2,1,3
3486,30,Female,North America,Low,Master,Full-time Employee,14.4,296,121,80,4,3.0,5.649636775735597,1.9762304927217016,16.070219277189665,16.0,7.983170340102306,5.8,61.0,1,Laptop,60.0,61.0,0,4,1,2,1,1
3487,23,Female,North America,High,Bachelor,Part-time/Shift,4.05,17,179,25,0,7.0,7.798914693696467,5.0,7.13791929144922,4.0,9.583078164126189,1.9,75.0,0,Laptop,80.0,12.9,0,4,0,0,2,1
3488,24,Male,North America,Upper-Mid,Master,Student,5.11,94,187,401,100,4.0,7.250420375816232,4.126958060810894,5.0,1.0,5.006421765215915,9.3,24.0,0,Android,72.0,22.5,1,4,3,2,3,0
3489,30,Male,North America,Upper-Mid,Master,Full-time Employee,12.34,295,83,401,48,6.0,7.215712279458586,1.1878893820592669,15.0,21.0,9.635497833230692,1.1,38.0,1,iPhone,65.29930112427833,55.1,1,4,3,2,1,3
3490,28,Female,Europe,Upper-Mid,Bachelor,Full-time Employee,12.42,276,404,116,184,2.0,3.8877521249854072,1.0,16.070219277189665,19.0,5.149292363015251,3.4,26.0,0,Android,49.0,61.9,0,2,3,0,1,0
3491,33,Female,South America,High,Master,Full-time Employee,12.88,189,637,50,151,0.0,4.737015758282804,1.0,12.385680544391295,19.0,10.0,4.4,17.0,1,Laptop,62.0,61.6,0,5,0,2,1,1
3492,26,Female,Africa,Low,Master,Full-time Employee,4.68,72,558,152,124,4.0,6.721676528517516,3.031244982621629,4.536671837249764,0.0,1.8437319655258169,9.7,14.0,0,Android,63.0,29.5,0,0,1,2,1,0
3493,24,Female,Asia,High,Master,Student,14.13,246,356,78,86,3.0,9.047193755893586,1.0,16.070219277189665,20.0,9.067850002416415,1.2,58.0,1,Tablet,70.0,61.2,0,1,0,2,3,2
3494,21,Female,Europe,Upper-Mid,High School,Part-time/Shift,11.8,306,820,207,84,3.0,5.711699186930027,1.0066034992915749,7.242675392668168,18.0,9.958023699582256,0.8,0.0,0,Android,60.0,72.54999999999998,0,2,3,1,2,0
3495,42,Female,Europe,High,Bachelor,Full-time Employee,6.97,139,198,319,43,5.0,6.554284420516647,1.09414803810142,3.6276308190705855,10.0,9.780687949541228,0.0,22.0,0,Laptop,70.0,32.7,0,2,0,0,1,1
3496,15,Female,Africa,Low,High School,Part-time/Shift,6.41,119,308,111,11,3.0,6.128897819163009,2.950000789940539,4.772861629138385,9.0,7.076726412508989,2.4,59.0,0,Laptop,84.0,29.6,0,0,1,1,2,1
3497,28,Female,Europe,High,Bachelor,Part-time/Shift,4.21,55,415,136,155,4.0,6.699823349093172,3.12495285011707,5.520823825685742,2.0,1.0,8.9,27.0,1,Laptop,73.0,23.2,0,2,0,0,2,1
3498,44,Female,Europe,Lower-Mid,Bachelor,Part-time/Shift,11.51,146,119,41,206,6.0,6.590077028624971,2.2697897365128115,8.518051275046894,11.0,1.78356829181543,7.6,56.0,0,Android,65.0,42.4,0,2,2,0,2,0
3499,29,Female,North America,Low,Master,Full-time Employee,5.13,63,180,182,153,2.0,9.626065953481994,4.902578591996995,4.2386546646938825,8.0,10.0,2.8,52.0,0,Laptop,63.0,20.5,0,4,1,2,1,1
3500,27,Male,Middle East,Low,Bachelor,Full-time Employee,4.03,87,197,158,200,2.0,6.546424601837341,4.780323473483341,2.0,5.0,1.178647007428125,8.4,58.0,0,Laptop,61.0,20.2,1,3,1,0,1,1
3501,24,Female,North America,Low,Bachelor,Full-time Employee,5.592118413699481,114,350,184,112,4.051093593672892,7.05419992931404,3.744854016920774,4.757218768519405,7.71338318604296,1.4333355322535006,9.806440175585111,16.25354708989173,0,iPhone,70.82534526390178,29.67064563773041,0,4,1,0,1,3
3502,23,Female,Europe,Low,Bachelor,Unemployed_Looking,5.524380950745546,95,757,180,66,2.709043898763305,7.007133409261984,3.760044316353071,9.27280009152672,5.925581949955441,9.50046322249127,5.964464429350809,0.4984131259338962,1,Tablet,60.64226004874502,38.15306642612676,0,2,1,0,4,2
3503,24,Male,Asia,High,Bachelor,Student,5.590272826232569,95,198,25,140,4.816819289362151,7.987326783500132,3.947140129875733,2.019768542121423,2.754394156333481,2.11902819727447,7.888396957802421,78.57284406961777,0,Android,74.44212375394628,24.093870599170558,1,1,0,0,3,0
3504,21,Female,Asia,Low,Bachelor,Part-time/Shift,5.1155942432962975,94,127,378,132,3.5058224712934045,7.807172467344772,3.055597505912748,9.809553846175993,7.037433661073146,7.398168876858145,5.6601970223973215,27.79563141161061,0,Tablet,66.16248412920457,20.207293760232368,0,1,1,0,2,2
3505,26,Male,Europe,Upper-Mid,Bachelor,Full-time Employee,7.659940980733648,170,228,117,73,3.98748487863174,7.524782490188461,3.5952816914355705,10.017381675760175,8.080829210716843,4.030410987043351,2.810056767459515,58.92980915480291,0,iPhone,66.24915060395594,36.0059157924331,1,2,3,0,1,3
3506,22,Female,South America,Lower-Mid,High School,Unemployed_Looking,9.900554887192945,211,241,46,298,0.7722725210531263,8.673295016976851,1.6079856263508971,10.444991664092043,8.364777856906537,2.897006358845452,7.0149820722138205,51.59762610080465,0,Laptop,52.82382318461861,45.78539959385889,0,5,2,1,4,1
3507,23,Male,Africa,Low,Bachelor,Part-time/Shift,6.177932139153321,195,170,196,96,3.3082592163248825,5.620388662249575,3.07772179362196,6.367708983722212,4.590056861115052,3.202076556269468,7.559726846116021,43.82374306608933,0,Laptop,67.27743979317022,33.93918326549624,1,0,1,0,2,1
3508,27,Female,Europe,Upper-Mid,Bachelor,Full-time Employee,4.543528134765298,114,242,168,156,0.4552943566633357,9.384831883067235,2.8708224267007307,5.454510089627398,3.2331250268620138,1.0,7.347846349346002,46.00833036051019,0,Android,79.66473675598445,24.673812881572044,0,2,3,0,1,0
3509,18,Male,North America,Upper-Mid,High School,Full-time Employee,4.218598775658517,113,125,166,128,0.046423506527833,6.76494415287745,4.142170168392954,4.447865164118881,3.191288806922484,1.1530439156613208,9.14618183067032,63.29175808603844,0,Android,61.56969775055002,20.83360902932517,1,4,3,1,1,0
3510,26,Female,North America,Upper-Mid,High School,Student,4.556900129621395,76,289,137,155,4.664126211800334,7.730554755418526,3.943996987868564,5.39466594629977,1.373926675532264,3.5465446414393447,9.212489932643376,43.19002406075307,0,Tablet,62.12412201215274,23.09885487127241,0,4,3,1,3,2
3511,19,Female,Europe,High,High School,Student,2.461535968767968,93,179,197,126,3.2299637945433406,7.355677313205208,4.095670153456445,2.89572379434206,1.5773122032766398,1.601688869286252,9.262542788055915,51.115543017767166,0,iPhone,41.0,16.607567281713546,0,2,0,1,3,3
3512,23,Male,Asia,Lower-Mid,High School,Full-time Employee,5.504630626546411,149,272,119,83,0.9990534748777242,7.449183715552164,1.7920446165823578,3.2863440664747907,8.673042474922955,4.542661571467184,9.250079270309042,60.290822564536136,0,Android,58.29178841029993,29.722554963628387,1,1,2,1,1,0
3513,29,Male,South America,Low,Bachelor,Unemployed_Looking,6.595433585061466,95,615,94,4,2.0434316210688026,7.72845317680083,1.894096594990185,3.1536220944053968,7.384845812936306,1.493422540716103,7.746217794270486,7.32411608191877,0,Android,70.1110093449895,36.85859389063579,1,5,1,0,4,0
3514,18,Female,Europe,Lower-Mid,High School,Student,5.583799353536644,127,241,111,193,4.46752302404068,6.61960709242168,2.860576751010921,9.002650102103672,9.0378413618681,3.841858045491333,7.076698857505689,59.33625574486192,0,iPhone,65.22700688158243,27.69092721622198,0,2,2,1,3,3
3515,24,Female,North America,Upper-Mid,Bachelor,Full-time Employee,4.681696853736639,79,340,370,204,4.614860687964657,7.144862935372017,3.6631656997781663,4.846372018872458,3.359112536038646,4.2306896055617,3.697605098394535,23.997013966348675,0,Tablet,52.73230799211792,25.40798453918639,0,4,3,0,1,2
3516,39,Female,North America,Lower-Mid,Master,Caregiver/Home,4.203312221380209,86,209,119,262,5.454887292426352,7.026746321530941,3.954825850708699,7.245464622987221,1.369511658844665,2.6478488621771845,9.331515659268016,50.47825668367526,0,Tablet,68.24600647733752,21.54884617147484,0,4,2,2,0,2
3517,35,Male,Africa,Upper-Mid,Bachelor,Full-time Employee,7.587844808711235,128,482,189,138,2.9039745554872107,6.431569878693247,2.3511575066244594,2.737740943609009,12.65819008421012,7.172904986682011,2.8433556848216,20.93546175287494,0,Tablet,66.10616024062972,39.76138098079939,1,0,3,0,1,2
3518,21,Male,South America,Low,High School,Student,6.657106171713266,133,177,158,1,3.0565555475292543,8.16063331577258,3.6799093121905466,5.172883710706214,11.14133659938222,4.76338990728044,9.098033157273562,51.52715364504551,0,Tablet,61.389210172623805,29.42123963805267,1,5,1,1,3,2
3519,19,Male,Middle East,Low,Bachelor,Full-time Employee,7.961210007878565,192,124,143,174,4.962361073896412,8.634574609588396,2.093704978567408,5.996328619903343,15.022628052902306,3.789996078068613,9.013599702949373,63.90419412643256,1,iPhone,59.03832682682688,35.94234701724382,1,3,1,0,1,3
3520,37,Male,Asia,High,Master,Part-time/Shift,4.14356348106204,84,242,184,284,1.947773024045014,9.61646020424606,2.6181124799135427,7.893818273004469,5.499233877810477,6.303221560900856,6.424472892494468,41.604068039424426,0,iPhone,51.789310462168,22.478083179398517,1,1,0,2,2,3
3521,17,Male,North America,Lower-Mid,High School,Student,7.388622465627032,150,168,154,131,4.849458882020576,8.248732746043254,3.229197447469227,3.814233962014069,6.994955846402979,9.660059886396995,0.1612476414985242,79.62414018935138,1,Laptop,68.45992215774474,31.735518524107416,1,4,2,1,3,1
3522,35,Female,Europe,Upper-Mid,Bachelor,Part-time/Shift,9.400611834510944,218,355,401,181,5.571620288527667,5.8579200137116505,2.649004529194245,7.448756712775695,10.736322313495732,3.96129991074039,7.472799283581679,27.190131888382812,0,iPhone,63.48776445038286,48.55622881039088,0,2,3,0,2,3
3523,29,Male,Europe,Low,Master,Full-time Employee,2.7986619218037325,61,443,233,27,3.151616367021707,9.828175098560914,3.000733722902793,5.360576569373775,0.0498004952373391,5.707330664585472,4.524309837663799,27.825856415159517,0,Tablet,59.632832215419626,22.003935996325588,1,2,1,2,1,2
3524,32,Male,South America,Lower-Mid,Bachelor,Full-time Employee,6.976837024599552,125,175,109,153,0.5386654155672339,7.41767370790173,2.710406194928019,4.3293527310079245,6.619261718636725,2.7332163318978497,7.4858089131884125,63.64182328706128,0,Android,63.22548700778896,29.47528179257949,1,5,2,0,1,0
3525,15,Male,Europe,Low,High School,Student,7.867011387034275,267,346,89,96,5.019862505442847,5.7436400838125525,2.9848709398213207,7.104710540684062,11.498036075235415,3.50603525154565,6.744452869663421,34.759663721667614,0,iPhone,67.78727941106955,46.7951135904385,1,2,1,1,3,3
3526,43,Male,South America,Low,Bachelor,Full-time Employee,7.380437266435772,90,375,166,238,3.3791154549098086,6.308878276872348,3.1124272705735416,3.8818268542758623,5.351986988888648,8.460607666784053,3.6216753223743616,33.31296966348793,1,Laptop,71.31737197071,33.88863575544396,1,5,1,0,1,1
3527,19,Female,Asia,Low,Bachelor,Student,5.287470560574578,118,640,107,71,4.154803262844737,8.553410793687279,3.92772065536638,4.097118142888069,7.330092052380287,4.8540861280688565,5.032459721183171,20.645159427482756,0,Android,61.35310091222504,36.95327779196926,0,1,1,0,3,0
3528,28,Male,Middle East,Upper-Mid,High School,Part-time/Shift,6.445063573623915,148,632,114,87,5.022774656742706,8.132733909445772,4.119256425496845,2.901007242399124,8.055354055159597,8.815798050142183,9.22532147035692,18.860058181751587,1,iPhone,63.20070300008364,42.62530074504704,1,3,3,1,2,3
3529,36,Male,Europe,High,High School,Full-time Employee,7.490989926750797,109,295,267,118,3.528325327356124,6.456678284558376,2.718756082215801,0.8868739022666576,12.331270646428129,7.870055605674658,5.141370516540663,35.27982491878447,0,iPhone,68.87956145227679,32.9122439908162,1,2,0,1,1,3
3530,30,Female,Asia,Upper-Mid,PhD,Full-time Employee,8.677596480153339,194,353,150,73,3.030726317908129,8.453590840720002,1.6092591745919964,9.824584466568409,11.881592873514338,6.468023522066494,2.840285008677508,31.51735671274385,0,Tablet,68.98693292878986,44.67434539176801,0,1,3,3,1,2
3531,29,Male,Asia,High,Master,Student,4.623409223348424,105,267,164,273,3.5091791733046573,9.360818217129337,2.741821948464412,4.775407778505375,5.213291062111095,6.61167752357409,7.085962059223354,46.09032588879167,0,iPhone,57.30955394043249,25.75756704995548,1,1,0,2,3,3
3532,31,Male,North America,Low,Master,Full-time Employee,8.746285135261736,186,250,179,175,3.847630897036665,7.894669556732078,2.5971581330227305,6.999478885091833,9.39536305288357,3.5347094063397537,5.226561130365606,48.99232112388447,0,Tablet,75.98284055144994,40.83803918633707,1,4,1,2,1,2
3533,34,Female,Middle East,Low,Master,Part-time/Shift,6.21363713441858,145,251,144,94,1.9517211485505888,7.672489702964592,2.028574921324088,9.81190113062508,8.602381364635033,3.3998463536782406,5.035382203808286,42.87346272702222,0,Tablet,56.80922017082257,31.618611531361104,0,3,1,2,2,2
3534,43,Female,Europe,Low,Bachelor,Full-time Employee,13.636508583358488,172,199,139,87,3.559825818810477,6.810137290408339,1.7225930594295975,14.17291637750152,18.196126955555396,9.862288461213334,0.4589156659847812,46.89213565899392,1,iPhone,69.15876562662812,51.51346922999932,0,2,1,0,1,3
3535,44,Female,Asia,Low,PhD,Part-time/Shift,7.239251884135351,94,263,401,0,2.9986042588514343,5.003392303891873,1.9910891414570824,8.006483568087786,6.142231158865833,1.989382562698924,9.331701567758428,29.043289220479537,0,Laptop,66.3364817527682,32.30162012184828,0,1,1,3,2,1
3536,35,Male,Europe,High,High School,Unemployed_Looking,14.996848314388195,289,439,41,91,3.752621744518162,6.02134981711328,1.0628130254861203,16.070219277189665,22.5,8.719582400319956,2.2181036736595825,33.31490714159494,1,Laptop,58.542288892043054,71.02727146261566,1,2,0,1,4,1
3537,33,Female,South America,Upper-Mid,High School,Full-time Employee,5.541407656479472,120,262,213,34,4.428540135199653,7.667278424668506,3.591945648974141,10.612961925543582,7.679434128807666,1.8643996312789843,9.345896560935143,44.60781393485732,0,Tablet,56.889654870796655,28.59104636746818,0,5,3,1,1,2
3538,27,Female,South America,Upper-Mid,PhD,Full-time Employee,8.34069681298605,151,289,258,56,1.2870233510168332,7.330270461632528,2.532718678667897,6.238586003222676,15.197601194793895,1.755127709466343,6.907908651180255,50.44183057909883,1,iPhone,57.52832270965485,38.70572884202905,0,5,3,3,1,3
3539,27,Male,Europe,Low,High School,Full-time Employee,9.199234224451889,137,206,110,65,2.0159345553034487,5.41068338994737,1.28821326661005,3.0850634839628954,9.68844252526052,4.349580504620739,1.3934243984020698,49.26654720132022,0,Android,69.44026049858866,36.149703711165536,1,2,1,1,1,0
3540,25,Female,Middle East,Lower-Mid,Bachelor,Full-time Employee,11.306642629307053,206,391,401,134,2.3281173476051835,6.908808201451742,2.059524161176664,13.37305298939771,14.689495911949797,4.631131090381702,3.808405792473315,7.550047434608212,0,Android,50.0126872922898,53.07485527368964,0,3,2,0,1,0
3541,18,Female,Asia,Lower-Mid,Bachelor,Full-time Employee,6.077807697885166,96,75,246,0,0.0743310626634463,7.751343126959191,3.6645639599994047,4.661363010624676,10.980542711731902,1.1919112418165363,8.179356294851747,35.60780595732401,0,Laptop,50.09110930297676,21.858191704401825,0,1,2,0,1,1
3542,36,Female,Asia,Low,Bachelor,Unemployed_Looking,4.369268271207469,90,114,43,52,3.000252945850815,9.358898574976951,3.384466916492964,8.294372930150983,5.723911289311025,5.509434626059783,2.912406224767929,68.83491403154514,0,Android,65.61981185149203,20.18726487997291,0,1,1,0,4,0
3543,39,Female,North America,High,Bachelor,Full-time Employee,4.07621400267233,82,494,168,147,0.4539209545424826,8.620841875901771,2.789724668666393,2.5252951622437783,5.126289751750833,1.1163929485180668,9.59105493366505,2.5399682205223013,0,iPhone,56.723194623183375,29.15610501813985,0,4,0,0,1,3
3544,28,Male,Europe,Low,Bachelor,Full-time Employee,5.964500643710283,122,501,62,218,1.0294404290955317,7.099074075485205,1.7320746817070205,2.1011835827837686,12.997508816336977,10.0,3.8322473333984473,37.06206818949504,1,iPhone,60.93054686902025,35.51615611179154,1,2,1,0,1,3
3545,50,Male,South America,Low,Master,Full-time Employee,6.51341209449759,139,216,53,131,2.8079152410789443,7.955783379489802,2.215211509522946,5.109641293983013,7.679863935641786,1.9991038609160132,7.229294524932444,62.84781781184491,0,Tablet,60.79215053525993,32.61607747157481,1,5,1,2,1,2
3546,31,Female,Middle East,High,Bachelor,Part-time/Shift,4.5787470306046725,81,375,74,154,4.463499932541913,7.714294273213803,4.052896582404092,3.434744695341214,3.038071862839543,1.9244172662366277,8.06847542482973,40.14915925402062,0,iPhone,67.99050992167436,25.743964657038937,0,3,0,0,2,3
3547,20,Male,North America,Lower-Mid,Bachelor,Student,5.758976238388812,136,147,193,13,5.022154490593742,7.536266914501215,3.701504230142772,3.193998616277223,3.6049356048332433,2.7823599425887333,8.801754351181122,66.84937531858078,0,Android,58.9090774925521,27.093309481852533,1,4,2,0,3,0
3548,23,Female,Europe,Upper-Mid,Master,Full-time Employee,7.402096006833335,165,73,79,36,6.932643244228001,8.013255116888176,2.3842805772679827,9.288208346666709,8.683599954511264,3.442403370666107,1.5128077606937893,64.76799943218839,0,Laptop,73.90368766234694,30.74358749552873,0,2,3,2,1,1
3549,42,Male,North America,Upper-Mid,Master,Part-time/Shift,6.55713849739031,157,284,145,0,4.46598379469738,9.037614412263324,2.868374464021944,0.8867226115217425,7.2381605092804335,4.648370630488419,4.134441051385081,55.10421013404395,0,Tablet,62.73963943487051,35.160116762175775,1,4,3,2,2,2
3550,22,Male,Asia,Upper-Mid,Master,Full-time Employee,10.03343208742108,186,310,88,148,4.85749981969385,5.791749953724348,2.886447924989011,8.115182008834179,7.500697374112549,5.8992814169225625,5.610956933357231,52.12264821125732,0,Laptop,75.26475346134542,44.68222550889465,1,1,3,2,1,1
3551,29,Male,Africa,High,High School,Unemployed_Looking,5.421330981598128,98,651,68,114,3.5090478534889864,8.906277761360027,2.406148971808553,4.407197811989912,1.4875855261255508,4.980066892515375,9.261135561637222,33.223134274027295,0,Laptop,67.0695511967887,35.91300257222031,1,0,0,1,4,1
3552,25,Male,Middle East,Upper-Mid,Bachelor,Student,7.402379591752745,166,636,131,106,3.857293914436568,8.111823825090333,3.0209925838555907,5.371872139436028,10.295664689800446,8.630934624115397,6.939958256156705,19.05654948166301,1,iPhone,71.91044407075033,45.39914444045782,1,3,3,0,3,3
3553,29,Male,Europe,High,Bachelor,Unemployed_Looking,6.791965010571319,139,433,107,236,2.7380427211971785,7.000200448367822,3.6562977624358273,4.788064319664327,9.690711087768408,9.801878316747027,7.316560671990577,19.8036968003683,1,iPhone,62.49383066096523,37.01654367435708,1,2,0,0,4,3
3554,22,Female,Africa,Lower-Mid,Master,Student,7.185588215004466,144,283,60,109,3.71930613307026,8.290843950960005,2.7701870293142385,6.425333213741815,9.133184222705037,1.1381638770923177,9.46554670113979,49.4530542521992,0,Android,74.93534310863727,33.94157517333745,0,0,2,2,3,0
3555,19,Female,Europe,Low,Bachelor,Student,4.313513270604247,57,499,82,8,1.1747491441068263,9.519398571694015,3.811259135322425,9.47993836421429,1.4594324143150788,6.316652283121607,8.951749467111467,25.225481937061403,0,Tablet,54.2761316890335,25.23111009882609,0,2,1,0,3,2
3556,29,Male,Middle East,High,Bachelor,Part-time/Shift,9.99105146211426,286,343,87,127,3.976826547589232,6.712996724737033,1.5444049981738126,8.042767180342315,10.483866285616289,4.2121345704119975,3.9188821836353696,45.50958985773146,0,Tablet,59.279777359600686,54.69038151195964,1,3,0,0,2,2
3557,23,Female,Europe,Upper-Mid,Bachelor,Full-time Employee,4.951562455824267,99,291,115,124,1.7893962032048187,7.537091699766479,3.3058269327298637,8.635388858950769,4.593067006259814,3.5820931555624087,9.548845439901148,54.89091708376111,0,Tablet,77.50966217129763,25.323428660801063,0,2,3,0,1,2
3558,34,Female,Africa,High,Master,Full-time Employee,5.752982747173477,70,275,166,133,3.039830634704054,6.351462824398943,2.017184585910653,7.264074417488159,3.426779287396098,7.924955382879935,9.57198808344636,36.92852992003835,0,iPhone,68.52890119747408,25.68348592423824,0,0,0,2,1,3
3559,27,Male,South America,Low,High School,Student,9.201807710108964,215,199,136,54,4.240212642969768,6.790282406292011,2.644234996923011,6.057203058276499,9.972099118417011,3.278988551365861,7.493807354953847,63.78464200804643,0,Tablet,66.29851178028534,43.15649566632883,1,5,1,1,3,2
3560,13,Male,North America,Lower-Mid,High School,Student,8.4186692567287,188,145,57,134,1.9881711317595183,6.740926131776606,1.891447443747704,7.583527725209621,11.989932773995996,5.009965867753948,5.420174654202572,68.65624565243019,0,Android,58.428511681205954,36.75630158627871,1,4,2,1,3,0
3561,31,Female,North America,Upper-Mid,Bachelor,Full-time Employee,10.594613408006127,244,135,148,12,6.007029135367126,5.342387054343441,1.389232758622703,8.699446945227686,12.708877983000862,6.39129571338566,6.151054249440004,67.16143985003954,0,Laptop,63.84420037735968,48.14910683229393,0,4,3,0,1,1
3562,34,Male,North America,Lower-Mid,Bachelor,Full-time Employee,7.45087724110268,135,145,304,91,3.7003159115282833,6.734363047493891,3.3422234756483697,3.346317903561264,5.192594545205912,4.5710832537535095,7.410005581567934,41.025763927593786,0,Android,58.35211191059791,31.60835355215081,1,4,2,0,1,0
3563,21,Female,Asia,Low,High School,Student,4.14198355502331,101,305,186,72,4.54195538063396,7.619842830706058,3.230968534998416,4.622007537840295,8.455978774191427,1.1825158443746648,9.555311603460805,38.44369758058839,0,Laptop,75.2347296710018,23.62467789645444,0,1,1,1,3,1
3564,34,Female,North America,Low,Master,Part-time/Shift,5.820869148551894,110,115,251,114,3.6966447328155896,7.071377701481053,3.70178257002028,3.7280034209317208,5.766897891270417,3.969035530634748,7.001953650506398,62.54811870321356,0,Android,59.90876291348732,24.73510138141854,0,4,1,2,2,0
3565,23,Female,Africa,High,Bachelor,Part-time/Shift,4.639655891710948,98,276,138,27,3.6636632541264538,6.636836468156272,3.361807913112709,8.358117975164834,3.527301405593724,4.833900130615753,9.1968908138709,45.95939951308985,0,Android,74.39139972752271,23.755363368656788,0,0,0,0,2,0
3566,23,Female,Europe,Upper-Mid,High School,Student,9.314493296824716,189,154,104,65,3.692902258230419,6.929020500320286,2.719517385099166,10.357853561011575,11.948455944983502,5.347734310307061,8.022558030319928,74.45101109940755,0,Tablet,61.96060004406189,39.542157494030775,0,2,3,1,3,2
3567,22,Male,Middle East,Low,Bachelor,Student,9.773611756236663,268,230,123,93,4.737424524957457,6.669871795760709,2.0091700179766576,13.100938233156816,16.24394574962474,7.8488292486109374,2.06556396474674,54.11167127243905,1,Android,61.98804122797301,49.47967026618685,1,3,1,0,3,0
3568,43,Male,Europe,Lower-Mid,Bachelor,Caregiver/Home,3.825785498725084,81,232,135,38,1.961144338856848,8.669737234839497,2.839311850765591,2.162543372446638,6.422824712437152,1.233176793166229,6.601142981602054,42.31493569941829,0,Android,52.02081684956152,22.4143508517826,1,2,2,0,0,0
3569,28,Female,Europe,Upper-Mid,Master,Full-time Employee,5.439404388833263,121,314,130,125,0.6430705419962703,7.698645466384025,3.444212899111061,5.983202436058252,3.994523079562845,3.742760595729864,8.588303854572148,41.624215896245246,0,iPhone,58.63997685326941,29.770251558275376,0,2,3,2,1,3
3570,45,Female,North America,Low,Master,Full-time Employee,4.487545740954161,69,184,195,32,3.2039037764281995,7.635539559709658,3.113028783191665,5.103089246238881,2.995492530073515,4.6436774233740925,8.285821400088658,38.960334992504905,0,iPhone,64.86941450891376,20.94828463106686,0,4,1,2,1,3
3571,21,Female,Europe,Low,Bachelor,Full-time Employee,6.695931564545996,134,288,103,181,6.351563315519361,6.776323004340302,3.282821523245208,5.690271506325184,11.568327805441523,5.770032514541099,9.056632113065348,31.267017150576347,0,Tablet,64.38195927698948,31.60754320896456,0,2,1,0,1,2
3572,24,Female,Asia,Low,Bachelor,Full-time Employee,11.188724457629888,202,504,178,198,0.8591009959008401,7.040193341911783,1.5721026237265383,8.927179588141975,14.74918481152566,7.943601516361367,9.18773035995817,23.52019018543024,0,Android,62.02752025574985,54.1509026376048,0,1,1,0,1,0
3573,22,Male,South America,Upper-Mid,High School,Part-time/Shift,9.415746328302172,157,237,81,141,2.490674048186066,5.821876028680936,1.0391223624036217,8.246847977513344,16.940418533024292,4.793234332627671,6.351611485799245,53.90497458716511,1,iPhone,70.09567057625179,39.43315060403608,1,5,3,1,2,3
3574,24,Male,North America,Upper-Mid,Bachelor,Full-time Employee,9.980769672060685,217,364,110,121,4.610191052632191,6.825302728263524,3.0796234956564823,10.65591052372054,14.610323799563034,2.241157781250992,4.649303690748113,48.274166657903706,0,Laptop,60.944023274180935,49.24932122036896,1,4,3,0,1,1
3575,18,Female,Africa,Low,High School,Full-time Employee,11.096855804904386,217,115,169,79,3.312159164955634,7.119343927590116,1.3006907830402104,8.72545729269507,20.40917372800365,4.470316732171056,9.547927725342085,67.12001302458758,1,Android,60.037547839079686,44.6823999640773,0,0,1,1,1,0
3576,29,Male,North America,Lower-Mid,Master,Part-time/Shift,9.414116654957713,115,151,81,123,3.532573104382166,7.189309521840197,1.511497943020607,3.595007481038589,13.779322337288871,4.969495825591715,8.716862679050582,68.65198282190067,0,iPhone,71.78263939481295,34.44664040757112,1,4,2,2,2,3
3577,39,Female,Middle East,Upper-Mid,Master,Caregiver/Home,7.238498554131586,207,112,371,182,1.9117717609417144,8.186155099301356,2.791376225361776,5.77640965528806,11.623761714853122,9.925949844265247,3.2039510293692453,39.07463306839472,1,Laptop,74.11191056694138,36.94879677683282,0,3,3,2,0,1
3578,26,Male,Africa,Low,Bachelor,Full-time Employee,7.200640573781415,157,303,138,47,3.801675870471622,7.367691063146623,3.6270867897687498,2.8830745031356675,7.348565193159781,4.685100365104057,7.837194257940891,44.59997508293076,0,iPhone,60.02715185812687,36.411263764716885,1,0,1,0,1,3
3579,25,Male,Asia,High,Bachelor,Unemployed_Looking,7.726002164888374,145,221,356,87,4.614439939103727,8.422142181950894,1.2797589620205752,4.546363064685039,12.79434948725236,1.0,8.76285503482806,31.906448180808685,0,Android,63.52259474852409,34.12683202167088,1,1,0,0,4,0
3580,31,Female,Africa,Lower-Mid,High School,Student,9.719997937778032,164,394,248,109,1.6199559382620785,6.334270614786484,2.291452459732188,9.300760448206256,13.35911340078662,4.308533044794774,5.333396601251902,30.474408210162284,0,Laptop,50.8452310010571,45.1549076831217,0,0,2,1,3,1
3581,21,Female,Africa,Low,Bachelor,Full-time Employee,4.839165949342016,135,279,376,90,4.01132964413263,8.16343155509763,2.488062403148416,6.561166227482838,4.900024286820851,1.8710155629649523,9.238129285959554,28.49862534213945,0,iPhone,58.4144232604451,27.15949214844831,0,0,1,0,1,3
3582,31,Female,South America,Low,High School,Full-time Employee,9.512603417313024,227,647,104,129,2.862327748246929,7.268388414421063,2.0184697792709074,11.176792420894618,13.631597147788018,3.7652465539353783,5.6986452757120665,16.69443802633253,0,Tablet,68.0879420218395,56.50038555489267,0,5,1,1,1,2
3583,21,Male,Asia,Lower-Mid,High School,Part-time/Shift,8.097141443874575,119,133,152,94,4.171067462190616,8.527219249061277,2.1225981332826653,5.3658577481946255,11.325946554864176,1.878756772136096,7.4161806049778045,57.12702990900778,0,Laptop,74.94832726633317,30.05656756502292,1,1,2,1,2,1
3584,39,Female,North America,High,PhD,Part-time/Shift,6.883357273740463,117,244,43,219,5.770408111811997,6.90185887501327,2.514884302528612,5.826779063930326,11.15471247803763,3.447387482013657,9.067358105729856,59.73014039290481,0,Android,62.7738667092419,31.424352912347626,0,4,0,3,2,0
3585,15,Female,Europe,Low,High School,Student,6.328583638363644,282,181,147,211,1.889721539273185,6.073562330428953,1.2284949499613942,9.07578741289992,11.96506603938023,1.4648167551754374,9.55928576932726,81.07113642962341,0,iPhone,55.4192236276703,36.39356169397706,0,2,1,1,3,3
3586,18,Male,Africa,Lower-Mid,Bachelor,Part-time/Shift,5.563178771201606,113,233,131,187,4.2252385823012055,8.914473772505813,3.6673599160214727,1.4450054184365908,3.3642161461195945,2.447828992642836,9.07156015422446,62.47012968345748,0,iPhone,59.56574652939685,26.57269337701261,1,0,2,0,2,3
3587,30,Male,Asia,Lower-Mid,Master,Full-time Employee,3.8741624247845903,105,199,121,132,2.834642608774625,7.727080481478024,3.856044218763949,5.547533118752836,1.0785845578608386,7.907600233889054,7.492453642671518,75.3494548576225,0,Tablet,54.45268313559398,21.936719142718548,1,1,2,2,1,2
3588,31,Female,North America,Upper-Mid,High School,Full-time Employee,4.973712672810196,132,294,110,118,0.964995786680658,7.247845534782776,3.8089114458763538,6.466865596672398,7.418152075251208,1.934562693473104,9.22831831019284,53.14818144226626,0,iPhone,56.03560627588083,29.54400407016548,0,4,3,1,1,3
3589,20,Female,Europe,Lower-Mid,Bachelor,Full-time Employee,3.691040808773657,100,212,104,136,6.982026700671611,7.603236160989083,3.2774456159962453,8.845937710849766,2.3785291855997133,1.0,8.490223852002673,73.56830136853327,0,Android,70.40025037158469,19.448335379999584,0,2,2,0,1,0
3590,33,Female,Europe,Lower-Mid,PhD,Part-time/Shift,10.70773081070652,231,273,299,88,1.993627573806938,7.119243266763241,1.881674104100014,10.93369866444272,13.149272292710986,8.955868690876255,5.278527449893704,26.291007123793023,1,Tablet,70.0903915023963,50.2172469788958,0,2,2,3,2,2
3591,29,Female,Middle East,High,Master,Full-time Employee,11.412104616296464,158,349,91,300,4.863951027043336,7.116148444001051,3.082866127472679,15.927197098009378,17.761633574953958,4.125371705164591,5.272097313566568,38.07291173770303,1,Tablet,56.03471847513029,48.02025594380275,0,3,0,2,1,2
3592,25,Male,Asia,Upper-Mid,Master,Student,5.949985510334626,122,373,192,105,1.533004843048653,7.470140249193608,2.442275111495912,4.408669754362299,11.945178034688857,1.5707958864227023,9.83667762651826,29.59814538503677,0,Android,69.05206387473825,32.35228028618089,1,1,3,2,3,0
3593,44,Male,Europe,Low,Master,Unemployed_Looking,8.466222868455894,156,199,104,120,5.406433944720412,8.25574062524089,1.178804345484782,7.238963161831869,13.373741615908536,1.0,5.918045018755065,55.85511137805388,0,Android,60.2389787557759,38.17497904570253,1,2,1,2,4,0
3594,20,Male,Europe,Upper-Mid,Bachelor,Part-time/Shift,10.43908872192766,162,265,76,71,0.4422977737099924,6.431869486077819,1.2942885745335604,14.43066575218512,18.34803376459325,6.325670961944743,7.513527430019018,59.35259877846617,1,Android,63.65424275222983,42.27575659458631,1,2,3,0,2,0
3595,37,Female,Europe,High,Bachelor,Part-time/Shift,4.2757139722514905,64,131,185,283,0.0,9.313247428265802,2.57391916626685,5.971041264323573,4.4311084249300166,1.0168750099748625,8.30505100283412,52.26335171629684,0,iPhone,70.81265379754929,17.99051728462452,0,2,0,0,2,3
3596,31,Female,Asia,Lower-Mid,Master,Full-time Employee,6.338728859258837,111,288,101,86,2.5859770335992907,6.1077627855517855,3.2850945159875438,2.7504143187397854,8.808998450925223,2.1357177644958814,9.274283764272267,47.12192934131825,0,Tablet,57.55414375437657,29.86835997214297,0,1,2,2,1,2
3597,21,Female,South America,Low,Bachelor,Full-time Employee,14.389920704067585,252,611,146,104,4.270635779269829,6.761560448626327,1.7728543671428922,16.070219277189665,16.61265013410132,6.962520755616719,4.426640461871194,9.595143938522783,1,Tablet,75.37612933914272,68.27327672423785,0,5,1,0,1,2
3598,38,Female,North America,Low,Bachelor,Caregiver/Home,11.910708184998263,228,425,279,132,3.4263844749766483,4.69906159616133,2.0862555627076733,14.194457314435503,11.519621032139158,3.1745286249211446,2.2743179470833805,30.16872706501332,0,Laptop,68.14994243323174,58.19721893918823,0,4,1,0,0,1
3599,13,Male,Europe,Low,High School,Student,6.249008782784358,161,109,299,218,4.991764651598963,6.6709858536506905,2.158574471234396,2.844202485215991,11.73567672114408,1.036188503539126,9.570732124227035,61.32000884962761,0,iPhone,46.28924654922928,28.67112284948624,1,2,1,1,3,3
3600,29,Male,Asia,Upper-Mid,Master,Student,6.87394245932265,131,787,162,151,1.5824959181053055,7.912803405284639,2.808574705442496,1.856598170978704,5.253075567260319,4.234589970058251,5.181327386148765,20.123307267505105,0,Tablet,69.53990006186105,45.46119018206053,1,1,3,2,3,2
3601,33,Female,Middle East,Lower-Mid,PhD,Full-time Employee,8.761760733068995,136,341,284,79,5.010543074661539,7.1519129993437085,2.5784019287793507,7.950080804961274,9.403160222912184,6.435313311261471,7.012551681744344,32.37155498782005,0,Android,66.24535021249574,39.16017689576285,0,3,2,3,1,0
3602,19,Male,Europe,Low,High School,Student,7.849725940835727,83,143,146,1,4.261310671301726,8.436878009051064,3.016261226625622,3.7914941590304174,7.999950090264515,4.843130749182508,9.147743176556816,59.34606404187488,0,Laptop,65.80125846674503,25.83558808360392,1,2,1,1,3,1
3603,15,Male,North America,Low,High School,Full-time Employee,2.684382009935456,92,103,120,154,4.9901452040324905,7.743269671013623,3.189497026999032,3.64116401741639,5.118518662515508,3.562688544511307,9.558588193302286,54.54584214122688,0,iPhone,67.12986879403387,14.218036729290205,1,4,1,1,1,3
3604,22,Female,South America,Upper-Mid,Bachelor,Full-time Employee,4.935070073726375,103,820,246,81,2.1557274173149152,6.240692195154427,3.518044438737538,6.566653437258091,3.0383711200338155,7.566062115094326,2.8683694625469007,7.572756950707793,0,Android,64.81123028439852,42.40441162122425,0,5,3,0,1,0
3605,15,Female,Africa,Lower-Mid,High School,Student,2.881969898552374,94,310,136,9,3.97420712477279,7.661731490382656,2.9677673018811,7.32451424370874,0.2681907861403387,1.0,9.874031578415458,53.21093048032351,0,iPhone,59.34934118273685,19.59530957430378,0,0,2,1,3,3
3606,32,Female,Africa,Upper-Mid,Bachelor,Part-time/Shift,12.682225016731666,184,614,36,88,0.1898744364903863,5.871778596962655,1.0,14.92885919120455,13.638178080902554,3.274057357151034,1.3389693853667053,36.50702648668885,0,iPhone,62.79083339314649,59.87600771470447,0,0,3,0,2,3
3607,24,Male,South America,Upper-Mid,Bachelor,Part-time/Shift,6.88555623558746,125,218,115,96,4.737031826548988,7.667332583440154,4.458236001368174,4.560819690756839,5.1107463131234825,9.443436785011883,3.4381294686894446,64.5386706560014,1,Android,80.31434022088636,30.581627959351312,1,5,3,0,2,0
3608,39,Male,Asia,High,Bachelor,Unemployed_Looking,7.077175937158931,141,547,66,183,4.149959430416106,6.718798907595833,3.7873794465034702,6.810396709908233,6.0611405057998695,6.643474225784733,7.937600922566867,18.770684964837624,0,Tablet,63.37703514148559,42.37376999494593,1,1,0,0,4,2
3609,46,Male,North America,Lower-Mid,High School,Caregiver/Home,8.334891966274345,134,171,74,44,1.833149553407608,6.689576806778506,1.8493780516321885,1.906239528969062,12.8683176875909,4.232322597778152,9.146401836450258,67.64631849892795,0,Tablet,71.95408880691852,33.57862235059484,1,4,2,1,0,2
3610,21,Female,North America,Lower-Mid,High School,Student,4.161998804562582,102,262,142,265,4.553916325708581,8.68492112973394,2.736959620436436,4.193144662663495,4.659008002700814,1.033232120139132,7.62946544832233,50.58319067720951,0,iPhone,63.04205431592941,22.66555870126392,0,4,2,1,3,3
3611,19,Male,North America,Lower-Mid,High School,Student,4.933008532613442,110,251,154,95,4.436045032127982,8.057719698543288,3.74957901633681,3.8579806677729542,4.516529147724113,5.913254016905465,4.973544136724842,54.99375049815366,0,Tablet,60.40340098967766,25.160323339898536,1,4,2,1,3,2
3612,27,Female,Asia,Low,Bachelor,Full-time Employee,3.843039318815369,85,282,56,190,1.89699815881572,7.479179226811751,2.8986114450882523,11.014595500094032,7.634876613732345,4.381816686626562,6.1047919998767535,44.091652251575454,0,Laptop,72.80762044499257,22.861782859860693,0,1,1,0,1,1
3613,20,Male,North America,Lower-Mid,Bachelor,Student,7.184549121761078,127,208,141,3,1.0508825976956917,6.356647010256005,1.0454848803276042,1.1412581263202617,11.152456780949496,1.2937763678164984,8.343675591437158,43.53133916147817,0,Tablet,69.96008809668656,30.475867905908263,1,4,2,0,3,2
3614,26,Female,Africa,Lower-Mid,High School,Full-time Employee,10.088046637665412,183,226,401,115,2.058223174617199,5.490488051909743,1.817253904865081,8.639602471541684,14.024718305129312,7.272800645066331,4.313549376727577,25.272613809294025,0,Laptop,65.94594588503038,42.98932226807734,0,0,2,1,1,1
3615,30,Female,Asia,Lower-Mid,Bachelor,Part-time/Shift,3.988983790712654,98,134,78,144,6.41836472054856,9.0232178014917,4.732794770452979,7.0413790481575145,4.834803901793302,1.0,8.729561517427834,61.148908995696296,0,Tablet,66.94098939234195,24.485314203128773,0,1,2,0,2,2
3616,22,Male,Europe,High,Bachelor,Student,11.327133237594149,194,269,401,181,1.470321219787463,6.988480297727164,2.514576340672912,10.877409313122206,15.99854274695248,10.0,3.0631024446007045,20.427985812672663,1,Laptop,69.71968742106613,48.32491397028828,1,2,0,0,3,1
3617,28,Female,Asia,Low,Bachelor,Full-time Employee,6.7725256760936965,178,264,82,62,5.0390338640408805,7.590632247846933,2.851707418974447,7.407396663490704,8.274017433930863,7.662515073118332,3.943386427856527,47.80778688134412,0,Tablet,53.30007669526982,36.75004748804143,0,1,1,0,1,2
3618,18,Female,South America,Upper-Mid,High School,Student,6.1206922882211385,168,619,119,100,1.955404717017965,7.457410275568269,2.921950014792704,4.1907031302837074,6.1261826965686055,2.4832243058689984,6.680315490651147,32.96740922753732,0,Tablet,58.90666452235188,41.81557904545872,0,5,3,1,3,2
3619,32,Male,Africa,High,Master,Full-time Employee,4.448824793273406,25,130,35,218,4.991129181827207,7.747857593135835,3.328038275003657,4.425841063256772,7.486180576225833,3.5205878928902674,9.735968213609333,64.09560168734112,0,Android,71.8658498370645,14.723211698375968,1,0,0,2,1,0
3620,26,Male,Europe,Upper-Mid,High School,Student,7.185330612774911,134,820,181,164,2.1708757338579314,7.841729652461588,2.992419831077114,2.010486474628096,6.043167919619766,4.989831541442844,2.837703729342812,3.874563930896056,0,Tablet,73.45481027450606,53.55648239121353,1,2,3,1,3,2
3621,19,Female,Africa,Lower-Mid,High School,Student,12.818539021881602,258,820,106,8,1.7508952200968464,5.1528892845160295,2.8586362452743894,16.070219277189665,16.47009827101835,8.936828716022605,5.227323837534579,15.46544527526207,1,Laptop,56.97017765765533,72.54999999999998,0,0,2,1,3,1
3622,25,Male,Europe,Low,High School,Full-time Employee,5.408275746671322,140,191,401,158,5.584666364126931,6.605637371858222,2.1390979322021093,6.288170931090602,8.158650530999026,5.64787378709581,5.516637552960151,29.16100811202157,0,Android,59.638402741135096,27.95017099778946,1,2,1,1,1,0
3623,23,Male,Africa,Lower-Mid,Bachelor,Part-time/Shift,6.0186901545123686,159,271,192,88,6.005206420780413,5.608718256326353,4.251284965303449,1.145980450762481,13.77868307714981,1.1171438217318257,9.58686360605614,42.245234569349655,0,Laptop,81.99478947197375,36.44107450891497,1,0,2,0,2,1
3624,31,Male,Africa,High,Bachelor,Part-time/Shift,5.230943741064236,95,435,199,51,1.54592381155536,8.150727103959044,2.3429659474193745,7.946295063457359,6.474530006405116,9.210435240836178,5.478411373407964,16.88956228393637,1,Tablet,74.46624306895869,30.52873274435329,1,0,0,0,2,2
3625,30,Male,Africa,Upper-Mid,Bachelor,Unemployed_Looking,4.729723490662836,101,169,51,332,2.111556521599414,6.618564008179808,2.8251824091618567,0.2998201599557544,0.2206360844846056,10.0,2.993432665117168,59.03647160942045,1,Android,66.18845437150229,22.72740351774276,1,0,3,0,4,0
3626,31,Male,Middle East,Upper-Mid,Master,Caregiver/Home,7.5972944232176,162,729,110,93,2.7668542210429923,6.08222800019692,2.7881856593027097,5.6277416222305945,8.653027412300212,8.752940197763452,3.947132808339641,17.749679140149066,1,Tablet,62.921708303827934,49.2979410156214,1,3,3,2,0,2
3627,38,Male,North America,Upper-Mid,Bachelor,Caregiver/Home,1.3072453646772584,33,414,251,65,3.999709804610323,8.228298584406911,3.8507717470526823,7.783353116691812,0.0398674438032371,4.020121261586083,7.973033184748272,18.79642130465561,0,Laptop,56.95621555456039,16.280622428331487,1,4,3,0,0,1
3628,39,Female,Africa,Low,Master,Caregiver/Home,13.233304152286154,130,414,36,92,1.0137594397613452,4.990145039832773,1.1280396246878908,16.070219277189665,8.75570752376627,5.825101131422037,3.710833180452493,34.93648163949908,1,Android,47.05830219132808,53.17954956190083,0,0,1,2,0,0
3629,26,Male,Europe,Lower-Mid,High School,Full-time Employee,4.7747220392773615,81,245,246,86,4.188341203111867,6.96568942470894,3.991544394700768,2.413983858740915,4.976465897019583,1.8363986181569796,5.122106439474817,43.9409852706659,0,iPhone,59.73015067687209,22.12743718475511,1,2,2,1,1,3
3630,32,Male,North America,Low,Master,Full-time Employee,5.220758728348271,112,222,187,104,1.605115332110636,7.28525366578394,2.0254892941146103,3.445562430272844,6.671072031646917,1.1342172846673564,9.32169136833633,47.96698699445261,0,Laptop,61.96534849966849,26.77551591038614,1,4,1,2,1,1
3631,34,Male,North America,Upper-Mid,Bachelor,Caregiver/Home,4.104119526714607,77,820,107,43,3.807840630002557,8.874544032521738,3.964767458546672,4.918577830781535,2.1237055436835988,9.682404671785234,2.9710221078838246,1.411585768972924,1,iPhone,59.19177459626146,44.49702324788406,1,4,3,0,0,3
3632,18,Female,South America,Lower-Mid,High School,Full-time Employee,2.4510021003247795,35,206,64,71,4.8485200902333805,9.30164944954791,3.277794570461437,10.644286334485145,6.544141245533563,3.586125012481105,5.515577428172858,60.47397560281633,0,Tablet,67.22007507924073,11.166481959783884,0,5,2,1,1,2
3633,28,Male,Europe,High,Master,Part-time/Shift,6.777523222294179,165,194,104,229,0.1506439449903244,7.580735353724851,1.7443353758317035,0.4044505261613312,6.74718468096486,9.716712951806526,2.8074947767486247,46.18313990670504,1,Tablet,65.71245787873767,33.54757456506974,1,2,0,2,2,2
3634,15,Female,Africa,Lower-Mid,High School,Part-time/Shift,5.999896080974461,96,256,399,148,1.010228711120067,5.950782971038058,3.133609075584023,6.3523446149543625,3.8383784160467136,3.746502851686899,8.160603957940214,35.713980140808296,0,Laptop,68.48549156315288,26.166024060021144,0,0,2,1,2,1
3635,32,Male,North America,Lower-Mid,Master,Part-time/Shift,8.25404751789457,195,113,81,89,0.9791082805280836,6.599625191563983,1.8971373705208876,1.920493148947665,10.78579042244242,9.719854172713957,1.955869324009292,74.56107085052382,1,Laptop,62.11031540311203,37.2343661186272,1,4,2,2,2,1
3636,33,Female,Europe,Low,Bachelor,Full-time Employee,6.142802323822727,177,256,72,124,4.963687701913215,7.328783668880567,4.771311554779639,5.70135229051048,6.339546617171494,1.137383460879387,8.89897637664549,78.55311434997486,0,iPhone,58.98089834747843,35.634144172311395,0,2,1,0,1,3
3637,24,Male,North America,Low,Bachelor,Student,8.727898491931558,206,609,273,75,3.345904606527859,5.53585172980129,1.6416598059947909,8.888351744494448,13.898414578682576,7.296043825551404,8.049542493644186,40.270183055805646,0,iPhone,68.04051726745664,51.74611608532592,1,4,1,0,3,3
3638,19,Female,Asia,Lower-Mid,High School,Student,7.665586058649707,138,611,304,136,4.714054407131696,5.900435372293257,2.8444995860715694,6.24065104166232,12.275005906121388,8.457733049574024,5.171823001562768,12.216406942409897,1,Laptop,69.14493037208987,43.090350107114766,0,1,2,1,3,1
3639,45,Male,Africa,Low,Bachelor,Part-time/Shift,5.34791590061072,84,107,401,22,2.8039318307809564,7.748843025361535,3.535509887066929,2.936940110049997,5.485580084554889,3.5087553720788347,8.426071780845112,48.13401059699695,0,Tablet,58.35908375801152,22.635318265895105,1,0,1,0,2,2
3640,27,Male,Europe,Low,Master,Full-time Employee,6.112255556416005,182,447,356,33,2.0466801094363003,8.326185181231459,3.7832258451731136,4.035158214270244,10.386486028714613,7.742787423110574,9.719110540741791,4.150252668118321,0,Laptop,59.88347375674691,40.90854486318823,1,2,1,2,1,1
3641,28,Female,Africa,Low,Master,Full-time Employee,6.212050497447311,192,333,247,76,4.744564220901871,8.106372555209509,3.680546703635157,5.310032166499329,2.8929821003214693,9.79442204374536,4.4774277327087,37.43175638926377,1,Laptop,64.89178437514275,38.118997693288414,0,0,1,2,1,1
3642,48,Male,Asia,High,High School,Full-time Employee,5.00382282656987,114,235,52,101,3.1683643587935864,7.975444387288077,3.728825707895097,4.585776431665153,4.8858047473820845,3.0876419664961103,8.710281182204037,55.88804657952356,0,iPhone,55.733270497801165,27.714974250685028,1,1,0,1,1,3
3643,15,Male,North America,Lower-Mid,High School,Student,14.79682559132577,314,672,106,88,4.792551502969163,7.172995941152265,1.2835544951811966,16.070219277189665,20.972398067128776,6.916119575465473,2.6166507694530936,2.528168336126033,1,iPhone,88.7462020868471,72.54999999999998,1,4,2,1,3,3
3644,19,Male,Asia,Low,High School,Full-time Employee,5.748907225416513,96,337,290,187,3.5054816232089854,6.658887101293438,3.0531337344469667,3.950057946308532,4.048074885816625,6.503194483848324,8.38209261143276,22.73884764213815,0,Android,66.6403743491771,27.70328184555249,1,1,1,1,1,0
3645,28,Female,Africa,Low,Bachelor,Student,8.913495516840948,175,377,41,2,1.1084487505795244,7.624385620412706,1.7612418673314574,9.584348350805032,8.189327933779241,9.051280437257176,6.374804278221895,46.01173179162841,1,Laptop,64.74679042391905,43.58492235198728,0,0,1,0,3,1
3646,27,Female,North America,Lower-Mid,Bachelor,Full-time Employee,6.087511780409917,105,327,113,91,4.587835466507918,7.282156557292084,2.804641745119313,5.956250561664092,8.553027934238132,1.1494949377133996,9.26885400361191,41.53396959403655,0,iPhone,63.1890676934696,29.99949280140918,0,4,2,0,1,3
3647,35,Male,Africa,Upper-Mid,Bachelor,Full-time Employee,8.256494659846023,180,334,51,167,3.0758951948909816,8.44260060399177,1.021833959533127,4.010798685439441,18.88851032519264,1.1106951082142047,9.031534998320014,61.81847160670099,1,iPhone,49.33579958836416,42.68935920288048,1,0,3,0,1,3
3648,26,Male,North America,Lower-Mid,Bachelor,Unemployed_Looking,6.175380011257709,152,592,115,107,3.54635180875579,7.827204959430021,2.034942325499355,4.6517378353728,1.036658375002816,7.453709963977162,4.70862495300301,13.435407676596292,0,Tablet,71.62438783579105,40.31296922256152,1,4,2,0,4,2
3649,29,Male,South America,Low,Master,Student,8.882369119065725,174,820,94,84,1.690797989668826,6.739594113945103,2.289197901606748,5.463825421192936,14.331086666357477,8.228969472982872,3.993061372309862,43.363852026221885,1,Laptop,58.93287495785757,57.55359131025596,1,5,1,2,3,1
3650,44,Female,North America,Lower-Mid,Master,Full-time Employee,5.067710295992865,66,291,212,3,2.958152403944905,10.00260406813426,3.943533618666857,9.37571731081751,7.913666951833724,4.109280367252389,9.612491068511703,43.9262030501435,0,Laptop,67.67355557171061,24.615396855583928,0,4,2,2,1,1
3651,34,Female,Africa,High,Bachelor,Full-time Employee,7.854812388336482,191,211,60,131,1.8256616452567496,6.4293839938804425,1.0,4.919505836456052,12.356116023290282,1.2549305764796874,9.710594172167191,68.46489525019969,0,Tablet,47.79122567397472,39.42953674360835,0,0,0,0,1,2
3652,32,Female,North America,Upper-Mid,High School,Part-time/Shift,1.9138175590561337,45,140,169,104,2.952788299765204,8.9238859248715,4.756510416414376,9.877468206542313,0.7115294683452676,1.318463725448633,7.618316303925605,73.06555458261137,0,iPhone,64.38280579516324,10.883697500590657,0,4,3,1,2,3
3653,24,Female,Asia,Lower-Mid,Bachelor,Student,7.284910252494971,149,404,226,173,2.337742665258232,8.156251584525492,3.2720357339093185,5.578258791194695,6.268179947069451,5.873845010059688,7.002741000666455,24.895059941705828,0,Android,57.2340717197596,38.79099854089392,0,1,2,0,3,0
3654,18,Male,North America,Lower-Mid,High School,Full-time Employee,11.594110728969344,197,169,66,36,2.734770191434972,6.823532562981759,1.7490099967650772,9.33643741404307,15.13663899582293,4.6176010778120204,4.942171282463719,67.31819533046826,1,Android,71.54968270030422,45.87294888220064,1,4,2,1,1,0
3655,38,Male,Middle East,High,High School,Full-time Employee,3.965498638832924,70,366,75,83,0.8952751047019777,9.688427099439815,3.330384799351348,9.45733742020659,4.641852263824981,4.054859782575615,7.744559736185027,39.87084035042744,0,Laptop,72.93817723506092,24.11583010917389,1,3,0,1,1,1
3656,24,Female,North America,High,Bachelor,Unemployed_Looking,8.493486290008555,193,613,184,75,2.4276763895480538,6.262306919896985,2.89624226901458,7.092261453790526,10.556108752992344,6.991661792196229,5.371226525787237,21.48843128776355,0,iPhone,76.30089212791236,49.940623171556055,0,4,0,0,4,3
3657,30,Female,Middle East,Upper-Mid,High School,Full-time Employee,13.169336666353564,271,491,118,102,3.3121358005984405,4.415389221344108,1.153756341485941,5.6957298674372,13.264865994095745,8.78758488014225,3.252862502964633,19.449483995989965,1,Laptop,64.32644269188552,65.36600309675127,0,3,3,1,1,1
3658,19,Male,Asia,Low,High School,Full-time Employee,8.858996820786746,149,151,119,226,1.602323211387496,7.954169213722779,2.4627430998479456,4.035680832873987,10.067840635989368,2.9303752173339213,6.199504340463482,44.40687239715187,0,Tablet,66.63113401620274,35.02319791885841,1,1,1,1,1,2
3659,24,Male,South America,High,Master,Student,4.768052525334715,87,391,258,81,6.065218967818501,7.382834982802375,4.236667359451225,2.65527619169335,4.13429926780444,3.977112679306918,8.101619918809261,38.80216993862212,0,iPhone,67.94015742429956,26.986090773252748,1,5,0,2,3,3
3660,33,Male,Africa,Low,Bachelor,Part-time/Shift,6.065308624191124,100,383,231,148,1.5944793573510163,8.131816519924184,2.2055907157327312,2.866632423939909,11.899257470190507,3.1848091566573142,5.381697268534671,30.8424419359312,0,Android,73.41831048285572,31.49739648984534,1,0,1,0,2,0
3661,19,Female,North America,Lower-Mid,High School,Student,6.400727768349314,114,820,379,105,4.123419158009827,7.192876278073457,3.5890967321478318,6.196430512158425,6.132897391887893,9.879594497668691,2.121493616334644,20.913243242823665,1,Laptop,72.56135884476656,43.10388405200796,0,4,2,1,3,1
3662,27,Female,Europe,High,Bachelor,Student,3.5938790184718687,82,126,236,112,4.357076167045889,7.307946984672493,3.117447024011376,7.762480764395493,3.424603817050673,1.027946275289436,8.412893031134663,62.210136085676886,0,Laptop,71.1014626869448,16.424086060985328,0,2,0,0,3,1
3663,27,Female,Middle East,Low,Bachelor,Student,7.999442185092859,210,468,312,126,1.3713342852466932,7.566293857378776,2.5517085796046044,10.67153784582429,8.481839773870325,3.675013386406853,5.03649414035833,11.27597150746928,0,Laptop,55.10878765061891,47.264296135972295,0,3,1,0,3,1
3664,31,Female,North America,Lower-Mid,Bachelor,Part-time/Shift,9.20828747212216,205,322,308,25,4.63762084447363,7.099370406308366,2.1571900086667,9.337762587664765,14.889280865951315,4.838689491904759,9.903033986660455,14.18487135927746,0,Tablet,65.022631043203,45.89883221320068,0,4,2,0,2,2
3665,27,Male,North America,Low,Bachelor,Full-time Employee,8.162829514817489,169,235,124,166,4.618206454643558,8.121863596049714,3.370332899612395,2.764087467117244,11.409536631632184,4.05243532222556,6.023139804034112,49.53037897579068,0,Tablet,64.13277463709768,38.00918413879921,1,4,1,0,1,2
3666,33,Female,Asia,Lower-Mid,PhD,Full-time Employee,8.846682939252048,252,194,109,48,6.734077945578557,7.182042411281989,3.027229843186237,8.7043476884599,11.30349649189312,8.308376967512853,5.285043968594327,62.37615018251881,1,Laptop,58.392663599101326,46.51918002463643,0,1,2,3,1,1
3667,22,Male,South America,Lower-Mid,Bachelor,Full-time Employee,4.486894355609014,113,345,401,161,4.616935793546757,8.452334517866271,4.693902102382067,7.2055649383952085,5.562262474862617,3.4430140994363603,8.776173636702964,19.94265644499095,0,Laptop,78.90678842232838,26.63085635601694,1,5,2,0,1,1
3668,30,Male,Africa,Upper-Mid,Bachelor,Full-time Employee,11.53833619711107,282,501,349,93,6.00859229835066,6.823241742727845,2.233455900237252,8.727177512013878,13.978688023562674,9.4730983353274,0.6989180233662421,0.0,1,Android,67.06214485633758,62.83720990117635,1,0,3,0,1,0
3669,28,Female,North America,High,Master,Full-time Employee,9.39166974117019,222,205,162,139,2.077184715525745,7.141217767381884,1.533202718969588,11.25673663477032,10.845387680131203,9.846145586854908,2.260373612002432,49.08100979223551,1,Laptop,55.06059325819035,44.63695512469558,0,4,0,2,1,1
3670,25,Female,North America,Upper-Mid,Bachelor,Part-time/Shift,5.621365862220151,141,581,401,134,4.316359174595361,8.254438479746236,3.0343748514622964,6.219180636635045,12.53447480384993,4.1169468659073,8.177706331832725,0.6718360824331603,0,iPhone,52.70288770934887,38.10078047913734,0,4,3,0,2,3
3671,31,Male,South America,Upper-Mid,High School,Full-time Employee,8.966657705854967,195,820,326,291,1.1189008472052446,6.051289247880488,2.727035405396727,6.802455472647336,10.226472791816963,1.866159434384292,7.160269755541279,7.955310065385212,0,Tablet,71.18008941207654,59.57924589665395,1,5,3,1,1,2
3672,30,Male,North America,Low,Bachelor,Part-time/Shift,5.325617284565304,132,392,46,117,4.178324605970842,9.415142443555142,3.958056561915224,2.4045915370655666,4.6551743265368914,1.0229085862423877,4.949581014766078,44.70033927211039,0,Laptop,64.47320915329357,32.11533158253031,1,4,1,0,2,1
3673,34,Male,South America,Upper-Mid,Master,Full-time Employee,2.6745755136483,51,277,188,250,5.979477983982672,7.955639258365888,4.198023874553035,5.930202010842454,3.7835508305164742,1.083995254301677,8.559996724342675,51.66135327649903,0,Android,68.67512794039374,16.15127709679287,1,5,3,2,1,0
3674,25,Male,Asia,Lower-Mid,High School,Full-time Employee,10.588764912219094,202,210,42,54,2.2265678325368405,7.55077611324718,1.9461186191442297,12.075899018991326,15.162813119972425,6.174473577402932,4.142978729222963,65.14543568905353,1,Tablet,80.07530108532727,44.9821700316315,1,1,2,1,1,2
3675,44,Female,North America,Low,PhD,Full-time Employee,7.269725953365006,103,310,397,121,2.219947637272208,7.216352019928276,2.3077846077715,6.243456543437272,8.375520329337103,4.24528945524027,9.2807659665204,24.562949518460638,0,iPhone,55.95139154447871,33.574386640954955,0,4,1,3,1,3
3676,26,Female,Europe,Upper-Mid,Bachelor,Part-time/Shift,8.04419684079971,173,313,154,69,6.263640954143224,5.807474075052992,1.9781016157435027,10.329505060078624,12.301126150642425,9.737059065679729,4.733900566214253,46.63604715095615,1,Android,61.693064502989536,40.36370957728387,0,2,3,0,2,0
3677,19,Male,South America,Lower-Mid,Bachelor,Part-time/Shift,11.108128723394575,186,275,58,54,4.988911802950194,6.863897735442539,2.22515585932297,11.66626436022608,9.729629993407048,8.634674190058012,2.852142001094477,38.2781125632088,1,Tablet,53.502689216468845,46.58077280749286,1,5,2,0,2,2
3678,25,Male,Asia,Low,High School,Student,4.79483466567884,99,489,171,83,3.5206467910876853,5.978225116242225,3.490668118514107,5.189748708683601,2.454935338156023,6.440143674176526,4.09675208892996,31.274544312690782,0,Tablet,67.67883703817846,30.37213264694805,1,1,1,1,3,2
3679,16,Male,Asia,Low,High School,Full-time Employee,6.265660954994911,109,147,132,179,6.019000798887134,9.004669543296549,3.3045256023056915,2.975803146662924,6.365672981241485,1.0,9.787930324075813,62.14872783785527,0,Tablet,62.95053634540816,24.975641507507195,1,1,1,1,1,2
3680,28,Male,Middle East,Lower-Mid,Master,Student,7.6357233395125155,118,337,146,69,4.152534831270214,8.099749613723715,3.0339873699912867,5.107477602334026,9.763492630069678,4.849309353522509,8.83356514151103,55.59984550981009,0,Android,67.16965649363416,35.22582194762638,1,3,2,2,3,0
3681,24,Female,North America,High,Bachelor,Unemployed_Looking,6.036320906482027,123,205,112,33,2.7343995198427526,8.465143807160706,2.0762010856409314,6.443603397079736,12.052569264688657,9.737594724154173,0.8259561186677057,63.64990557827112,1,Android,57.34527911082049,27.994222356750864,0,4,0,0,4,0
3682,29,Male,Africa,Upper-Mid,High School,Part-time/Shift,7.038089405244774,129,461,60,15,5.972887217988702,7.039684828630898,4.0069794039968505,5.728857569346622,4.408287878699508,8.26203027894348,5.333627854220981,20.557273052180324,1,Laptop,61.34453449495813,37.39043863400166,1,0,3,1,2,1
3683,32,Male,North America,Low,PhD,Unemployed_Looking,9.848002833132146,235,253,135,108,2.0672074174299104,7.216814072437365,1.038464658988581,5.9513959625013015,13.849623236985506,2.0545435437799338,7.098029570714475,53.87072981951305,0,Android,55.01347887813705,48.32779118612301,1,4,1,3,4,0
3684,25,Female,Africa,Lower-Mid,High School,Student,6.774966615557912,127,373,167,83,2.871182791741639,5.133874677711136,1.5698114747977463,6.193963666692536,6.8373781200230255,8.699564621027605,4.3869174560953645,30.470074610556768,1,Android,69.01370585440897,34.203557079951274,0,0,2,1,3,0
3685,21,Male,Europe,Lower-Mid,Bachelor,Student,8.223215428787457,138,217,194,108,4.374476705206103,7.407516202488202,2.0976679798787803,6.428045427229996,9.45571332452656,2.9961697121146518,8.018795808073245,59.15585916774672,0,Tablet,71.91875974020182,34.41261875111534,1,2,2,0,3,2
3686,39,Female,Middle East,Low,Bachelor,Full-time Employee,8.562270548232984,163,296,58,14,2.6457137104625312,7.5194374354886495,2.944390969054571,8.548892133027191,10.88574554460826,4.052412920257349,8.876090317776143,53.54005274919044,0,Android,55.9906718925426,40.86157483513762,0,3,1,0,1,0
3687,20,Male,North America,Low,Bachelor,Full-time Employee,4.573472407713831,116,219,245,131,3.767291686031222,7.772018843854326,3.958629574463057,3.762897322903831,2.2483878949207585,2.41076445685853,9.571177958541108,51.02008261449035,0,Tablet,58.65418152628637,23.73416497428649,1,4,1,0,1,2
3688,28,Male,Asia,Low,Bachelor,Full-time Employee,11.226452328812982,237,279,119,106,2.0326280532514893,5.843530919031121,1.0448848760636718,7.020999848959635,14.695090350506131,6.994969818539398,5.25602777924809,43.94175486085048,0,Android,79.84385552466726,51.68841433980102,1,1,1,0,1,0
3689,28,Female,Middle East,Low,Master,Part-time/Shift,2.663161459033939,59,141,112,154,2.9864912809196227,8.884744175660447,3.226641199124149,9.703654097220316,0.0,2.342730896766458,7.520831976230466,60.33953169917965,0,iPhone,70.22881061207772,12.61642990875325,0,3,1,2,2,3
3690,38,Female,Asia,High,High School,Part-time/Shift,12.276405388625054,201,448,117,0,3.4715495462962958,5.065529580719637,1.0202460449616582,14.292840513867654,16.73838102701827,7.819287692333811,2.303090466344976,29.92877632122344,1,Tablet,65.4506980602625,57.03093314164893,0,1,0,1,2,2
3691,28,Male,North America,Low,Master,Full-time Employee,9.978126147253468,243,96,401,36,4.33709478359053,7.282739608118413,1.907826559903954,11.401678498480711,15.76256396527386,7.166726561605499,3.0679026844161075,47.38220722090856,1,Tablet,60.97488943386568,44.70191500121501,1,4,1,2,1,2
3692,35,Female,North America,Upper-Mid,High School,Full-time Employee,4.74670977096924,19,639,27,41,3.864998325010269,8.341056876842446,3.796159988140852,8.54892914213401,7.836293225733173,6.948665787587168,8.6953736981883,0.8450758941813933,0,Android,69.46084937496859,28.03505846767827,0,4,3,1,1,0
3693,31,Female,Asia,Upper-Mid,PhD,Caregiver/Home,7.357537344672986,109,205,116,39,2.733183234534574,7.227918780588347,3.523197227902749,6.996584236566196,6.866293263816561,1.222663553172305,9.08621627657621,53.89082547345284,0,Laptop,76.96178161116836,30.46246661869417,0,1,3,3,0,1
3694,18,Male,North America,Lower-Mid,Bachelor,Student,8.088849085323455,177,489,104,227,3.303028757724326,7.09898495730102,1.7410655493726337,4.502887677545091,11.663543622262765,9.828482680170428,6.262193733401386,53.8970897216428,1,Android,67.53297134124244,44.23064097110727,1,4,2,0,3,0
3695,34,Female,Europe,Lower-Mid,Master,Caregiver/Home,5.514175646825034,116,421,98,116,0.4526448903695989,8.79043111965884,2.7762589570335923,4.616839034560621,5.346460581774241,1.4148226944157682,8.178535277110733,34.42628891847239,0,iPhone,69.43784742215212,32.20377766811111,0,2,2,2,0,3
3696,23,Male,Africa,Low,High School,Full-time Employee,6.347367369635972,148,302,220,8,3.1981878774027046,7.60880623034938,1.993469804754283,4.1166533455208665,6.321004737028375,2.6438133929815613,7.4409300762655075,38.87419082960832,0,Laptop,74.69531217618868,32.86938300747282,1,0,1,1,1,1
3697,34,Female,Middle East,Low,High School,Full-time Employee,12.540786059085988,234,179,37,44,4.964927181531334,5.109766826516019,3.1125423764067,11.360806540994153,15.27884691462956,7.548469538724154,3.334855924803011,59.28396694500379,1,iPhone,76.64776944052838,52.38270689096444,0,3,1,1,1,3
3698,25,Male,Middle East,Upper-Mid,Bachelor,Student,5.525566347780002,127,640,151,54,1.7793571881153183,6.783238792217835,2.6872008757792933,1.7898465032640314,5.571659877819594,4.505508120840089,5.035480014936612,16.203852565958865,0,Android,70.01099370690913,38.137145438986586,1,3,3,0,3,0
3699,30,Female,North America,Upper-Mid,High School,Unemployed_Looking,9.448255319352509,162,333,205,31,3.960266678028366,6.913190176001299,2.7236242161372908,11.543244577218497,11.94359876781889,8.594158909115228,6.044398549295748,35.923266994864555,1,iPhone,61.58693293305909,43.54178357319608,0,4,3,1,4,3
3700,40,Male,South America,Low,Master,Full-time Employee,7.456387127974581,120,341,198,142,4.150566967804437,9.105017143327842,3.465215400415212,5.311891923405148,6.3884047172101806,1.0574438295143544,7.209228050121258,43.30846823156831,0,Android,63.944849192233306,35.35262792646361,1,5,1,2,1,0
3701,35,Female,Asia,High,Bachelor,Full-time Employee,9.150983485285762,167,317,20,80,4.681291396773955,7.164638277377895,2.622446562424769,9.774358965114477,14.071581131675792,9.163914943683618,3.4426408906911634,45.88191858087642,1,Android,65.2091267952631,42.604370953940176,0,1,0,0,1,0
3702,21,Male,Middle East,Lower-Mid,Bachelor,Full-time Employee,9.047328412964058,163,382,369,82,5.01629304930569,7.836257638853989,1.8097510937035488,6.631520927031997,10.86282252757619,6.9079002101377736,6.550171460329457,27.25098699019854,0,Tablet,65.33122652504102,42.53483237300553,1,3,2,0,1,2
3703,32,Female,North America,Lower-Mid,Master,Unemployed_Looking,8.363766794202576,164,124,321,124,5.692782427612882,7.106611906580188,1.507206976196154,7.839101417412671,11.6923196568483,3.747715703289922,8.246891073422377,57.94750214939597,0,Laptop,58.66644638756032,35.56826396677159,0,4,2,2,4,1
3704,41,Female,Europe,Upper-Mid,High School,Caregiver/Home,11.45977714887531,170,122,103,88,4.949094871662217,7.011081889786486,1.3805665937981175,16.070219277189665,15.99055886778418,6.414559074570019,3.310496196333595,48.0867653539959,1,Android,58.410932911782126,44.93135949200003,0,2,3,1,0,0
3705,32,Female,Europe,Lower-Mid,Master,Full-time Employee,8.27957589986759,200,264,79,153,3.700877297822868,6.002330990155636,1.7311380203346085,6.135206197890465,8.84273376172896,6.190460990859575,6.996654661561924,62.78941297653149,0,Tablet,57.16916571205737,42.251023502934366,0,2,2,2,1,2
3706,43,Male,Asia,Low,High School,Full-time Employee,5.777260087410885,118,359,97,252,2.729027189784972,7.91726204964422,4.09708964273745,8.338062979768157,5.515417423997012,8.30998614441989,3.544830811322889,43.81810824202298,1,Tablet,65.50599545586428,32.43493650769608,1,1,1,1,1,2
3707,28,Female,Asia,Low,Bachelor,Unemployed_Looking,8.966082031591391,191,782,53,269,3.1472092829710703,6.14440198901208,1.4380020919881298,9.821838424375356,8.193259236587043,9.27088439890264,3.4212624539060124,8.999189979300533,1,Laptop,57.93083752836674,56.318708441129466,0,1,1,0,4,1
3708,44,Female,North America,Low,High School,Part-time/Shift,7.124658173830884,167,533,161,149,3.710835048915449,7.0582444368624735,3.0811987010178754,5.434285199582071,3.850711270663129,8.409281391688557,6.4647503176691545,33.77442627185358,1,Android,63.50416228636338,44.22471527017439,0,4,1,1,2,0
3709,33,Male,North America,High,Master,Unemployed_Looking,9.77141052237071,183,491,83,59,5.894369604144125,6.829293810374351,2.965881788216137,10.19684059046392,13.954834306228156,7.52366219579838,5.056685439579806,26.655676680768394,0,iPhone,65.41269999320814,49.38849749434707,1,4,0,2,4,3
3710,33,Male,Africa,Low,High School,Student,5.822401447133928,98,290,294,32,3.533565718418309,8.781725196125167,2.4563825027993964,5.886210146290943,5.9962821556628665,1.4667665741950289,6.4931351052636055,37.18117986007707,0,Android,66.93653719676169,27.265821371735186,1,0,1,1,3,0
3711,22,Female,North America,Low,Bachelor,Full-time Employee,5.61687827652154,110,248,42,0,3.1131823879439686,7.5567912533809505,2.9111457811036905,10.265716190247476,10.126737268254548,1.016856820216229,6.38671723450547,40.48970391326311,0,Laptop,80.85739939110815,25.887086228578475,0,4,1,0,1,1
3712,23,Male,South America,Lower-Mid,Bachelor,Unemployed_Looking,9.292353814267324,149,286,68,45,3.7205831534406295,7.510796158178946,2.4289508252119814,8.376515120819894,7.979852465351448,6.18964866064798,5.125838040212188,38.63679065751451,0,Tablet,56.23367471817694,39.8861903712681,1,5,2,0,4,2
3713,24,Male,North America,Low,Bachelor,Student,5.694213285884546,121,167,106,86,2.5145444096902527,7.387914757702016,3.0418904700436764,2.7576587496673546,5.686367443055683,4.948643350214804,9.71152232872356,59.74453541254598,0,Android,57.57147256979501,26.47911549977774,1,4,1,0,3,0
3714,25,Female,Asia,Upper-Mid,Master,Unemployed_Looking,8.455531362195272,153,281,90,3,4.803533519257323,7.072573054234445,3.0627674223682546,6.140405801215145,2.459652025835969,3.0732557194420225,8.032621937242501,43.78185282822677,0,Laptop,67.47346580786079,37.518707888783766,0,1,3,2,4,1
3715,21,Male,South America,Upper-Mid,High School,Student,5.488782116254517,91,569,145,150,2.63976405226036,7.752541712427054,2.535444128176092,6.582119662184962,6.9241930083121535,7.759655925277794,8.069457290400852,14.410351282406296,0,Android,76.80382234737962,32.385067032020565,1,5,3,1,3,0
3716,30,Male,Asia,Low,High School,Unemployed_Looking,6.889399200914588,134,496,141,80,3.402138745808857,7.745189437945482,2.856583936246819,7.343693600516261,9.970947432713336,8.888466728404914,1.738360283874985,35.02926702146834,1,Laptop,48.08366917523121,39.143853773829136,1,1,1,1,4,1
3717,33,Male,North America,Upper-Mid,Bachelor,Caregiver/Home,3.7724973915664894,62,334,243,100,3.19343227496956,7.937172449335791,3.511580481545656,7.774664896182412,4.297083715623288,5.032953658519896,7.21192763099661,21.403323420374782,0,Laptop,61.85187786852792,21.489666840229027,1,4,3,0,0,1
3718,35,Female,Asia,Lower-Mid,High School,Student,14.147260737280591,274,67,167,133,1.810805499007265,6.583072827805204,3.030980876289713,16.070219277189665,21.643297329007723,10.0,2.796483775790568,69.78562146030843,1,Tablet,71.46556085582658,57.32696881129556,0,1,2,1,3,2
3719,19,Female,Asia,Upper-Mid,High School,Full-time Employee,6.750289577296302,150,514,401,60,4.632647938401126,7.68796927497314,1.79815504503001,8.910350150853137,11.52927603339171,5.388686448479644,7.803860586193141,24.752927296602607,0,iPhone,68.07148706827688,38.84235529131583,0,1,3,1,1,3
3720,24,Male,Europe,Upper-Mid,Master,Student,4.816979270543606,106,438,180,110,2.074213083615609,7.807232308814753,2.901929173333041,1.1825696863921733,8.926572115821696,1.2998738774735623,9.356072396270775,13.949219042353722,0,Android,66.92264383657552,29.455017425940238,1,2,3,2,3,0
3721,37,Male,Asia,Lower-Mid,Bachelor,Full-time Employee,12.243639071729769,230,130,218,65,2.973773965678002,6.562506005619796,1.0281487842796833,9.464194528042368,19.811333254845945,7.400861434458029,5.900952820516971,54.05229541852525,1,Android,64.0914474044754,51.157356736413135,1,1,2,0,1,0
3722,31,Female,Africa,Upper-Mid,PhD,Caregiver/Home,6.960932440028153,133,145,99,63,1.961188342332549,8.095804558527366,3.940593957196817,5.175117516195747,7.790847985552875,4.962652120674962,6.3508890015122725,62.86876086109013,0,Android,68.87936354938167,30.067901683914265,0,0,3,3,0,0
3723,27,Female,Africa,Lower-Mid,Master,Full-time Employee,2.504799827376082,61,251,88,63,1.0414269263442826,6.484688432345878,3.69313932655878,10.803771022914235,0.218119527496252,9.781421479287182,9.721945328294243,63.862812436392815,1,Android,63.429257608882025,15.505685001245771,0,0,2,2,1,0
3724,32,Female,North America,Lower-Mid,Bachelor,Part-time/Shift,9.28261740511388,205,307,309,16,4.860763577481703,7.270872993674849,2.188163161102345,9.9086637834934,14.918677344118798,4.986373833115968,9.852395812986911,15.032112597134764,0,Tablet,65.61674973960605,46.57824178279184,0,4,2,0,2,2
3725,26,Female,North America,Lower-Mid,Master,Full-time Employee,4.768498404517227,84,202,90,20,2.966329952554524,7.858387195084169,3.8148330423752217,6.14732132377563,0.5659341619788432,1.5969839677731072,9.51945164182568,52.53043035985234,0,iPhone,81.51623932079862,20.88140953189957,0,4,2,2,1,3
3726,44,Male,Middle East,Upper-Mid,PhD,Full-time Employee,5.360437196312278,100,199,155,138,1.9557627847187715,8.274609788046263,3.9538201305936247,3.892786663730954,4.805568827874359,1.0129315795903608,8.99555113676158,49.20018052805264,0,Android,69.997148206811,26.043361647340728,1,3,3,3,1,0
3727,22,Female,Africa,Upper-Mid,Master,Student,6.658164343465571,118,153,199,44,4.027498566782547,7.337563962092282,3.002308146871968,3.69243329335898,7.270711687550864,1.8159262551834516,7.942818446357675,66.41657159404978,0,Android,67.47620926582233,27.385949105961764,0,0,3,2,3,0
3728,25,Male,Africa,High,High School,Full-time Employee,8.058301819235043,180,231,143,7,5.88942061232712,6.583081747052001,2.220511703871337,4.155627003171696,11.437912358893694,1.418743609991119,7.966309069557371,49.129082291579465,0,Laptop,77.97802431983726,37.98799085253798,1,0,0,1,1,1
3729,34,Female,Africa,Low,Bachelor,Full-time Employee,6.236518779343008,105,312,120,118,4.337043253220449,8.08293291516086,2.157818333587671,6.7775203003786615,10.23867067687368,3.963306982282212,6.882178254311026,41.62868794075037,0,iPhone,56.30488024039045,30.67767721062856,0,0,1,0,1,3
3730,17,Male,South America,Lower-Mid,High School,Student,7.051754169535774,144,820,396,155,1.5090545813027316,6.800372823793797,2.94107872203607,6.619716886790665,9.442375729999023,9.131989929123344,4.849903717380216,0.3213549958869656,1,iPhone,65.77265281038785,46.210775138100686,1,5,2,1,3,3
3731,32,Female,South America,Upper-Mid,Bachelor,Part-time/Shift,5.94817250162563,133,260,89,74,4.6697072303193705,7.775217915876044,3.411971581766816,11.205493302241642,4.149264427167535,10.0,0.7316208388915041,59.27621211475578,1,Laptop,49.673606637263504,30.885826903965423,0,5,3,0,2,1
3732,38,Female,Africa,Low,Bachelor,Part-time/Shift,9.642433848970995,172,210,95,11,0.1811015397210245,7.344349550233922,1.0669314533866603,10.048258246803732,11.080525112812994,6.687058012921014,5.631016821465637,60.05514980043091,0,iPhone,65.29404986501157,41.07008084903943,0,0,1,0,2,3
3733,35,Female,Africa,Lower-Mid,Bachelor,Caregiver/Home,6.846435708632103,107,182,104,99,4.610671140645304,9.545801750431872,3.12339628579266,7.658338795764856,6.175042094887802,2.387183908840202,9.177734802180977,55.02528839456664,0,Android,56.31956413743697,29.136731516409835,0,0,2,0,0,0
3734,26,Male,Europe,High,Master,Full-time Employee,6.711414543234084,120,786,87,195,5.592451259574785,6.734568521670636,2.4138256372675384,2.988526468194231,9.817419841559966,8.202568129315921,1.2057063111691022,2.9651170447055035,1,Tablet,62.82740728054084,43.915784714573206,1,2,0,2,1,2
3735,13,Female,Asia,Lower-Mid,High School,Student,7.720955576816999,140,568,302,0,1.972558609323341,6.868611665843159,1.9396866240308968,7.08757431029237,10.358619549116735,6.995014003463751,7.634800021454789,3.01105965271048,0,Android,59.64504030748669,40.60860795889616,0,1,2,1,3,0
3736,40,Male,Middle East,Lower-Mid,Master,Unemployed_Looking,5.30076756354035,135,484,150,28,4.206528120277211,7.16821699749468,2.771183817522157,0.5992893218332678,6.181990488287684,1.0798321177639665,7.203372561102399,34.664518261426004,0,Android,62.04163950336611,35.99890884287236,1,3,2,2,4,0
3737,29,Female,Asia,Upper-Mid,Bachelor,Part-time/Shift,10.950052667866624,238,400,84,149,1.5843699718700963,7.492354652465201,3.3268274464751797,16.070219277189665,11.033630398400057,2.074747303729151,3.835261781862201,27.87608638310092,1,Laptop,46.13521405142597,55.2575575107181,0,1,3,0,2,1
3738,16,Male,Asia,Lower-Mid,High School,Unemployed_Looking,5.544706838186107,115,476,246,59,4.364480381932638,7.668367614783769,3.4547860946340294,5.860701569496024,6.116756403382562,4.236303150200788,1.9188525401446248,21.18206040196481,0,Android,67.00905431465463,32.50966307188997,1,1,2,1,4,0
3739,25,Female,Middle East,Lower-Mid,Bachelor,Full-time Employee,4.648679713819563,66,511,212,130,1.5742952606871383,8.312304047432585,2.871686541988226,4.711562478804183,5.333247611381871,3.792015034777009,9.327596113243262,20.58734604518208,0,Laptop,71.06277190410829,27.42813346107186,0,3,2,0,1,1
3740,20,Male,Europe,Lower-Mid,Bachelor,Full-time Employee,5.754820037520759,136,190,401,89,6.554653725634957,7.848912766356212,3.2739456039728334,8.369015738289605,6.594415727033781,1.0385549752431908,8.116506348564277,44.14963249573746,0,Tablet,64.5248000408465,26.82417316097504,1,2,2,0,1,2
3741,22,Male,Asia,Low,Bachelor,Student,3.901557272794063,73,200,28,10,2.011368154215184,7.93636988676661,4.817936475115052,3.796946009900784,0.0,5.259822460536896,9.382236358563278,73.15285076524985,0,iPhone,66.9084605173906,18.253557701030704,1,1,1,0,3,3
3742,29,Male,Asia,Lower-Mid,Master,Full-time Employee,4.991225734239766,104,239,56,16,1.5514784328046651,6.681453605891888,1.976864698880451,6.038653441948913,8.249000850358712,2.235332577804332,7.078450444333414,48.85323376143321,0,Laptop,69.37904724533809,25.41479667215813,1,1,2,2,1,1
3743,42,Male,Asia,Lower-Mid,Master,Student,8.153770407873788,158,742,229,96,3.513461975737055,6.821833794763919,1.4641573859997694,4.660811250822648,8.956815330150166,7.38438000107988,8.232429534360113,5.895238433790167,0,Tablet,56.66682464671806,51.790010540186834,1,1,2,2,3,2
3744,26,Female,Asia,High,Bachelor,Part-time/Shift,10.706837361283425,240,324,401,116,6.033555885181728,6.363438980792369,3.2255664237057053,16.070219277189665,12.940614829533834,5.762662940420282,6.010589706213331,4.986184643839702,1,Laptop,50.28902734734375,52.00537245870602,0,1,0,0,2,1
3745,24,Female,North America,Low,Bachelor,Student,9.3872588643956,189,261,344,142,2.9833624991876886,5.9859794987970325,2.549411493664593,13.43562603733956,12.099942499309025,2.790956717128021,7.413690264669848,39.40529308643321,0,iPhone,60.23958090291488,42.256807972006165,0,4,1,0,3,3
3746,33,Female,Asia,Low,High School,Full-time Employee,7.765705489378156,145,447,89,92,2.451676999459378,6.2734290683751714,1.9724920551549925,7.340706097152492,8.510923032450897,5.136592088979837,4.692601525919738,37.78783671896489,0,Android,61.48742988549113,40.9026536833546,0,1,1,1,1,0
3747,29,Female,Asia,Low,High School,Full-time Employee,11.712992231832173,228,589,167,54,2.671652970653932,5.602958139935289,1.0,14.281800470464283,13.383084919182924,10.0,0.2380996190758214,22.84102355396045,1,Tablet,75.10050260170404,60.23091792321268,0,1,1,1,1,2
3748,31,Female,Middle East,Low,PhD,Part-time/Shift,4.546117587892165,74,156,54,109,4.271543585958787,8.589764420780782,3.4908863158316583,4.671796412177668,4.451791846462193,4.195734182524806,9.437414763507398,65.10382363167102,0,Android,62.94975578980992,19.55260408516109,0,3,1,3,2,0
3749,34,Male,Africa,Upper-Mid,Bachelor,Full-time Employee,11.071455427243537,177,563,26,111,1.0645080154571651,6.477948126819653,1.2095916966780962,11.645047424267297,11.856641198532976,2.8707928684670403,2.883765688512709,41.61283238580936,0,iPhone,63.781687975481695,54.14838608693184,1,0,3,0,1,3
3750,23,Male,South America,Low,Bachelor,Student,11.99220152055316,250,166,88,22,1.0026478043410172,5.150727787205819,2.5124204831436434,7.837381354931639,16.292850399196645,10.0,2.8660232102289287,60.583461576707336,1,Tablet,71.11005266214022,51.55730977397573,1,5,1,0,3,2
3751,18,Male,Europe,Low,Bachelor,Student,6.053368066454299,147,116,70,5,3.716326554770384,7.430264513765543,2.786587828836811,7.039753131115134,7.519515594621597,2.305351340161808,8.163576838974192,80.85123465702897,0,iPhone,60.20563384854046,26.9552138125342,1,2,1,0,3,3
3752,30,Female,North America,Upper-Mid,Master,Full-time Employee,4.15408158436866,100,296,155,136,2.96450874115298,7.383560028402528,2.9574677393119813,6.134446007741311,3.339593368935815,5.657514761646143,4.274623835407926,38.523756568144016,0,Tablet,59.64717583119649,24.544556081044483,0,4,3,2,1,2
3753,20,Male,North America,Lower-Mid,High School,Student,7.368350624973156,173,280,242,197,6.211601083127061,7.282067022229266,1.7400928424000408,6.271389941750316,10.498307019964251,4.342877801166482,5.17619862915766,47.51261233737002,0,Laptop,60.868704120914586,38.23122402635022,1,4,2,1,3,1
3754,21,Male,Asia,Low,Master,Student,13.885790110225573,270,475,401,99,4.946257681964775,5.287617216567976,1.603049570845757,16.070219277189665,17.280531839782164,6.268483392636878,6.015537067374746,2.833693368616613,1,iPhone,78.97621627705448,65.91333876174741,1,1,1,2,3,3
3755,30,Male,North America,Lower-Mid,Bachelor,Full-time Employee,5.832968813686468,106,176,397,75,4.071070217334083,6.687989375740579,3.087943514171433,5.373836756188331,4.856785208532067,6.927872989540434,4.684638781752254,29.85318892067536,0,Laptop,67.3531044888218,25.88891186013877,1,4,2,0,1,1
3756,29,Male,Europe,High,High School,Full-time Employee,5.174096908872432,81,246,90,160,5.745656054461716,7.131194352100736,2.171969024413163,3.9518454529877975,8.67356728527931,7.970559014390035,4.516989323584679,66.53201826594436,0,iPhone,66.29042124566446,22.87655248898278,1,2,0,1,1,3
3757,40,Female,Middle East,Low,Bachelor,Full-time Employee,7.269929044548808,189,396,117,121,5.763940859945107,8.572173105346575,2.8582913496923044,6.560896262008027,8.248215587966131,2.84981560450056,7.928712907542264,40.27654621610063,0,Android,66.14027304677914,43.176699389104456,0,3,1,0,1,0
3758,30,Female,South America,Low,Bachelor,Full-time Employee,5.859469510793726,173,519,31,148,1.03326592572511,7.1971584839775735,1.9376665570452123,5.291442943015739,6.108840476852098,3.789042752030392,9.226339730506217,33.702016314584284,0,Tablet,64.77478101250236,40.01602897624599,0,5,1,0,1,2
3759,15,Female,North America,Lower-Mid,High School,Student,7.883640688275662,181,631,128,213,4.048990010321561,7.845083208121213,1.187518766258603,8.768132768966042,13.611993073931872,2.95821216938179,3.8239825464461705,8.170627928664585,0,Laptop,64.70401500874515,47.51269065743795,0,4,2,1,3,1
3760,26,Male,Asia,Lower-Mid,Bachelor,Full-time Employee,6.888823513214088,113,617,178,79,1.0298689437544293,7.171211992622058,2.8132131911416147,2.657188302598641,1.936251468373533,2.650475088433208,7.997284174419051,11.324055521673865,0,Android,64.9531814939951,39.71391200542176,1,1,2,0,1,0
3761,37,Female,North America,Low,Bachelor,Unemployed_Looking,7.891357987355766,150,692,109,83,5.781150755874988,7.638691406257278,3.446016577087585,6.490184490594354,9.121753442658024,4.739106905206833,7.069502942941144,16.370698996825123,0,Tablet,63.78598694496198,48.24491748941024,0,4,1,0,4,2
3762,25,Male,Middle East,Upper-Mid,Bachelor,Unemployed_Looking,10.61589033150843,239,499,37,110,5.519078550630344,6.334288459204988,1.30983977886127,10.856035737834134,8.948624893609992,6.9037388677533365,4.371049063490561,41.57482350552963,0,Android,50.75926782255404,56.15794539278128,1,3,3,0,4,0
3763,18,Female,North America,Low,Bachelor,Part-time/Shift,7.163653478088169,185,301,401,234,2.0933160196116543,7.167931418027041,2.946129162999804,10.938978520177608,5.027610747591771,5.126098641645316,9.326876313958667,16.331565104001488,0,Tablet,57.23470850735153,37.55907608786651,0,4,1,0,2,2
3764,17,Male,Europe,Upper-Mid,High School,Student,12.35273566976325,239,224,401,47,3.983243737447558,6.127659653205109,1.0590431895599155,16.070219277189665,16.782675771686527,5.667438043401244,8.520107187292378,10.291863322725222,1,iPhone,73.56050809748034,52.308660348034536,1,2,3,1,3,3
3765,22,Male,Africa,High,Bachelor,Full-time Employee,13.642309986134329,233,704,62,156,4.0209664203049424,4.750204334562513,1.3252182191026016,16.070219277189665,16.565304527696142,9.849347288306864,3.0138694510987465,4.254331866227999,1,Tablet,74.88558823554973,67.72038147610618,1,0,0,0,1,2
3766,23,Male,Africa,Upper-Mid,Bachelor,Part-time/Shift,5.989890198041622,111,233,47,102,4.996431122516634,7.894110740290174,4.965872210056817,3.919183168350199,3.857345548624235,9.711019702592646,3.5143502477515027,73.26617897304314,1,Android,82.1067226665509,26.801156347132743,1,0,3,0,2,0
3767,20,Female,Middle East,Upper-Mid,High School,Student,4.451397784448742,126,275,401,242,2.5753125427607304,8.118191504428694,2.815239902903271,7.456700856596713,10.663759469363775,1.477650351296991,8.352266192493659,40.96319948234838,0,Tablet,64.67197999522807,26.501979867484927,0,3,3,1,3,2
3768,38,Male,North America,Lower-Mid,Master,Caregiver/Home,6.898319742779975,150,254,96,16,1.112179768041067,8.293646598495151,3.771418218094732,5.39165408948374,8.113963866947508,1.3758997390625232,9.27539897569363,38.06863977275356,0,Laptop,65.15780619384044,34.91331986495315,1,4,2,2,0,1
3769,25,Male,Asia,Upper-Mid,High School,Student,7.702139167452114,140,820,179,149,2.346238300804942,7.897187703798858,2.67160914053236,3.173885893442044,6.869270476656599,5.550576854161654,2.544237365281528,2.2202130897426384,0,Tablet,72.67464224936158,54.19534665887672,1,1,3,1,3,2
3770,28,Female,Asia,High,High School,Student,8.73891676085913,209,240,175,68,3.0300067840101805,6.458460302969475,1.7665957856661196,9.248185256294308,10.05508780082311,1.0,8.518001117361482,56.265154225697536,0,iPhone,72.47942685049172,42.96320484532834,0,1,0,1,3,3
3771,37,Male,Europe,Upper-Mid,High School,Full-time Employee,5.412035070900473,127,311,124,9,1.9312661117991692,8.817400202789953,3.351289744269049,1.3399952541280475,6.304547968503039,3.4747244392759,7.923994859410898,30.855255529706607,0,Tablet,55.32203171366549,31.012865884369333,1,2,3,1,1,2
3772,31,Female,Asia,High,Bachelor,Unemployed_Looking,6.388412223866609,160,343,350,195,2.804917793816238,8.350254625196717,2.227080720189883,8.115417536751618,11.649782978394455,3.907166925877476,9.425472541478143,31.458780962849065,0,Android,51.07379370925319,36.904698984206064,0,1,0,0,4,0
3773,23,Male,North America,Lower-Mid,Master,Full-time Employee,5.592322440939191,107,218,89,110,4.421406871052513,6.291965586391825,3.698478236808746,3.823285109328742,2.4763689507096327,3.649720403932821,8.782660342926883,57.86526939613915,0,Laptop,69.80013518941809,24.9438892572245,1,4,2,2,1,1
3774,29,Male,Asia,Upper-Mid,Bachelor,Unemployed_Looking,5.580590798782486,102,113,145,109,1.1543544798759258,7.610407634512019,3.0013936561689825,4.235863213010437,1.1268526202604134,9.592021467514112,1.7173399542558532,47.16782850215842,1,Laptop,60.082957145119885,22.88924402353384,1,1,3,0,4,1
3775,28,Male,Africa,High,High School,Full-time Employee,8.626565990613846,143,732,48,140,3.9671090268123312,6.704388855888964,2.0690025127391958,7.775742141403486,15.803200298366912,7.737071168557438,8.396102075752445,14.378930969277892,1,Laptop,60.251002906316046,50.0221974259547,1,0,0,1,1,1
3776,32,Male,Middle East,Low,Master,Full-time Employee,6.066811469697952,96,245,107,64,0.1232912633609099,6.675478345194198,3.54985360665393,1.8149244545589591,1.5671430956377337,9.929231322302094,3.991224883878234,59.165546347396926,1,Tablet,68.72807497157697,27.2379998896528,1,3,1,2,1,2
3777,32,Female,Middle East,Low,Master,Full-time Employee,5.007303788332641,101,281,139,193,3.0712146809486973,7.679109542785739,3.294644604339211,6.662795959683048,6.779522362771579,4.44182955324431,5.03171339980822,51.27736294907718,0,Tablet,62.05991062116487,26.295204690775776,0,3,1,2,1,2
3778,21,Female,Africa,Low,High School,Student,5.957845732347294,86,211,147,70,0.6243457857283216,7.492368473386342,2.3969821605021626,8.50925545647179,6.406251615039454,5.10155877904335,2.3827465470128777,47.95859152277564,0,Laptop,69.02139246213518,23.993233421308087,0,0,1,1,3,1
3779,38,Male,Asia,Lower-Mid,Bachelor,Part-time/Shift,4.269742796293996,57,443,104,174,5.178868199637635,7.608945562000236,3.221733068594293,5.114865943685375,3.775231118321362,7.763989037799976,7.037306428279024,35.73921632809332,0,Laptop,56.244431335357554,25.765014452617752,1,1,2,0,2,1
3780,24,Male,Europe,Low,Bachelor,Student,5.44502508138566,135,376,172,93,5.088153391995055,7.148542320760474,2.106442974363413,0.6656040790426632,8.16432992857074,4.824733781927015,7.92693087070393,29.745832584361064,0,Android,61.637015401537134,31.996365479412475,1,2,1,0,3,0
3781,20,Female,Asia,Lower-Mid,High School,Student,4.878297381262636,95,223,339,150,2.4841487621748195,8.91531625916689,3.1125754061803885,6.964679544654216,6.425663419417182,1.0,3.819059968967173,38.79002403948479,0,Tablet,69.97911198272661,22.91735617212516,0,1,2,1,3,2
3782,26,Female,Asia,Upper-Mid,High School,Part-time/Shift,8.358102861761076,149,95,38,44,1.977729990452901,8.058320540342818,2.724089570875492,9.87049921076567,11.615002320450444,5.7081453744737525,7.759637360841205,75.28301912123725,0,iPhone,76.0332484996795,32.62212167006298,0,1,3,1,2,3
3783,23,Male,Europe,Low,Bachelor,Full-time Employee,5.439820186233711,112,291,34,96,5.678212077557467,7.391728343537387,3.6636869413008055,3.7491394185364495,8.699218510457067,3.4028825437835115,9.523920813236405,63.55881555378717,0,Tablet,58.17833772614678,27.319940366951112,1,2,1,0,1,2
3784,41,Female,Africa,Low,High School,Part-time/Shift,4.534087354135101,95,304,175,9,2.424705634993121,8.171615711767625,3.847186132770253,4.8936284098568885,0.446960467395682,1.0,9.750921829418909,37.62291004210349,0,iPhone,62.18349640447319,25.139727484539748,0,0,1,1,2,3
3785,26,Female,Asia,Upper-Mid,High School,Student,8.157410140482861,159,114,67,155,5.009965204023157,7.594841977397024,3.1594090669284904,11.943514039364564,11.720443904937468,1.1254475923410163,9.414369595336032,66.49941885214415,0,Laptop,58.922820428266384,33.55331225870174,0,1,3,1,3,1
3786,30,Female,North America,Upper-Mid,Bachelor,Unemployed_Looking,5.651906825980197,145,356,59,222,5.333624834756488,7.490046999176109,3.743474806732741,4.93878237792985,4.048481925238924,1.4499655422109288,4.3178666768094445,48.90368812404673,0,iPhone,66.9369807092614,33.21817134860872,0,4,3,0,4,3
3787,30,Female,South America,Low,Bachelor,Full-time Employee,3.802488335815813,67,179,200,0,2.8086135769309366,9.340260860745472,3.8380265472309394,6.379389475596075,5.195455263144649,8.238419211878156,4.146241195167352,54.99679534311765,1,Android,67.38838030660273,17.06524727942933,0,5,1,0,1,0
3788,32,Female,Asia,High,Master,Part-time/Shift,5.262900827042532,108,175,169,121,6.058361673750253,9.03821018338217,4.748226345898561,7.177223021129255,5.5120062519764526,3.611606064521875,8.166270543801625,54.00888174117966,0,iPhone,65.00956857825135,24.602012033529824,0,1,0,2,2,3
3789,19,Male,South America,Lower-Mid,Bachelor,Student,3.63787479609982,82,370,74,198,1.6292593996277691,9.39537987845377,3.2431877455394336,6.884787537162764,2.175441621315608,2.7413703410302426,6.3569660205677545,40.30605092875284,0,iPhone,78.81605307538258,21.5101195650524,1,5,2,0,3,3
3790,28,Female,South America,High,Bachelor,Full-time Employee,9.21699847834276,210,294,81,50,2.798675224895477,6.392087692476893,1.728654663022452,6.184652516338152,10.5472757422287,5.9963874899071135,6.467926781410073,50.37072999978643,0,Laptop,71.54775741242509,46.01207190868729,0,5,0,0,1,1
3791,39,Male,North America,Low,High School,Full-time Employee,4.707488992775047,50,785,76,183,5.04053136837336,9.88625299463414,2.9162882946632025,6.503006360335647,3.3953898593089384,1.7377684215950129,4.429300096226916,8.508984208201394,0,Android,75.6651531465182,37.22944831518239,1,4,1,1,1,0
3792,33,Male,North America,Low,High School,Part-time/Shift,5.262022184907552,94,313,97,105,5.41432616837623,7.993809119350634,1.6599501497972518,4.1445906082584205,4.00718614140113,4.3180368226225365,7.479520491421406,47.985980052272296,0,Android,59.94673850900483,26.77544479060443,1,4,1,1,2,0
3793,26,Female,Europe,High,Master,Full-time Employee,6.418904458721985,151,271,158,90,4.029778955148705,6.918808935861491,2.652099557744088,10.69206631985818,10.321684863039104,6.568863484547839,7.604511013906041,39.19898056481843,0,Laptop,58.813803341686594,33.624287970504376,0,2,0,2,1,1
3794,30,Female,South America,Upper-Mid,Bachelor,Part-time/Shift,9.081645044136668,108,246,222,184,2.059709780525218,7.4959496656817315,2.029693616671514,8.672697005406171,5.04292773901594,5.844818176883358,8.400553017392932,56.65951859838024,0,Laptop,59.125102766115646,35.66021798560206,0,5,3,0,2,1
3795,15,Female,North America,Lower-Mid,High School,Student,6.719515667690836,114,570,294,334,2.961754825794635,6.490689685804446,2.994399050127144,3.550190668752679,3.847910735797643,4.046940260795539,8.444818776562414,9.817599264845937,0,Tablet,79.22607654532945,36.833668466556354,0,4,2,1,3,2
3796,29,Male,Asia,Upper-Mid,High School,Full-time Employee,8.626501983874947,161,392,117,60,1.9706434678601457,6.454546344585835,1.9828518163609476,7.469636664232353,12.453024492498042,9.11509957632587,1.2519057182301672,39.00489205044872,1,Tablet,68.460583624766,42.68660715411794,1,1,3,1,1,2
3797,14,Male,Africa,Lower-Mid,High School,Student,6.75841403771295,172,503,79,215,2.084345265227612,7.47035229796162,2.914063418484122,3.993645036324368,8.864291591862605,2.2877413397976367,9.91984785466328,33.96987362057017,0,iPhone,66.0358825347149,39.687424713759576,1,0,2,1,3,3
3798,27,Male,South America,Low,PhD,Part-time/Shift,9.629423018324758,134,142,193,22,3.352585283287394,7.523102195174824,1.9850852004367707,1.6017041516753427,10.165371459577411,2.4083434668014445,8.693197883953854,61.89637539598964,0,Tablet,61.56273544524489,36.25659036492704,1,5,1,3,2,2
3799,31,Male,Asia,Upper-Mid,Master,Full-time Employee,9.268407226667888,200,820,197,81,3.8403071647064704,7.11368947910879,3.2578039698050616,9.066012515341908,9.966719160441242,7.775592441140624,8.001471008428021,8.534902319472614,0,Android,62.507878313154144,58.47738608620077,1,1,3,2,1,0
3800,24,Female,Europe,Low,Master,Student,7.9014316663077295,165,298,204,104,3.9869072417845137,8.46284800853175,2.475065754672784,8.180932727713197,8.003908453572055,9.64168383263445,4.942218428274276,56.61403644564914,1,Tablet,67.65792704366928,38.02420509640522,0,2,1,2,3,2
3801,39,Female,Asia,Lower-Mid,Master,Part-time/Shift,4.66682132901598,125,158,87,44,1.9696990001261525,7.42637039566211,4.376735678728135,7.592420088694294,0.8762379707902254,3.417938346019889,7.330191385599262,66.65587821784042,0,Laptop,64.86731606524963,24.0147970752021,0,1,2,2,2,1
3802,40,Female,North America,Upper-Mid,High School,Part-time/Shift,13.537244694739686,171,276,29,39,5.752109963004926,6.321468825082082,1.459220237571394,16.070219277189665,18.4148513298778,7.831962789909662,1.5945453049650389,48.67756955351204,1,Android,67.43411889751273,52.97043481709703,0,4,3,1,2,0
3803,19,Female,Middle East,Low,Bachelor,Student,7.294767315110435,153,178,155,46,2.2359782449162906,6.635310187337723,2.665290751986176,6.885683925984814,13.686550169292746,5.053772405114542,8.016047100415953,58.741536172891486,0,iPhone,71.89301568601276,32.24920339982569,0,3,1,0,3,3
3804,25,Male,Europe,Lower-Mid,Master,Full-time Employee,6.449325047285803,127,342,64,228,4.7912718047772325,8.680397940406332,3.4882273884461226,5.992789588147955,4.35970037226512,1.0,9.131188778306749,41.2698067885402,0,Laptop,73.67098119705857,32.54242250741589,1,2,2,2,1,1
3805,25,Female,Middle East,High,High School,Full-time Employee,6.286021103750779,102,565,262,64,0.9238538293716032,8.475578607693555,2.6108676767453964,4.913448687644443,8.155385739905565,5.074101468870063,9.022149485069002,23.801804817608943,0,Laptop,75.33720155009951,35.72404331493967,0,3,0,1,1,1
3806,23,Female,South America,Lower-Mid,Bachelor,Full-time Employee,5.517768863276294,111,140,119,116,3.2542773202497663,8.405739569875163,3.298928687439413,9.26220951702234,6.904203109177734,3.0117340906963133,8.295965637485637,37.52235704341185,0,Tablet,82.14320225244296,26.590434415861044,0,5,2,0,1,2
3807,20,Female,Asia,Lower-Mid,Bachelor,Student,6.075185504553391,143,502,88,155,1.8987968627080587,7.600703784044729,2.825399403893397,4.7182479425751245,8.044763225210795,1.0,6.952320993658787,46.940254472288686,0,Android,69.79818514025139,36.17682088269004,0,1,2,0,3,0
3808,24,Male,North America,Low,Bachelor,Part-time/Shift,10.695373111445726,231,253,401,143,1.06146334124748,5.577483735048166,2.820164251505595,7.106175612193109,13.31193308875527,7.684183726014255,4.881305070771407,39.45773135748144,0,Tablet,81.12594876048335,36.98390038993143,1,4,1,0,2,2
3809,33,Male,Asia,High,High School,Full-time Employee,6.153851556475217,118,212,122,264,6.018038115245253,7.190628735676461,3.676851176852268,4.491863302594791,4.008117305277888,1.6780922943101098,8.580353672534109,63.10131180760042,0,iPhone,68.49627207409769,27.9354824516025,1,1,0,1,1,3
3810,27,Male,Africa,Lower-Mid,Bachelor,Part-time/Shift,11.806281252462217,186,529,104,38,1.986553343243676,7.0644078800580346,1.0,13.977175498189006,12.086228199298544,4.11840756812354,5.352076304312835,31.427821400609183,0,Tablet,57.20866516456731,56.21396912968645,1,0,2,0,2,2
3811,34,Female,Asia,Upper-Mid,Bachelor,Unemployed_Looking,8.529007159303495,153,240,56,0,2.0188090902328453,8.243972764958587,2.984114324611419,6.040954699101752,9.77254820539071,1.0262900339788512,9.666748113078228,48.32155852328419,0,iPhone,68.24726363680848,37.8851792404411,0,1,3,0,4,3
3812,27,Female,North America,Lower-Mid,Bachelor,Full-time Employee,8.085764759422352,165,271,18,44,2.97265431820748,8.892192034596437,1.0207433002799786,6.757183781396644,14.060998767404804,9.940418219505109,5.869256978108597,33.299297904086,1,Tablet,70.91631027154898,37.02634492970387,0,4,2,0,1,2
3813,39,Male,Europe,Lower-Mid,PhD,Full-time Employee,5.842424621797988,99,603,36,222,5.896876068246691,8.618030304173367,4.29222970153436,0.1929689381528975,3.2639085625326523,1.0836585290981762,9.089962706162606,13.756751821535545,0,iPhone,80.50287633656765,35.82910824413709,1,2,2,3,1,3
3814,27,Female,North America,Upper-Mid,High School,Unemployed_Looking,2.9624442987360866,58,310,153,56,3.796675607647831,8.587327037534571,3.799161920133769,9.54736223539433,3.036300198763127,2.5919789854774664,8.45952212985444,48.29189296613664,0,iPhone,62.53501931798718,17.880682129952984,0,4,3,1,4,3
3815,16,Male,South America,Lower-Mid,High School,Student,9.419952892041913,241,262,114,91,2.744270274562593,5.741713277104092,2.1205431711037086,12.45945934809504,10.5521031222997,5.691420269539123,6.251981034924012,44.39771470248979,0,Android,56.99378770132057,46.56023992628256,1,5,2,1,3,0
3816,40,Female,North America,Upper-Mid,Bachelor,Part-time/Shift,13.411218905343633,263,284,13,55,3.397397046022417,5.945818131356387,1.304293917003563,16.070219277189665,17.09380546230198,8.986590110539694,3.14004988086685,57.17934083288541,1,iPhone,64.16976807870435,60.80046695818344,0,4,3,0,2,3
3817,24,Female,Asia,High,Master,Part-time/Shift,12.118330106000291,277,470,90,131,2.607379552446493,7.267192811080459,2.984259790417221,16.070219277189665,13.095821348652038,1.1771219347612714,3.2897037085693825,22.464153935645665,1,Laptop,42.653785397457256,62.92479494510564,0,1,0,2,2,1
3818,34,Male,Asia,Low,High School,Unemployed_Looking,6.648290815633135,146,653,40,91,4.651024049927695,6.511262060034162,3.1081126569066213,3.825150001548894,8.053005409514798,3.867892487793959,8.074440936426555,27.68239751171124,0,iPhone,84.96155486209096,42.77312034504763,1,1,1,1,4,3
3819,29,Female,North America,Upper-Mid,PhD,Full-time Employee,10.491187489945045,243,194,401,46,3.9879232710994583,6.860645820336521,1.636301507789979,9.294582044704145,11.85817476336613,3.941753389284234,7.152869794134188,31.139236516757865,0,Android,73.44565348267942,48.156979268905765,0,4,3,3,1,0
3820,24,Female,Europe,High,Bachelor,Part-time/Shift,5.60395127045234,87,335,270,169,3.960274996274892,6.321663781027773,2.8145398612857124,5.446428039459023,5.8001052867555964,1.281317567894629,9.208518756408036,27.174977833837065,0,Laptop,67.9546024833831,26.575335594426317,0,2,0,0,2,1
3821,16,Female,Europe,High,High School,Part-time/Shift,3.5964981020611786,63,503,183,109,3.810122486034375,8.388964712993616,3.064325232035832,4.2401384262023045,2.3112345502980007,2.7223371267758942,8.724044238841556,22.246407602222344,0,Tablet,60.6172757638645,24.11160875376716,0,2,0,1,2,2
3822,31,Male,Asia,Lower-Mid,Bachelor,Caregiver/Home,8.151280064854587,156,206,65,113,1.582299794108336,7.792237048314123,2.238256577544371,9.636158698871272,12.288698567478985,6.012453411229817,7.887917144870945,54.2118138791959,0,Android,69.20337235939898,36.063271287363534,1,1,2,0,0,0
3823,38,Male,Africa,Upper-Mid,Master,Full-time Employee,4.391197733499046,93,161,74,219,3.404627943818825,8.253416638371949,3.2159416894795845,4.4115271782661525,4.873915234289701,2.5203167545737464,7.827533602960762,49.85689987684077,0,iPhone,72.25537136296603,21.391881348925303,1,0,3,2,1,3
3824,27,Male,North America,Low,Bachelor,Part-time/Shift,6.458431058730391,139,241,107,85,5.989041119916693,7.34936799888288,4.224273503672752,8.51962640418954,6.642947864306758,4.289979196459505,7.99496836983936,65.98854108062353,0,Laptop,55.986427930216855,31.87742921781632,1,4,1,0,2,1
3825,32,Female,North America,High,Master,Full-time Employee,6.693117095202391,110,401,182,105,3.084202345872196,7.025492738091947,3.5187856768141383,4.421442323470417,4.40085357624154,7.225250724101829,8.918456152213412,27.176807165610366,0,iPhone,57.70933678735805,34.9689265509194,0,4,0,2,1,3
3826,28,Female,Middle East,Upper-Mid,High School,Full-time Employee,5.847052995413422,131,310,218,128,2.9521613171348235,8.165129759681625,2.9526429768952904,5.251435949806307,4.770128308375559,2.037084091505058,7.175928349748534,31.54572788166053,0,Android,71.79010598957979,29.70162560782233,0,3,3,1,1,0
3827,16,Female,Africa,Lower-Mid,High School,Part-time/Shift,6.733128839409706,126,253,106,164,3.3897005913200045,7.035674384553944,3.4466725096592064,7.274480430295383,5.259807008331111,3.065405041797203,8.061145308184896,56.1136806037251,0,iPhone,63.1857750875252,30.00921596517958,0,0,2,1,2,3
3828,17,Male,North America,Low,Bachelor,Student,3.757584249074868,91,398,59,28,3.4624225213506508,8.845017904535357,3.761181070750371,4.252389499974829,2.1591313548840816,5.571314880680071,8.152622849586079,42.70948884042512,0,Android,58.82552882420142,24.409124215583468,1,4,1,0,3,0
3829,37,Male,Middle East,Upper-Mid,High School,Unemployed_Looking,3.6659249072329274,91,177,178,242,3.718437660771704,7.457948817810354,4.989720113651717,6.184192605614857,6.2048955135168224,6.504036427437547,9.352522669486024,52.9873788242214,0,iPhone,77.75666713602105,19.78233263834572,1,3,3,1,4,3
3830,25,Male,South America,Low,High School,Full-time Employee,7.7666748228293825,150,94,124,24,4.033797024004694,8.530021014180136,2.549076072728363,9.798066615809487,12.427999798758258,3.285796356386625,7.539924382489284,78.45632864635185,0,Android,61.287951338195214,31.78447268177009,1,5,1,1,1,0
3831,29,Female,Europe,Upper-Mid,High School,Student,7.712077023820667,162,185,279,165,2.198235166233634,8.554108034221102,2.731611089157569,6.709988805577863,9.099522778698327,1.1250954591926845,7.870298619459155,47.42907261975664,0,iPhone,68.72470956428816,35.0517186600015,0,2,3,1,3,3
3832,24,Male,Africa,Upper-Mid,Master,Full-time Employee,9.259967432775433,184,696,68,50,3.998206359575636,6.236882917396778,2.055556038773679,5.160637958239835,10.759563351828994,3.965719155389197,6.885832356836276,22.417236417901325,0,iPhone,61.8565680002527,53.23156552554526,1,0,3,2,1,3
3833,24,Male,Middle East,Lower-Mid,High School,Caregiver/Home,5.462339568247824,123,736,89,201,2.366832624730163,7.309889669060948,2.7813084438648894,7.370435334982363,9.427591669364917,9.88642071001049,7.256499670275238,24.002145866412853,1,Tablet,67.8758716426929,39.777806160616464,1,3,2,1,0,2
3834,37,Male,South America,High,Master,Part-time/Shift,7.201498788039783,149,416,61,178,5.706278009735069,8.271542348571426,1.8649232102640203,5.602258064803209,11.10337090752692,5.976054143360241,2.7342994619418803,37.49859948312807,0,Tablet,57.73866693459427,40.00111539855111,1,5,0,2,2,2
3835,19,Male,South America,Low,Bachelor,Student,5.358446155661437,116,176,96,189,3.2702946291429065,8.58208231525562,3.9176180785107766,8.41918993788314,5.943749826434184,5.659379013930837,7.887519987053839,64.93188877709242,0,Android,66.64106428128144,16.569448168007494,1,5,1,0,3,0
3836,24,Female,Europe,Low,High School,Part-time/Shift,5.218874324246688,131,283,294,109,3.430118551566519,7.668307061470538,4.060410101346972,9.263052411793552,6.602961782062026,3.5900046455264536,8.596638148389507,44.353684022046174,0,Android,62.31972050833101,28.764722311931163,0,2,1,1,2,0
3837,41,Female,Europe,Upper-Mid,Bachelor,Unemployed_Looking,7.243382782759935,177,253,20,3,2.751361081658916,6.862232659017957,3.219722699875196,6.712187457158898,9.852378526630291,6.974717483705733,1.1346403317581069,65.13981966791191,0,Android,54.78166272240756,38.2485112453784,0,2,3,0,4,0
3838,13,Male,Africa,Low,High School,Student,12.10296190571065,316,154,148,131,5.9928989504186445,5.455196855501602,3.2159840166583367,9.143206333780707,14.004700135732492,9.693475014784417,0.1829826552569063,44.78775458659355,1,Laptop,83.37096451087423,56.258678435613454,1,0,1,1,3,1
3839,24,Female,North America,Lower-Mid,Master,Full-time Employee,13.942543507419302,161,430,172,223,0.8668350574613433,5.984438571820595,1.935229998932568,10.08280574241268,15.54550551740388,7.874199007804224,3.057847061154752,21.171720391983964,1,Laptop,72.57360737288666,55.57002704132567,0,4,2,2,1,1
3840,31,Male,North America,Lower-Mid,Master,Caregiver/Home,11.036052370770246,220,299,177,71,3.9246259188006127,7.247098512785882,1.9792176870873532,11.72712502652592,12.736245068982688,5.660309953485361,9.843417711062836,39.96385469848482,0,Tablet,62.75024780648759,51.15108649655747,1,4,2,2,0,2
3841,28,Male,Asia,Lower-Mid,Master,Full-time Employee,7.250670912699306,90,100,169,122,1.9480676930470957,5.884316952584976,2.9029812943811164,4.1796234955582765,5.023164034338875,6.267152900932629,5.175200960186934,54.584719897439626,0,Android,66.89444967580421,26.35751301587751,1,1,2,2,1,0
3842,24,Female,Africa,Low,Bachelor,Full-time Employee,8.618218586542703,182,488,68,198,2.3422693940151733,5.685102785342154,1.0023079333971046,7.5749048553416705,13.753650555772024,6.980511853069848,6.5214134170451485,36.78002981212881,0,Laptop,63.00443994866431,46.75634177815512,0,0,1,0,1,1
3843,38,Female,North America,Upper-Mid,Bachelor,Full-time Employee,6.8779169892988135,108,213,123,64,2.593231669377711,7.510956111562181,2.932555723720453,5.873906016929464,5.47873652665936,3.932513466169578,8.826613644203853,54.90655034213731,0,Laptop,54.88446524018978,30.82879278594766,0,4,3,0,1,1
3844,21,Male,North America,Lower-Mid,High School,Student,11.136441230412496,255,782,279,54,4.60144059172729,6.305352595894848,2.3404465004318857,6.52022432461648,14.167552137977294,6.90315501785628,6.495323935142463,0.0,0,iPhone,56.223431714029445,65.93593999560122,1,4,2,1,3,3
3845,16,Male,Europe,Low,High School,Student,12.578370713044077,215,657,169,128,5.92490564097025,5.34566117746361,3.0426804142072768,5.324536145105136,18.096511711237152,9.654633328807144,2.3232839427283274,5.39382195414668,1,Tablet,52.32160416128866,62.30395478333708,1,2,1,1,3,2
3846,28,Male,Africa,High,Bachelor,Part-time/Shift,5.806300963757647,106,443,66,87,1.4980266276565546,6.910340769182791,2.921262017415047,3.942361076852785,9.172283411434778,3.997745050064666,7.681277303006552,53.11315444456086,0,Android,68.65808447433064,32.73073491699409,1,0,0,0,2,0
3847,24,Male,Africa,Lower-Mid,PhD,Unemployed_Looking,6.769275199243791,136,156,301,47,2.0670417900911224,7.986299761411259,2.8633656819840554,5.0782105858589,5.757706458904739,5.253439632465529,7.575630038939686,47.99931865086653,0,Android,63.16696725527072,30.08013368859169,1,0,2,3,4,0
3848,17,Male,Asia,Lower-Mid,High School,Student,9.771332036929282,214,199,400,36,3.3422950501359554,7.336462906581073,2.288548949448878,12.2844361121367,11.97742226383997,3.698088366471143,9.78290553041641,18.6750904979258,0,iPhone,75.00272717666537,42.84370447509418,1,1,2,1,3,3
3849,31,Female,South America,Upper-Mid,Bachelor,Full-time Employee,7.233871467326702,144,555,401,139,3.707569416203778,7.087680298429408,2.7819312424635947,4.658754145686526,10.694777117376091,5.334978177200697,9.268667689997748,44.769354856052736,0,Android,74.91943924625643,38.29595695510354,0,5,3,0,1,0
3850,21,Male,Middle East,Lower-Mid,Bachelor,Part-time/Shift,5.639732380247794,146,44,86,3,3.0705406459936144,6.725516028617044,3.935577273173237,5.054908566433765,11.592065449353198,1.0,7.801948019636763,94.6872414185668,0,Android,68.08069964635847,24.097176592412413,1,3,2,0,2,0
3851,26,Female,Europe,Upper-Mid,Bachelor,Full-time Employee,10.462167087436692,222,247,153,69,2.606045993038593,6.2011780990613445,3.131459053839845,8.826685290083253,6.771616280063808,6.05283365196332,5.871726146587821,53.742446273354446,0,Laptop,70.82533832181748,47.20475833534029,0,2,3,0,1,1
3852,40,Female,Africa,Low,Bachelor,Student,6.739109324721095,90,242,61,105,0.979480320746816,7.551035753186204,1.9953166521718264,2.942729104811657,7.778434810821853,1.0553270499216616,5.901870021725209,46.9331849307877,0,iPhone,51.45607247339756,29.416437463472104,0,0,1,0,3,3
3853,29,Female,Asia,Low,Master,Full-time Employee,6.806596750907619,72,219,120,144,3.8657124659446,8.340794686327097,4.052962498355631,8.227998892585685,1.6526286510807306,9.39673387284895,8.268394865308997,48.22271950403457,1,Tablet,71.312745064143,26.192312158642576,0,1,1,2,1,2
3854,41,Female,Africa,Upper-Mid,Bachelor,Part-time/Shift,11.740937044427966,240,284,329,38,2.4569943331489674,7.91021159082956,1.029814097666531,16.070219277189665,16.605818382321214,2.710168668769991,1.0008482839325552,29.015470816417164,1,Tablet,63.18364058005681,54.74356683358817,0,0,3,0,2,2
3855,46,Female,Asia,Upper-Mid,Bachelor,Caregiver/Home,8.140335006549511,170,384,68,46,2.2234575075439977,6.337047132615826,2.907707795582393,9.322318151376376,7.904792710303275,6.599983436797816,8.34385535929896,36.09885930734893,0,Laptop,69.72589190019657,43.654578100032,0,1,3,0,0,1
3856,25,Male,South America,Low,Master,Student,10.088445865560985,197,72,401,28,5.060334149598336,6.159027838483708,1.163915019191733,6.994995912801454,13.507666857964637,8.372094976535253,2.214180825421669,42.13555499612309,1,Laptop,52.276947941317495,40.64651247568177,1,5,1,2,3,1
3857,25,Male,Middle East,High,Bachelor,Unemployed_Looking,5.34135127560524,91,177,99,138,4.979264119734778,7.382600739586108,3.871743960548771,4.813471395575102,3.291913153986799,4.0488151145724816,8.725698990985796,66.41790392666539,0,Android,71.00539704813292,23.35864962026377,1,3,0,0,4,0
3858,13,Female,Europe,Low,High School,Student,4.872302733772953,96,506,125,186,7.0,7.3602294650907965,2.2806522655200725,11.770343191811095,7.413932798690905,3.370581938421844,8.782845286138617,8.637579865958863,0,Android,61.1475989953962,30.64234085368503,0,2,1,1,3,0
3859,27,Female,Europe,High,Bachelor,Full-time Employee,11.273343654211056,211,354,299,211,4.067582809010416,4.879159507982493,2.708363867276196,10.927808452919892,11.940577399225974,8.348389350730997,2.9973061230003304,7.458576352853374,1,iPhone,66.40705029290544,47.14773918642528,0,2,0,0,1,3
3860,32,Male,Asia,Upper-Mid,Bachelor,Part-time/Shift,3.320122801060323,62,348,92,97,1.4887453736439042,8.930274638698435,4.368348774079178,5.680783037124694,4.892410673484156,1.041927750465801,9.705950634787138,52.60958504389064,0,Android,63.81477447551672,20.5253156164402,1,1,3,0,2,0
3861,17,Female,Africa,High,High School,Student,6.700920702768664,137,448,74,112,5.168880930105128,7.629305705631435,2.3787541998334927,6.463418733874423,6.944694827752925,6.158846792764135,7.702254161748699,20.91722917339062,0,iPhone,59.06796634348966,35.95050681154213,0,0,0,1,3,3
3862,28,Male,Asia,Low,Master,Full-time Employee,4.341019967698352,117,217,374,40,1.866720167115092,6.366317724198417,2.333955018081676,5.483754552817238,7.259269926864302,2.713632059908333,8.292132313650328,38.20842171174776,0,Android,57.26853874562626,24.091318676006647,1,1,1,2,1,0
3863,28,Female,Africa,Low,Master,Part-time/Shift,7.947216455550354,175,230,37,66,6.139352622959767,7.377077895551928,2.6615589996683355,10.189011181555664,8.889078138579013,9.494831710184284,5.460422956005716,60.39089567700705,1,iPhone,59.29380539722601,32.67324408400767,0,0,1,2,2,3
3864,28,Female,Asia,Low,Bachelor,Full-time Employee,6.772955348853058,143,136,154,115,2.760591245260927,7.8849304226745085,2.376462140574862,6.797223854256767,7.097849534694729,1.1319054775733244,9.295331699442228,56.777822094906526,0,Tablet,81.19593807925938,29.504863328928497,0,1,1,0,1,2
3865,22,Female,Middle East,Upper-Mid,Bachelor,Part-time/Shift,5.057596229155566,89,189,107,128,2.3010560458109377,9.171566331760284,4.6116990345312425,7.850885301872196,6.095716702308698,1.8296225028915456,8.654331559722745,52.53029514688479,0,iPhone,60.21613136334472,21.74277862928822,0,3,3,0,2,3
3866,44,Male,Africa,Lower-Mid,High School,Full-time Employee,6.941844031717453,152,625,132,137,3.928535255440977,8.725533914787068,3.1420316554406837,4.21684316872756,6.065724488768668,3.782752251655966,5.406332716693375,19.884614529013856,0,Laptop,45.49550820811033,45.181081444329344,1,0,2,1,1,1
3867,40,Female,South America,Low,High School,Full-time Employee,5.124464748951115,82,271,186,66,0.52880734043068,7.943620365399296,2.956321237171464,6.426747933874863,6.403676229798601,5.278274788609873,7.703624635907919,47.67700112180779,0,iPhone,70.61636914529551,25.09403817377041,0,5,1,1,1,3
3868,37,Female,Asia,Low,Bachelor,Full-time Employee,4.963460764614173,103,149,133,101,5.8249527090221385,7.74663763944574,2.585725829793518,5.701388300136641,9.50900993979245,2.7227438263928923,5.926370830115928,60.58555895586986,0,Tablet,54.86813774218774,23.774049053119825,0,1,1,0,1,2
3869,39,Male,Africa,Upper-Mid,Bachelor,Full-time Employee,2.228262555459147,26,166,97,75,1.0679359796375432,7.984867726578755,3.7281474095690967,6.115029117438826,0.4109177124404207,4.972506314176697,9.50431613387126,43.66332372470571,0,Tablet,43.216562261640966,11.357140022642882,1,0,3,0,1,2
3870,21,Male,Asia,Low,Bachelor,Part-time/Shift,8.969180029250783,187,252,77,102,1.5641400335809112,5.854836641184567,2.9046021587816395,4.574750241067543,7.989117950860096,8.143833364962282,1.7948727573952927,50.259402337754736,1,iPhone,70.45657335734646,41.00918532518566,1,1,1,0,2,3
3871,23,Female,Africa,Low,High School,Part-time/Shift,3.624889379788325,75,157,31,137,0.0,7.464132142268151,2.455415905276844,8.587663782382855,2.1659015489694275,7.998202455953174,3.596050914292754,79.39041416170392,0,Android,60.647599766371215,15.24994854130172,0,0,1,1,2,0
3872,40,Female,South America,Low,High School,Full-time Employee,4.336471751316163,68,127,82,128,6.885485118320293,7.502483748158853,4.227315569772459,5.43005464075609,0.4332401331090751,1.2692397896170966,9.431189993390948,65.64297547659623,0,iPhone,52.4197806872438,19.07569673278456,0,5,1,1,1,3
3873,15,Male,South America,Low,High School,Student,3.9380075061212247,96,231,142,334,2.0907916833657034,7.608332299042962,3.881033383194407,3.0807961793035834,3.3403104571990654,9.782421953085928,1.3969088613306226,45.63072705119701,1,iPhone,67.90439073056905,19.97409661461895,1,5,1,1,3,3
3874,23,Female,North America,Lower-Mid,Master,Part-time/Shift,8.147005324148637,157,179,131,94,4.16037306140682,6.604936831377028,1.442714979139864,9.046410245361018,8.110651326461111,3.2539753291759848,8.054257155201222,50.44101754609362,0,Android,56.36476676342165,35.24514706087472,0,4,2,2,2,0
3875,23,Female,Europe,Upper-Mid,Bachelor,Full-time Employee,6.090323764290861,139,175,129,55,2.12600422236675,8.859307928921025,2.887348731712152,6.253510533358432,2.428902658884477,2.442621208901964,7.908153644514159,76.87552361368816,0,Android,81.31128664186485,27.97001915746901,0,2,3,0,1,0
3876,42,Male,Africa,High,Master,Full-time Employee,4.968428442547934,102,402,198,199,5.786904526055821,9.024566360950216,2.9026937498139462,5.33325740663294,9.176290158733794,2.884265801361089,8.091123714858602,43.5819645491738,0,Tablet,63.57679332276952,30.108868607835493,1,0,0,2,1,2
3877,38,Male,Asia,Low,PhD,Full-time Employee,5.212467810910883,103,270,144,233,4.818663254864797,8.757773362433191,3.7429743087732743,4.110064020409068,10.35262854290026,7.864436064970017,3.955547671818759,50.06117360871831,0,Tablet,66.12133474154092,27.258647094695743,1,1,1,3,1,2
3878,29,Female,Europe,Upper-Mid,High School,Student,5.385140768245803,89,273,182,92,3.3032655228993435,7.152056827711359,4.345523634075876,6.724551053440332,4.745337886951746,2.3937774883351244,9.993692322576893,40.63351800455262,0,Tablet,71.2099776265175,25.547026413262163,0,2,3,1,3,2
3879,43,Female,Europe,High,High School,Part-time/Shift,3.947482307835441,78,178,29,26,2.559198991754972,8.146575497755112,4.1867391677440695,6.099908991185678,1.3627810157660594,5.897982382379029,9.1344757268191,68.91404675196198,0,Laptop,68.18698639206194,20.10447746225999,0,2,0,1,2,1
3880,33,Male,Europe,Upper-Mid,Master,Full-time Employee,4.4706863738666,67,599,182,43,5.743415493266272,7.984750931204817,2.498060422375086,6.652383318737539,9.668824770125212,5.665806429671868,5.143423769153928,0.3623349240131142,0,Tablet,67.59492659287756,29.88149332078204,1,2,3,2,1,2
3881,16,Male,North America,Lower-Mid,Bachelor,Full-time Employee,7.7323893070685745,187,245,161,182,6.256132960586965,7.36034964563468,2.043128830805963,5.189208585072927,10.423897844782823,4.244283533574953,6.329734146162354,50.553618078219216,0,Laptop,57.50909080693204,38.11111206573996,1,4,2,0,1,1
3882,20,Male,North America,Upper-Mid,Bachelor,Student,8.671158650486289,185,320,132,237,2.6235318504508167,6.392076248840128,1.3453360382926856,5.91348052719383,9.326738376364176,7.012238253019879,7.01928340004876,38.36430752268775,0,Android,67.52530106040213,41.8470435750822,1,4,3,0,3,0
3883,29,Female,Europe,Upper-Mid,High School,Full-time Employee,3.9678628121886543,102,361,230,39,3.064423249614625,8.019043903542958,4.042310826500732,6.82821874735627,5.343917149197125,1.6791960561064505,7.687853045261411,19.231853470153524,0,iPhone,55.860414239950686,25.491265483421245,0,2,3,1,1,3
3884,25,Male,South America,Lower-Mid,High School,Full-time Employee,6.919041298631051,144,282,401,0,2.818452082628447,7.992807951529634,2.564779890963704,3.617539962952021,7.956911875280135,1.0,7.858921107501863,21.320377249889336,0,Tablet,74.6173825954083,33.90171616713326,1,5,2,1,1,2
3885,26,Male,Middle East,Low,Bachelor,Full-time Employee,8.7406578650718,147,216,54,246,0.8307909584357578,6.61552811964325,1.323095766772995,8.892931698072061,12.089693485107237,5.0357789042262695,5.859222451640395,49.58826141347402,0,Laptop,60.37623244291492,36.55412577148329,1,3,1,0,1,1
3886,20,Female,Europe,Lower-Mid,Bachelor,Student,8.565709838755392,167,356,44,95,3.882416182428232,6.97381891921794,2.4569560059804827,6.937234402933688,11.53977025470281,5.026799181188315,7.39387429515465,57.36577644672437,0,Tablet,49.55894271787447,40.82935852770797,0,2,2,0,3,2
3887,30,Female,Asia,Low,Master,Part-time/Shift,9.309874319551112,191,493,111,48,2.6487584164542204,7.364454162638681,1.5871077011770662,10.363966934447506,9.10140573897458,7.842886064109782,6.06375693746968,30.234908811654652,0,iPhone,61.39121666429798,48.88873755790584,0,1,1,2,2,3
3888,23,Female,Middle East,Low,Bachelor,Full-time Employee,7.387631609269181,121,131,385,40,2.9669206599267697,7.852559956294693,2.8438669611316705,4.62762147263728,4.744914202161799,3.060077075839527,7.870393008455897,47.8134625853391,0,Laptop,57.66019423751446,29.23622071283573,0,3,1,0,1,1
3889,26,Female,South America,Upper-Mid,Bachelor,Part-time/Shift,12.825553785646177,179,445,134,78,3.6874108113002015,5.267470380018085,3.2791361257646705,4.800310005784489,19.679800044355773,4.338446405583198,2.3146986558812825,21.503002681088144,1,iPhone,71.79106977915492,55.00768602216479,0,5,3,0,2,3
3890,23,Female,Europe,Upper-Mid,Master,Full-time Employee,6.523976203471433,155,224,107,18,3.608971499945178,6.207133386225495,1.4208993420171891,7.923969638416981,12.728686570779985,3.648796166407013,8.740368672339015,53.33643227359584,0,Android,56.854719322698976,32.95853196145854,0,2,3,2,1,0
3891,28,Female,North America,Lower-Mid,Bachelor,Full-time Employee,7.2662279628004995,117,133,90,111,1.322671235900884,7.522288924018359,3.4115590119520625,6.256951979433826,9.49926556977954,1.8455719069468128,9.888967187049984,67.21354518547109,0,Android,63.76722913425744,28.450569644678147,0,4,2,0,1,0
3892,20,Female,North America,Low,High School,Student,5.331569197105943,103,490,47,56,4.893793215319837,6.839955814279675,4.043775680100982,5.511945046852997,6.129374933092614,5.012902451087726,7.824163462199087,35.12224390211113,0,Tablet,63.75208971853745,31.52071800382452,0,4,1,1,3,2
3893,23,Male,North America,Low,Bachelor,Full-time Employee,11.202606052499783,195,460,273,219,4.731739095820202,3.953024453235874,1.6466814255633282,16.070219277189665,16.534872177223384,8.182704808496904,1.6468220944369312,23.3873863940168,1,Laptop,61.22511993330339,52.73678989000388,1,4,1,0,1,1
3894,25,Female,North America,Lower-Mid,Bachelor,Full-time Employee,11.204167767903922,238,159,172,77,3.020382661684761,6.099180732806337,2.9321888339633726,9.930442082185236,7.8238058804168915,4.758043723034559,7.425690570875663,64.11121195531081,0,Laptop,68.57494418864643,48.194635537644416,0,4,2,0,1,1
3895,28,Female,Middle East,Lower-Mid,PhD,Full-time Employee,9.117247387115764,172,396,323,186,1.7529661847082871,5.808072610173056,1.0154382913583386,4.97599308827737,15.492870592094494,6.412947553317194,1.8116187482001045,20.241172337337325,1,iPhone,65.43517105859881,45.12723517294442,0,3,2,3,1,3
3896,19,Female,South America,Low,High School,Full-time Employee,4.682359075416327,136,437,86,115,2.274510728566263,6.780140619823516,2.9800839109667305,6.35236039353598,8.951232632753278,6.804953801910536,6.30459755103733,27.528803286036705,0,Android,67.81314162878186,31.293963417832824,0,5,1,1,1,0
3897,30,Female,Europe,Low,High School,Full-time Employee,5.9233564577600895,101,561,149,9,4.816990007832486,6.436577583231083,3.8702664698346743,6.746729754600097,5.970605255452721,4.083578128927989,8.317609811636016,10.90515347425798,0,iPhone,59.67491715857715,35.48417213517567,0,2,1,1,1,3
3898,18,Male,Middle East,Lower-Mid,High School,Full-time Employee,7.095140499180637,149,671,401,91,1.354282320448574,6.777461348803228,3.2849049782282007,5.019916574679886,6.543893063459529,8.854074980941528,6.893388455503954,0.2467568112194464,1,Laptop,61.32166420215964,40.85779591521249,1,3,2,1,1,1
3899,42,Male,Middle East,Upper-Mid,Bachelor,Full-time Employee,1.6519969797090166,28,247,156,0,2.445786510493161,9.186894441754074,4.8487778387694265,3.4576905509826585,2.568029725743213,1.0220505915501026,9.15390076322154,46.45482222305487,0,Laptop,63.1555089914801,12.165363774430364,1,3,3,0,1,1
3900,33,Female,Middle East,Low,Master,Student,9.447420919569373,166,213,104,231,3.4552779472812283,6.63642247146502,2.5614475906514893,7.393568333453589,7.390872034820453,9.796978944153077,2.3180180087240743,46.12871121563747,1,Laptop,68.73525070071605,40.20378719383401,0,3,1,2,3,1
3901,23,Female,Africa,Low,High School,Part-time/Shift,10.726726080329868,237,820,222,87,5.104983024674898,5.476264781253759,2.204096745435415,7.883224171349815,17.557707296694137,8.12648888119702,3.793643595146301,0.0,1,Android,59.53625001384281,70.39032893179548,0,0,1,1,2,0
3902,25,Male,North America,Upper-Mid,Master,Part-time/Shift,12.836556089217586,170,641,334,193,0.99752845901678,5.969686700228071,2.365973702944138,9.005092133046313,13.879693835672605,8.72801182116795,3.6515222861074736,19.20252503342672,1,iPhone,73.98565442327488,58.89201484661529,1,4,3,2,2,3
3903,39,Female,Africa,Low,High School,Full-time Employee,6.445518268536407,87,280,90,15,3.002523290057441,7.921390483447791,2.9311865783798434,7.376955825271291,11.859429508356808,1.0,9.6149301608914,50.61070535101069,0,Laptop,65.44110695037236,29.029522511434173,0,0,1,1,1,1
3904,37,Female,Europe,Lower-Mid,Bachelor,Full-time Employee,7.777999113424698,110,391,20,78,2.9484590296516906,8.271375060873984,2.007407914238479,2.950058949009834,8.872938181203894,5.777477547087892,6.291811876467384,39.98386644831571,0,iPhone,63.58644395624271,36.79559603128944,0,2,2,0,1,3
3905,31,Female,Asia,Lower-Mid,PhD,Unemployed_Looking,10.293461861071668,186,820,74,5,2.958677538879688,6.35285380895799,1.0515139355920182,9.16493272150158,13.046403853990816,9.885924445972842,1.938683828071867,1.4979305983375315,1,Android,69.91891801053802,61.12706518351911,0,1,2,3,4,0
3906,40,Male,Asia,Low,High School,Full-time Employee,8.127470227804464,144,629,76,88,0.0,7.399060303488494,2.778835747126779,7.665578762361411,13.664435544514776,10.0,7.367850410167011,23.759666634541432,1,Tablet,57.75523259870957,46.51586521001293,1,1,1,1,1,2
3907,22,Male,Middle East,Lower-Mid,Bachelor,Part-time/Shift,3.922827198632036,77,187,93,0,2.0155530162990045,7.773480071481789,2.886948381151048,5.222546198128891,3.55986849244434,7.64082852299013,4.7684033553085134,54.88759189955122,0,Tablet,71.84447575697874,18.15857112656784,1,3,2,0,2,2
3908,32,Male,Europe,Upper-Mid,Master,Full-time Employee,10.9965154797764,214,303,250,15,4.690069760689188,5.901432184658894,2.157577941118352,6.307218966555582,15.00507184366591,9.992019551820636,2.3239627085352947,27.865144608776298,1,Android,82.47420197328803,50.31994720903369,1,2,3,2,1,0
3909,30,Male,Africa,Lower-Mid,Bachelor,Student,9.096799734323,149,185,180,124,1.080389968590996,6.3196050060590325,1.5413738647962172,6.479131970392978,10.19043790605424,9.875378418591623,5.9481908410012805,57.73283108440445,1,Laptop,66.7207251672701,37.04030803763739,1,0,2,0,3,1
3910,41,Female,North America,Low,PhD,Student,4.080429866314644,79,163,157,66,2.994467922024016,8.734143931152403,4.315553675357522,6.041700304959698,5.814588136589343,1.0,9.213162047535327,72.20124691311845,0,Android,69.8734180753582,19.920030474652865,0,4,1,3,3,0
3911,28,Male,North America,Upper-Mid,Master,Full-time Employee,9.508343929922727,170,339,214,35,3.257004352774527,5.984850058281044,2.485239908231685,4.626621666557687,9.250577371900098,2.4719726309428856,8.97541872487417,47.72436942215568,0,iPhone,79.73148918418238,43.62487538906445,1,4,3,2,1,3
3912,23,Male,Africa,Low,Master,Full-time Employee,9.703597870779182,236,403,209,13,3.07152838141003,4.7758236166820405,2.2400993386912957,11.481490005675177,19.58676018803141,2.23516522649109,8.107410838858376,33.566227263977645,1,Tablet,59.95877716279527,50.13295779411848,1,0,1,2,1,2
3913,46,Male,Asia,Upper-Mid,High School,Full-time Employee,7.213290973135049,145,499,80,80,1.1790257503562378,7.680658136047669,2.846914554045938,5.913368943280649,8.788504902800339,8.942251773686316,1.1862357125101717,18.06884906760834,1,Tablet,43.21007611221095,42.94809012506845,1,1,3,1,1,2
3914,13,Male,Middle East,Lower-Mid,High School,Student,8.65571507667182,150,820,185,20,1.990179532265478,6.461775382024823,1.8480256766354857,5.055215824850176,13.79199521765544,9.84729778355161,3.714150693149233,0.9193855204909892,1,Laptop,65.15833994760678,58.1552110156052,1,3,2,1,3,1
3915,19,Male,North America,Low,Bachelor,Part-time/Shift,2.701601033559609,93,268,254,63,5.090468749106829,8.136629262381973,3.157417825120317,4.063257693726501,0.3221412761881363,1.2319023417026775,8.566968888936524,40.99473306508851,0,Android,54.14568823237429,18.66087926170177,1,4,1,0,2,0
3916,31,Female,Middle East,Upper-Mid,High School,Full-time Employee,8.749717739411128,193,196,49,111,4.883995389173012,7.554385089246646,2.121530594048357,7.708771728187015,9.168565643445588,1.1024889653398466,9.377074909787254,64.6496957183009,0,Android,59.98058866705099,40.3762142757481,0,3,3,1,1,0
3917,23,Female,Europe,Lower-Mid,Bachelor,Full-time Employee,9.244449277372183,134,366,147,150,2.1002952589679253,5.386093426949714,1.9671532241341991,10.538665475486438,8.672234816249095,1.7725010745131002,8.607123537433878,42.792173151506326,0,Laptop,71.5726100137147,40.823687114776426,0,2,2,0,1,1
3918,42,Male,Asia,Low,High School,Caregiver/Home,6.153460317355629,120,427,94,70,3.4243963779750177,8.22951127387317,2.2597603056199285,6.263616730615068,10.618805270869291,1.094462272989663,8.778635440220885,41.80571278604574,0,Laptop,41.84736009946702,36.54169586012395,1,1,1,1,0,1
3919,20,Female,North America,Lower-Mid,Bachelor,Student,8.60353092699958,148,336,86,133,3.5919329040095955,6.125504893107344,1.7586977944989968,7.745437624752309,11.339820911748768,3.699966325488174,6.766090743720899,38.50766887719664,0,iPhone,70.69485945226616,38.82140988529132,0,4,2,0,3,3
3920,25,Female,Asia,High,Bachelor,Student,11.019842875972168,235,245,290,167,3.4378790002315,6.533458093023212,1.992728137365555,16.070219277189665,11.10570192431876,9.922512813666616,1.146181183318699,30.16096951584864,1,Tablet,59.13521127679231,50.72274701905757,0,1,0,0,3,2
3921,24,Male,Africa,Low,Bachelor,Full-time Employee,7.627110714396876,223,359,118,194,6.8542648259775145,7.297332349503397,3.1543425536737555,5.199388732936935,12.439059141041588,8.921311968174974,3.158133063424123,36.79538548666597,1,Android,80.3947839797222,42.91796806900068,1,0,1,0,1,0
3922,20,Male,Europe,Lower-Mid,High School,Part-time/Shift,6.618083735726807,131,646,181,44,5.083221088355183,6.1687630007302285,3.1947925691202084,2.760597607807413,9.608145194095393,8.101180190954915,5.725325614889727,49.78148571427125,1,Laptop,62.1323946303818,41.19196208394575,1,2,2,1,2,1
3923,33,Female,North America,Upper-Mid,High School,Full-time Employee,3.678098990524073,86,365,120,155,3.41760902810373,7.647184232250518,2.773154392306283,5.28020178828635,4.906892043450386,2.633078491540431,9.316604791155036,28.329459646704272,0,iPhone,53.628292984573,23.84531449335277,0,4,3,1,1,3
3924,26,Female,Europe,Low,Bachelor,Full-time Employee,7.0807404548925215,156,693,67,114,3.4692245600355944,7.029032693456569,1.9895178456665,6.417477833624901,7.650698308421717,4.555128166333198,9.356991209054277,22.576173109393785,0,Laptop,67.82606251387696,45.91338492880652,0,2,1,0,1,1
3925,25,Female,Asia,Low,Bachelor,Full-time Employee,6.2044942793947735,94,264,228,116,4.463219975101276,7.753262168296907,3.107029043422565,9.503310568399286,5.948465162042715,7.360077538561541,8.542512573872454,26.07180998066168,0,iPhone,82.62607589651472,26.83286378247797,0,1,1,0,1,3
3926,19,Male,Europe,Low,Bachelor,Student,9.070072448260673,183,165,74,175,2.47602764255048,6.746219065305421,1.4832055621897184,3.566830169248728,11.349818141623912,9.07445508515176,7.766513891478296,75.20438776701081,1,Android,67.7571189969377,38.28568118768341,1,2,1,0,3,0
3927,19,Male,Africa,Lower-Mid,High School,Full-time Employee,3.3675740605206723,84,275,57,44,4.099672888216686,8.278274800237671,4.685936220101521,2.4778745175780323,0.8474294092099686,1.1253019828140265,9.58800404736345,46.91822207133876,0,Laptop,63.29539899042241,19.926348100674016,1,0,2,1,1,1
3928,35,Male,Middle East,High,High School,Caregiver/Home,5.14288611838915,128,323,66,168,2.712759975958047,7.709358649910228,2.7989812084221417,2.634789937707607,7.001651637246661,8.758343331123411,2.346092267145073,50.255948570019214,1,Laptop,79.12742344361085,29.45025271419659,1,3,0,1,0,1
3929,31,Female,North America,High,Bachelor,Caregiver/Home,6.375875226480322,130,293,93,186,3.171644716200479,7.938573648495177,3.4496463957637062,6.844344289428075,8.961026135541195,8.903273754686497,8.479182509962346,58.902095472274496,1,iPhone,64.2838269529239,32.343017167685225,0,4,0,0,0,3
3930,21,Female,Asia,Low,High School,Full-time Employee,9.787491125972908,185,249,103,63,1.6968942623295995,5.552320393010265,1.4857020062509017,11.390965528258825,10.351117564432238,8.51213501581663,1.499676285217433,34.49667474490471,1,Laptop,57.06593955381854,42.76025317962386,0,1,1,1,1,1
3931,21,Male,Africa,Lower-Mid,High School,Student,5.952918527193884,122,406,86,43,3.341120073815642,8.19210030726586,3.673325477975951,1.799924471611933,4.974623671905178,2.140806103987353,6.141062051510547,23.90047614491597,0,Laptop,73.90041249902019,32.00205755074778,1,0,2,1,3,1
3932,39,Female,South America,Low,Bachelor,Full-time Employee,4.480626463995843,97,294,50,155,3.128916484415634,8.304195977167133,3.565822618901016,5.328753768161571,7.616866724645888,1.0,8.920447237695473,53.253269479172026,0,iPhone,55.87412127215876,26.239880174633203,0,5,1,0,1,3
3933,25,Female,Asia,Lower-Mid,Bachelor,Student,6.721671345829326,130,420,144,5,1.6264610530022665,7.616469762928696,1.795587476546803,5.759174723571725,12.0376239399317,2.331601114481996,8.722128298459841,27.66180326721835,0,Tablet,62.63932935249343,35.664762017875304,0,1,2,0,3,2
3934,28,Male,North America,Lower-Mid,Master,Part-time/Shift,12.906020037333162,207,118,196,208,2.7223510931045443,5.995365390529752,2.5229192071610003,16.070219277189665,22.5,9.816862226436085,0.6358613805811091,59.54594320677881,1,Android,58.559715471045415,49.57474317376904,1,4,2,2,2,0
3935,26,Male,Europe,High,Master,Part-time/Shift,6.832062159932751,158,272,92,235,0.8528934395445329,7.505533304185221,1.78266511384588,0.9733518100846208,7.768202153355143,9.96684432425526,3.00719651067532,38.905328953238,1,Tablet,67.8517438373891,34.350642833269646,1,2,0,2,2,2
3936,28,Male,South America,Low,Master,Student,5.134329845689464,109,268,76,110,5.543586792524119,8.859013045015589,3.008206257698664,5.9454020380414745,8.613591882997024,1.4069100104904633,8.557925337823695,59.51938568900568,0,Laptop,66.84016133242451,26.298437991926964,1,5,1,2,3,1
3937,19,Male,Europe,Low,High School,Unemployed_Looking,13.696648393287225,316,132,150,6,5.881454773230762,6.201316980989453,1.317537158818708,4.01753271667028,18.260848273513272,9.54969414840049,3.1120613343147485,54.13442501805336,1,Laptop,70.65963468810146,62.52131423515856,1,2,1,1,4,1
3938,32,Male,South America,Low,High School,Full-time Employee,6.815277251304398,173,80,129,49,6.791297625982741,7.246868968481192,3.104253537125424,4.361172887111116,10.91716400129488,1.0860086838001135,9.735965359855108,50.20787820310859,0,Tablet,72.73054020179794,31.471113535475872,1,5,1,1,1,2
3939,26,Male,Middle East,Low,Bachelor,Part-time/Shift,6.550480297662289,127,238,206,62,2.930014567134637,7.030218976071798,3.929849983930513,4.243524488892534,4.588928617462827,5.112927038064074,5.07499466867891,53.87508836861692,0,Android,54.24799883436513,30.937522857578557,1,3,1,0,2,0
3940,22,Female,Africa,Upper-Mid,Bachelor,Full-time Employee,4.667595945739292,115,350,78,113,4.124081141655293,8.650344519402159,3.000146674493021,3.278510481967733,6.096044371766277,3.6673019315326334,5.695348227430637,49.05571490587593,0,Android,57.53081508805607,28.09196327734286,0,0,3,0,1,0
3941,45,Male,Asia,Lower-Mid,Master,Full-time Employee,5.555722881525727,104,332,132,166,4.765917153579646,8.923680687834446,3.856935467439571,3.977055323884251,1.9129863054353669,6.868878452485032,3.7011238547913856,44.94795520695324,0,Android,61.40389514803779,30.075307612408988,1,1,2,2,1,0
3942,20,Male,Asia,Lower-Mid,Bachelor,Full-time Employee,7.011014407601437,147,364,162,108,2.6938791519934195,8.288372687661303,2.285582825061211,1.4778237234057243,12.303790010840132,1.6848915182664734,8.090038462725705,35.72047705776597,0,Laptop,66.90256038483605,35.45855516677587,1,1,2,0,1,1
3943,34,Female,North America,High,High School,Part-time/Shift,4.510409921812893,105,237,90,130,3.987930529649598,6.849996570236904,3.904091221699502,3.422845997558573,3.833589147834264,1.4418990608680284,8.468775356717535,55.08731929807277,0,Laptop,60.700008468657735,25.084841398096945,0,4,0,1,2,1
3944,29,Male,Africa,Low,High School,Unemployed_Looking,9.956414095770109,196,558,383,78,5.165307546956057,6.579260756052299,3.31027798337336,10.523988812059894,13.352306767973555,3.884667336907172,9.14741648003567,9.353410415966165,0,Tablet,76.08948541695803,52.66823314564203,1,0,1,1,4,2
3945,26,Female,Europe,Lower-Mid,Bachelor,Full-time Employee,6.473232673731039,159,298,87,108,4.076513540705251,7.280825150349552,2.5107944813012497,4.081746515588149,7.098269522066449,5.4597729880465495,7.023340597532937,57.051620242463606,0,Laptop,56.11965376434612,34.923729299096145,0,2,2,0,1,1
3946,21,Male,Asia,Lower-Mid,Bachelor,Full-time Employee,7.235735681706827,115,134,128,19,5.462266283288642,6.866165862373768,2.892421964345868,3.380424505470197,11.134819620278352,3.575726876476758,6.822301069936132,60.45441033837098,0,iPhone,66.10539186662947,28.211090183425807,1,1,2,0,1,3
3947,36,Female,Africa,Lower-Mid,Master,Full-time Employee,7.59610328518987,139,395,238,184,2.411676054719425,7.549693287665079,3.325666626338406,4.717227255937412,8.690369300653172,4.017718298226459,7.105512819381216,20.94741084073716,0,Tablet,73.79428575410167,38.67095844442365,0,0,2,2,1,2
3948,39,Female,Africa,Low,Master,Part-time/Shift,5.5498211092480005,125,355,86,112,6.00485524998764,7.822986166942905,4.114166003721826,6.965545573509382,5.298641997753216,1.0,9.361904699273984,31.35182750488305,0,Android,55.3208156214134,32.25751550273927,0,0,1,2,2,0
3949,19,Female,Europe,Low,High School,Student,3.832277992792565,85,164,127,61,3.819516962731732,7.16765711691823,4.044700585915264,6.631114180840957,3.135262694044161,8.72397575946214,3.5751705979996804,52.944804224815066,1,iPhone,57.4018542226513,18.17541033197163,0,2,1,1,3,3
3950,24,Female,Europe,Upper-Mid,Bachelor,Unemployed_Looking,4.808198618296087,118,102,288,139,3.333109740321528,7.433865431885387,2.6068569919364344,5.378970393342589,7.546510645401713,1.9789716598272464,8.702606069736897,52.122121930350986,0,iPhone,60.89676703299502,21.67435511703838,0,2,3,0,4,3
3951,30,Female,Africa,Upper-Mid,High School,Full-time Employee,5.184881596187148,112,296,118,199,1.4492791750540537,8.380121737609139,3.330198108956417,5.304933052023213,4.503851468737862,1.0,9.532777210661406,41.68181255212741,0,iPhone,64.17624990133199,28.115412225472856,0,0,3,1,1,3
3952,37,Female,Africa,Low,Bachelor,Part-time/Shift,6.320988445615587,123,179,16,124,0.7368325573947619,7.190350906538708,2.0796300397856946,6.343580442999308,9.316051841780272,2.326499452005935,8.136585680577731,50.29885276380069,0,iPhone,55.07520500598895,28.65024861369373,0,0,1,0,2,3
3953,46,Male,North America,Lower-Mid,PhD,Unemployed_Looking,8.253580844646704,131,399,27,4,2.184853120833792,7.980939403165562,3.2269455798280147,4.61916553426929,9.97793907421286,7.119085465289636,4.778772024165741,32.83739513765101,0,iPhone,79.35779014102292,40.34978742076333,1,4,2,3,4,3
3954,36,Female,Middle East,High,Bachelor,Student,8.306187579374201,124,277,22,33,3.699850531441301,8.601914458793125,3.0553325985475746,8.968421853275386,6.657635060386118,9.623216899333178,6.775753385987032,45.56699321382981,1,Android,75.63783293902316,36.832534800667055,0,3,0,0,3,0
3955,49,Male,North America,Lower-Mid,Master,Full-time Employee,10.539840214369988,211,279,98,136,1.2049683963627775,6.793324099948084,1.038739985105066,9.853945107195608,17.93757446486899,3.483809262440033,6.4060870957213965,53.99628599239019,1,Tablet,78.90652318487201,50.88720620657476,1,4,2,2,1,2
3956,22,Female,Europe,Upper-Mid,Bachelor,Student,5.6893319082123925,100,569,320,33,1.4671390174467571,8.444825743701287,2.2179667899492004,2.629470174882534,5.560713747951017,2.0769292783809306,9.152595005121498,3.307470595440602,0,Android,60.77042768243285,34.086624199784374,0,2,3,0,3,0
3957,17,Female,Asia,Lower-Mid,High School,Part-time/Shift,5.592628712658326,143,727,41,144,1.744667898157945,6.419543012757504,2.4569314608422164,2.1347036155056576,3.751711819564249,7.993443254276844,2.8850407108475395,10.686520679483683,0,Android,68.84480622585586,40.694858985764014,0,1,2,1,2,0
3958,23,Female,Middle East,Lower-Mid,High School,Full-time Employee,7.277656105045347,204,153,176,65,1.5209108248401595,6.287213147852223,2.387337418117598,5.608476736004503,8.090551812124273,4.266800239629927,8.927638776173783,57.723536934617016,0,Laptop,72.9721346769368,35.30508580479163,0,3,2,1,1,1
3959,36,Female,Europe,Low,Bachelor,Unemployed_Looking,6.578087615995577,89,545,78,10,3.494393712130129,7.132679055930055,2.535167970491555,4.6683609101841785,7.442164592779803,3.962456274440721,7.022160002460832,24.06776322526332,0,Android,68.36620470313736,36.90628586469396,0,2,1,0,4,0
3960,32,Female,Asia,Lower-Mid,High School,Unemployed_Looking,7.560109793059342,134,390,88,80,1.5767448284778829,7.92405178105752,3.1153486970495647,14.01201481782382,8.011181887506472,4.476520712598539,2.2989550005259227,29.415662376746965,0,Android,65.31348194478883,38.42059686609926,0,1,2,1,4,0
3961,27,Male,Europe,High,High School,Unemployed_Looking,10.628831546257278,209,247,72,55,3.5443152025179536,7.140901074298556,1.601015295800658,13.008982353851671,17.468754695276196,9.56228505865444,1.108890852000055,56.09018126448193,1,Android,58.21647261567483,47.23994921584326,1,2,0,1,4,0
3962,14,Female,Middle East,Lower-Mid,High School,Student,6.82335815278858,157,228,117,77,1.741846610991315,8.605945913008858,2.7871700295538573,6.207525316810998,12.91001796479945,4.224276143376805,8.430969457995095,72.49375179811452,0,Tablet,73.11560840910951,32.59647836291527,0,3,2,1,3,2
3963,16,Female,Africa,Upper-Mid,Bachelor,Full-time Employee,7.6667392079223955,214,353,163,112,3.428377743330188,7.660429640140879,1.5292618112983474,7.576247221013555,8.065731955590715,8.787506535535472,9.83782926934191,39.9815546003736,1,Android,74.88429996516369,42.83206176567524,0,0,3,0,1,0
3964,28,Female,Asia,High,Bachelor,Full-time Employee,8.086361325946438,159,217,127,10,3.006773308366684,8.00556398520201,2.3994072458057154,7.209866587089924,8.876367689212243,2.2433951366443634,9.900254964668852,58.639577039149465,0,Tablet,68.29331794843382,36.58827607319645,0,1,0,0,1,2
3965,25,Female,Asia,Upper-Mid,Bachelor,Full-time Employee,4.683864506544791,114,62,191,174,1.949227197384909,6.85947662864825,2.8553450087045533,4.897941714947677,3.072414321822368,1.1784786070403117,8.536738939517813,59.816273239589584,0,Android,65.15969994929699,20.54327884414821,0,1,3,0,1,0
3966,27,Female,Europe,Upper-Mid,High School,Part-time/Shift,4.819653893927621,91,194,105,98,4.954965748291686,8.09319533625344,4.594290742575423,4.662974830422144,1.4304593872420397,1.3284712789477582,8.1624160356032,53.78670903204008,0,Android,71.92657700103302,21.79378747729875,0,2,3,1,2,0
3967,39,Female,South America,High,Master,Full-time Employee,2.7417138797304785,28,154,87,44,4.054484867642581,9.034187811997526,4.0375803108301485,9.852212827973728,1.1416180446728832,6.634375298352827,9.943421043140052,67.4815934548889,0,iPhone,68.58489804221372,12.038355729703277,0,5,0,2,1,3
3968,14,Male,Africa,Low,High School,Student,11.407283553799466,299,152,147,147,5.656158195976137,5.900319929275187,3.20272964822866,9.141194270048029,13.105743019596693,8.537583627465976,0.7664623232133875,46.582213310944205,1,Tablet,79.87441943030832,53.35327264803957,1,0,1,1,3,2
3969,33,Female,North America,Lower-Mid,Master,Part-time/Shift,5.03521741574887,81,287,389,33,3.252858311458973,7.630633001753401,3.973921294652139,2.410256861419005,0.3450552521970044,7.19298601341796,3.307806762207806,21.899842747052563,0,Android,68.78119911606935,25.146073361391934,0,4,2,2,2,0
3970,29,Female,North America,Lower-Mid,High School,Full-time Employee,12.351817434667444,267,426,247,103,4.190855343780179,5.807902303133152,2.733554670541831,7.926710923062025,15.15188608998443,5.781223209235913,7.26899511862808,17.43240700157451,1,Android,60.76293094467992,61.17159131967989,0,4,2,1,1,0
3971,26,Female,Asia,Low,Master,Full-time Employee,6.066553270461176,76,180,131,165,3.513274239881652,8.262247691986428,3.891793580943824,8.203056798468776,2.278781650304092,9.108486367962406,9.196454437984174,48.2918216208543,1,Tablet,74.41620603871944,23.647866065449342,0,1,1,2,1,2
3972,42,Female,Africa,High,High School,Caregiver/Home,4.743118215447232,75,254,161,285,4.898615766127848,7.325591825563216,4.126753082353631,6.154980179649578,6.344514379330658,9.612451475109609,8.485734878815189,50.63545257701806,1,iPhone,59.26642366039807,24.35534469327181,0,0,0,1,0,3
3973,15,Male,Middle East,Lower-Mid,High School,Student,4.755983117877429,102,383,161,12,2.979668494044594,8.90303891520908,2.861809877011888,10.74088930837218,5.517895448794149,9.99413720289528,5.631929195535881,28.261945528198854,1,iPhone,62.30862663059426,27.074287499528783,1,3,2,1,3,3
3974,22,Female,Asia,Low,Master,Student,4.721325767195578,109,135,118,3,2.3428225997918,7.964426202343784,1.9895155740187,4.75754637993838,10.80720510621673,1.0008030893943445,8.47638400477354,70.5515996597134,0,Laptop,62.23345749828344,21.67278058024178,0,1,1,2,3,1
3975,22,Female,Europe,Upper-Mid,Master,Full-time Employee,3.753150603959039,90,210,145,127,4.262532570501241,7.267335963071728,4.020028459838651,4.430334349704687,2.6635398079240318,6.595206650811889,4.161493918353503,52.74029351108643,0,Tablet,56.73289467514989,19.584220263366173,0,2,3,2,1,2
3976,32,Male,North America,Low,Bachelor,Full-time Employee,6.373273263489812,172,407,393,169,2.9895446908401087,7.360023949142516,3.790524141871359,6.012168203203252,7.659024125918998,8.41839933039622,6.887795754061451,22.3553921980102,1,Android,59.85854160694099,38.97961823498485,1,4,1,0,1,0
3977,38,Male,Europe,Upper-Mid,High School,Full-time Employee,6.973782544150921,98,221,99,10,2.481591351483888,7.822338168161512,1.8717620430327533,3.911688606507876,7.83426200045471,8.682995314550661,3.51878274430456,48.64374060267827,1,Laptop,66.93061735807909,29.77185513942188,1,2,3,1,1,1
3978,21,Female,Europe,Low,Bachelor,Student,4.805805928188541,117,162,142,157,5.586449021164208,8.459172395904675,3.2372717663472463,5.873423974808064,1.8172870983540343,6.193525577329912,3.354724723052272,72.1351104512101,0,Android,59.14326888964416,23.719405359678262,0,2,1,0,3,0
3979,28,Male,Africa,Low,Master,Student,8.000079569808495,130,470,89,123,2.476604597725729,6.551287536595429,2.573957925394474,5.617950155408684,7.666681450799682,6.307205630263078,4.762917974231795,28.70506224758186,0,Tablet,72.3096269934897,40.41534007391864,1,0,1,2,3,2
3980,22,Male,Asia,Upper-Mid,Master,Full-time Employee,6.324004032465123,89,238,84,210,2.6215389460138145,7.574245108797511,3.9092810871960326,1.8588745872672183,0.0689572155334092,5.064273402031152,9.747859223842845,45.744197368003256,0,Tablet,61.205164474671776,34.019709019195226,1,1,3,2,1,2
3981,45,Female,Asia,Upper-Mid,Bachelor,Caregiver/Home,8.21464526043519,167,305,38,26,2.0163372694088246,6.244921228649468,2.9080638283798588,10.454315939579608,8.961639917120864,5.987538315682838,8.305091479683883,41.634811536103086,0,Laptop,71.30570345714929,41.456993295125294,0,1,3,0,0,1
3982,19,Male,South America,Lower-Mid,Bachelor,Unemployed_Looking,3.463399049202891,110,240,89,201,4.2259874902885,7.1953532205342565,3.016086737939152,8.676570990035703,2.477483170478504,1.75392163615435,9.74683211224845,85.00555585431887,0,Android,67.70657220071334,20.47997373939617,1,5,2,0,4,0
3983,23,Female,Africa,Lower-Mid,Bachelor,Full-time Employee,6.288762476150058,140,134,62,204,2.054551138853678,9.91952093868266,3.804156369275304,5.243545820026062,4.721585921854654,1.1330194085617524,8.293039321474945,67.92951550194535,0,Tablet,56.606527389231424,28.096205513988178,0,0,2,0,1,2
3984,20,Female,Africa,Lower-Mid,Bachelor,Student,5.141398845523775,121,244,100,100,1.8199282868618083,7.380457935388383,2.42795802664242,5.346026620560833,4.206942897965649,4.416627596982138,8.224182744078115,60.67912653141739,0,iPhone,64.3891067030175,26.831133899820703,0,0,2,0,3,3
3985,36,Male,Europe,High,PhD,Caregiver/Home,4.404072016334036,81,820,143,9,5.499972898685955,8.206551851062086,3.706753534352776,5.497496032036731,6.828820070862981,4.53669554542377,1.2492881310385018,8.606711650520971,0,iPhone,58.13664872285574,42.97630350898338,1,2,0,3,0,3
3986,20,Male,Europe,Low,Bachelor,Full-time Employee,5.464883460679483,73,512,71,208,3.889356399193368,8.407330481426497,3.0166360285764995,4.169482049780714,4.822058328212534,6.0199169067308285,8.803595975696203,24.307066347642355,0,Laptop,64.61970413611243,29.7142843157196,1,2,1,0,1,1
3987,25,Female,Europe,Upper-Mid,Bachelor,Student,14.615446264788895,290,218,253,28,2.333441082584639,5.2114076610508855,1.7189958040317683,16.070219277189665,22.5,9.796953705729791,3.1773054765286566,43.05755033775101,1,Android,73.77690333528288,62.389120953092,0,2,3,0,3,0
3988,22,Male,Africa,Upper-Mid,High School,Student,6.501452822696792,107,223,127,197,4.846288691618666,7.134373690584764,3.223995874159264,4.177824773574982,6.95252146900425,2.983709151598861,2.926367495633963,59.26328803974287,0,Android,70.79439317495617,27.577336540448965,1,0,3,1,3,0
3989,28,Female,Africa,Lower-Mid,Bachelor,Caregiver/Home,7.804344015387191,149,155,221,85,2.707893087444025,6.42343554708581,2.268457859606368,11.544334060076917,12.543471060184912,5.478653284984072,7.594523773073229,56.9573463560312,0,iPhone,55.650499381572494,25.38569897384227,0,0,2,0,0,3
3990,25,Male,Africa,Upper-Mid,Bachelor,Student,7.6063273401499645,166,441,102,147,6.63605720539198,6.695233294709438,3.583730015839757,4.5543720721433445,3.861851748749654,2.482343441104485,9.680872851514737,27.24854713082412,0,iPhone,72.01802062292282,40.95810963654187,1,0,3,0,3,3
3991,43,Male,North America,Low,High School,Full-time Employee,6.870758121943282,118,247,18,30,4.766157417632821,7.398950017300691,3.722087410284393,6.114404754012596,7.540745050787884,4.287007210768054,6.068639064355272,40.98389669431764,0,iPhone,64.65635493840168,32.04956452674324,1,4,1,1,1,3
3992,21,Male,North America,Lower-Mid,Bachelor,Full-time Employee,3.981795549428069,78,100,142,33,3.730744736722093,7.905081068379858,3.4657562286278267,4.050540398484669,6.334084233525895,1.7059145218987473,8.348721908786096,65.86789030773767,0,Tablet,66.4095021831133,16.600087203905378,1,4,2,0,1,2
3993,20,Female,Africa,Low,High School,Unemployed_Looking,5.524804461990522,90,262,63,186,4.509062791489982,6.108557766879264,2.913204583241733,3.841052481046564,5.9093790296528335,4.173517644247692,5.360311764860765,59.14979395415662,0,Laptop,67.8205774414314,24.88946288420679,0,0,1,1,4,1
3994,15,Female,Africa,Lower-Mid,High School,Student,6.419725040727184,125,515,304,275,2.7906966993060665,6.706550375888289,2.9513038579441506,3.7717974850026463,4.367748712199269,4.637813969605283,8.2483807657669,13.00195549809236,0,Tablet,75.46580617789411,36.03545943184301,0,0,2,1,3,2
3995,20,Male,Middle East,Lower-Mid,Bachelor,Student,11.032030577832312,175,172,129,24,0.9247512321318376,5.0695744110788885,2.8636348673164016,7.983626359006728,14.925036384931254,1.2120668515762747,8.618712665211685,49.03280211735357,0,Tablet,81.11452964418064,42.50465320076082,1,3,2,0,3,2
3996,18,Male,Africa,Low,Bachelor,Part-time/Shift,5.679143457429188,108,347,156,77,2.1308915098619616,7.583080707374407,3.5950811222449977,6.717312279086741,6.309388174462544,4.606172387776776,8.999126629925934,31.18415413376997,0,Android,69.67124644095323,28.814137861722557,1,0,1,0,2,0
3997,38,Female,Europe,Lower-Mid,Bachelor,Full-time Employee,4.944935044600965,74,558,81,211,6.0791093691239855,8.4597458652375,4.597358787366449,3.623925071518728,3.9869690571449614,4.31858180349516,6.303337976996609,17.3342216231641,0,iPhone,73.73338721800613,30.82363804299905,0,2,2,0,1,3
3998,24,Female,Asia,Lower-Mid,Bachelor,Part-time/Shift,3.0687100494955355,102,372,109,148,4.0419786623977725,7.652576952140402,3.9827685047348367,9.910597343168927,2.1102663898824705,9.981410250924595,2.447777385999842,43.420524628205705,1,Laptop,70.03663910306399,22.6220051902076,0,1,2,0,2,1
3999,20,Female,Asia,Lower-Mid,Bachelor,Full-time Employee,4.251270658404932,76,216,211,97,0.042749512401864,6.765917339487089,4.759951709314733,6.066589652801061,1.9485421604883644,1.0,8.827426837402198,67.72731324333516,0,Android,48.27273775448694,19.72833192814923,0,1,2,0,1,0
4000,25,Female,Africa,Upper-Mid,Bachelor,Full-time Employee,9.28651748592263,208,335,144,139,2.682968461322468,7.73619587314794,2.371922041191695,12.44575886539332,9.937051953060225,9.96034577557194,0.4204175095765605,29.12310481160136,1,Android,66.13650248852606,45.64026528042511,0,0,3,0,1,0
